timestamp,inflight
2026-09-19T13:59:24.3432783+09:00,0.0
2026-09-19T13:59:25.8582185+09:00,0.0
2026-09-19T13:59:26.1246406+09:00,0.0
2026-09-19T13:59:26.3761815+09:00,0.0
2026-09-19T13:59:26.6288652+09:00,0.0
2026-09-19T13:59:26.9209604+09:00,0.0
2026-09-19T13:59:27.2518408+09:00,0.0
2026-09-19T13:59:27.5754344+09:00,0.0
2026-09-19T13:59:27.9048122+09:00,0.0
2026-09-19T13:59:28.2322879+09:00,0.0
2026-09-19T13:59:28.5472543+09:00,0.0
2026-09-19T13:59:28.8567326+09:00,0.0
2026-09-19T13:59:29.1952611+09:00,0.0
2026-09-19T13:59:29.5084967+09:00,0.0
2026-09-19T13:59:29.8368252+09:00,0.0
2026-09-19T13:59:30.1427562+09:00,0.0
2026-09-19T13:59:30.4459384+09:00,0.0
2026-09-19T13:59:30.7594028+09:00,0.0
2026-09-19T13:59:31.0881575+09:00,0.0
2026-09-19T13:59:31.4036793+09:00,0.0
2026-09-19T13:59:31.7187188+09:00,0.0
2026-09-19T13:59:32.0480700+09:00,0.0
2026-09-19T13:59:32.3591607+09:00,0.0
2026-09-19T13:59:32.6551443+09:00,0.0
2026-09-19T13:59:32.9678152+09:00,0.0
2026-09-19T13:59:33.2622944+09:00,0.0
2026-09-19T13:59:33.5883066+09:00,0.0
2026-09-19T13:59:33.9171374+09:00,0.0
2026-09-19T13:59:34.2297378+09:00,0.0
2026-09-19T13:59:34.5396309+09:00,0.0
2026-09-19T13:59:34.8518285+09:00,0.0
2026-09-19T13:59:35.1638404+09:00,0.0
2026-09-19T13:59:35.4767133+09:00,0.0
2026-09-19T13:59:35.7735379+09:00,0.0
2026-09-19T13:59:36.0840986+09:00,0.0
2026-09-19T13:59:36.4142600+09:00,0.0
2026-09-19T13:59:36.7396816+09:00,0.0
2026-09-19T13:59:37.0798420+09:00,0.0
2026-09-19T13:59:37.3922555+09:00,0.0
2026-09-19T13:59:37.7047936+09:00,0.0
2026-09-19T13:59:38.0925834+09:00,0.0
2026-09-19T13:59:38.4958777+09:00,0.0
2026-09-19T13:59:39.0922003+09:00,240.0
2026-09-19T13:59:45.2926444+09:00,610.0
2026-09-19T13:59:51.5793322+09:00,899.0
2026-09-19T13:59:59.6827557+09:00,920.0
2026-09-19T14:00:06.8914795+09:00,567.0
2026-09-19T14:00:16.0940043+09:00,300.0
2026-09-19T14:00:22.6602168+09:00,60.0
2026-09-19T14:00:28.0425067+09:00,7.0
2026-09-19T14:00:29.6608814+09:00,0.0
2026-09-19T14:00:30.0468584+09:00,0.0
2026-09-19T14:00:30.3577349+09:00,0.0
2026-09-19T14:00:30.8533086+09:00,0.0
2026-09-19T14:00:31.2585069+09:00,0.0
2026-09-19T14:00:31.5517321+09:00,0.0
2026-09-19T14:00:31.8537816+09:00,0.0
2026-09-19T14:00:32.1427496+09:00,0.0
2026-09-19T14:00:32.4215074+09:00,0.0
2026-09-19T14:00:32.7028604+09:00,0.0
2026-09-19T14:00:32.9834746+09:00,0.0
2026-09-19T14:00:33.2642378+09:00,0.0
2026-09-19T14:00:33.5446253+09:00,0.0
2026-09-19T14:00:33.8263974+09:00,0.0
2026-09-19T14:00:34.1224563+09:00,0.0
2026-09-19T14:00:34.3898161+09:00,0.0
2026-09-19T14:00:34.6514724+09:00,0.0
2026-09-19T14:00:34.9318009+09:00,0.0
2026-09-19T14:00:35.2109927+09:00,0.0
2026-09-19T14:00:35.5088641+09:00,0.0
2026-09-19T14:00:35.7868313+09:00,0.0
2026-09-19T14:00:36.0519808+09:00,0.0
2026-09-19T14:00:36.3360989+09:00,0.0
2026-09-19T14:00:36.6190053+09:00,0.0
2026-09-19T14:00:36.9005220+09:00,0.0
2026-09-19T14:00:37.1817752+09:00,0.0
2026-09-19T14:00:37.4637211+09:00,0.0
2026-09-19T14:00:37.7591554+09:00,0.0
2026-09-19T14:00:38.0370536+09:00,0.0
2026-09-19T14:00:38.3301344+09:00,0.0
2026-09-19T14:00:38.6217139+09:00,0.0
2026-09-19T14:00:38.9013544+09:00,0.0
2026-09-19T14:00:39.1786545+09:00,0.0
2026-09-19T14:00:39.4588957+09:00,0.0
2026-09-19T14:00:39.7500178+09:00,0.0
2026-09-19T14:00:40.0309980+09:00,0.0
2026-09-19T14:00:40.3106991+09:00,0.0
2026-09-19T14:00:40.5889630+09:00,0.0
2026-09-19T14:00:40.8629857+09:00,0.0
2026-09-19T14:00:41.1582128+09:00,0.0
2026-09-19T14:00:41.4414454+09:00,0.0
2026-09-19T14:00:41.6895658+09:00,0.0
2026-09-19T14:00:41.9852163+09:00,0.0
2026-09-19T14:00:42.2663289+09:00,0.0
2026-09-19T14:00:42.5434666+09:00,0.0
2026-09-19T14:00:42.8078491+09:00,0.0
2026-09-19T14:00:43.0915900+09:00,0.0
2026-09-19T14:00:43.3546369+09:00,0.0
2026-09-19T14:00:43.6330744+09:00,0.0
2026-09-19T14:00:43.9114581+09:00,0.0
2026-09-19T14:00:44.1908565+09:00,0.0
2026-09-19T14:00:44.4718095+09:00,0.0
2026-09-19T14:00:44.7377660+09:00,0.0
2026-09-19T14:00:45.0198147+09:00,0.0
2026-09-19T14:00:45.2979239+09:00,0.0
2026-09-19T14:00:45.5770094+09:00,0.0
2026-09-19T14:00:45.8421938+09:00,0.0
2026-09-19T14:00:46.1126718+09:00,0.0
2026-09-19T14:00:46.3915239+09:00,0.0
2026-09-19T14:00:46.6665992+09:00,0.0
2026-09-19T14:00:46.9510958+09:00,0.0
2026-09-19T14:00:47.2335302+09:00,0.0
2026-09-19T14:00:47.5260888+09:00,0.0
2026-09-19T14:00:47.8286592+09:00,0.0
2026-09-19T14:00:48.1066465+09:00,0.0
2026-09-19T14:00:48.3833253+09:00,0.0
2026-09-19T14:00:48.6533295+09:00,0.0
2026-09-19T14:00:48.9322400+09:00,0.0
2026-09-19T14:00:49.2121378+09:00,0.0
2026-09-19T14:00:49.4926126+09:00,0.0
2026-09-19T14:00:49.7720928+09:00,0.0
2026-09-19T14:00:50.0675240+09:00,0.0
2026-09-19T14:00:50.3530389+09:00,0.0
2026-09-19T14:00:50.6180303+09:00,0.0
2026-09-19T14:00:50.8840876+09:00,0.0
2026-09-19T14:00:51.1780802+09:00,0.0
2026-09-19T14:00:51.4419930+09:00,0.0
2026-09-19T14:00:51.7193402+09:00,0.0
2026-09-19T14:00:52.0144538+09:00,0.0
2026-09-19T14:00:52.2781812+09:00,0.0
2026-09-19T14:00:52.5642264+09:00,0.0
2026-09-19T14:00:52.8439753+09:00,0.0
2026-09-19T14:00:53.1088550+09:00,0.0
2026-09-19T14:00:53.3901254+09:00,0.0
2026-09-19T14:00:53.6550177+09:00,0.0
2026-09-19T14:00:53.9355792+09:00,0.0
2026-09-19T14:00:54.2173598+09:00,0.0
2026-09-19T14:00:54.5102240+09:00,0.0
2026-09-19T14:00:54.8213601+09:00,0.0
2026-09-19T14:00:55.0868253+09:00,0.0
2026-09-19T14:00:55.3710784+09:00,0.0
2026-09-19T14:00:55.6538398+09:00,0.0
2026-09-19T14:00:55.9650113+09:00,0.0
2026-09-19T14:00:56.2323498+09:00,0.0
2026-09-19T14:00:56.5116268+09:00,0.0
2026-09-19T14:00:56.8421886+09:00,0.0
2026-09-19T14:00:57.1229399+09:00,0.0
2026-09-19T14:00:57.3838402+09:00,0.0
2026-09-19T14:00:57.6689045+09:00,0.0
2026-09-19T14:00:57.9481575+09:00,0.0
2026-09-19T14:00:58.2262812+09:00,0.0
2026-09-19T14:00:58.4955454+09:00,0.0
2026-09-19T14:00:58.7638718+09:00,0.0
2026-09-19T14:00:59.0424163+09:00,0.0
2026-09-19T14:00:59.3589900+09:00,0.0
2026-09-19T14:00:59.6248432+09:00,0.0
2026-09-19T14:00:59.9139755+09:00,0.0
2026-09-19T14:01:00.1970803+09:00,0.0
2026-09-19T14:01:00.4771657+09:00,0.0
2026-09-19T14:01:00.7574913+09:00,0.0
2026-09-19T14:01:01.0265768+09:00,0.0
2026-09-19T14:01:01.3090873+09:00,0.0
2026-09-19T14:01:01.5767663+09:00,0.0
2026-09-19T14:01:01.8572893+09:00,0.0
2026-09-19T14:01:02.1230592+09:00,0.0
2026-09-19T14:01:02.3892433+09:00,0.0
2026-09-19T14:01:02.6850418+09:00,0.0
2026-09-19T14:01:02.9647121+09:00,0.0
2026-09-19T14:01:03.2458790+09:00,0.0
2026-09-19T14:01:03.5235729+09:00,0.0
2026-09-19T14:01:03.7917058+09:00,0.0
2026-09-19T14:01:04.0711124+09:00,0.0
2026-09-19T14:01:04.3739217+09:00,0.0
2026-09-19T14:01:04.6527926+09:00,0.0
2026-09-19T14:01:04.9355900+09:00,0.0
2026-09-19T14:01:05.2118056+09:00,0.0
2026-09-19T14:01:05.5114377+09:00,0.0
2026-09-19T14:01:05.7804834+09:00,0.0
2026-09-19T14:01:06.0855072+09:00,0.0
2026-09-19T14:01:06.3655755+09:00,0.0
2026-09-19T14:01:06.6296029+09:00,0.0
2026-09-19T14:01:06.8962425+09:00,0.0
2026-09-19T14:01:07.1632602+09:00,0.0
2026-09-19T14:01:07.4433802+09:00,0.0
2026-09-19T14:01:07.7105962+09:00,0.0
2026-09-19T14:01:08.0045943+09:00,0.0
2026-09-19T14:01:08.2846333+09:00,0.0
2026-09-19T14:01:08.5804934+09:00,0.0
2026-09-19T14:01:08.8749091+09:00,0.0
2026-09-19T14:01:09.1657627+09:00,0.0
2026-09-19T14:01:09.4475385+09:00,0.0
2026-09-19T14:01:09.7124031+09:00,0.0
2026-09-19T14:01:10.0078912+09:00,0.0
2026-09-19T14:01:10.2727109+09:00,0.0
2026-09-19T14:01:10.5605755+09:00,0.0
2026-09-19T14:01:10.8428589+09:00,0.0
2026-09-19T14:01:11.1244348+09:00,0.0
2026-09-19T14:01:11.4151047+09:00,0.0
2026-09-19T14:01:11.6852459+09:00,0.0
2026-09-19T14:01:11.9666839+09:00,0.0
2026-09-19T14:01:12.2319002+09:00,0.0
2026-09-19T14:01:12.5117281+09:00,0.0
2026-09-19T14:01:12.8123292+09:00,0.0
2026-09-19T14:01:13.0759925+09:00,0.0
2026-09-19T14:01:13.3584891+09:00,0.0
2026-09-19T14:01:13.6551060+09:00,0.0
2026-09-19T14:01:13.9211813+09:00,0.0
2026-09-19T14:01:14.1880910+09:00,0.0
2026-09-19T14:01:14.4609425+09:00,0.0
2026-09-19T14:01:14.7419666+09:00,0.0
2026-09-19T14:01:15.0221860+09:00,0.0
2026-09-19T14:01:15.3206085+09:00,0.0
2026-09-19T14:01:15.5889794+09:00,0.0
2026-09-19T14:01:15.8641355+09:00,0.0
2026-09-19T14:01:16.1431148+09:00,0.0
2026-09-19T14:01:16.4259921+09:00,0.0
2026-09-19T14:01:16.7228453+09:00,0.0
2026-09-19T14:01:16.9997569+09:00,0.0
2026-09-19T14:01:17.2755615+09:00,0.0
2026-09-19T14:01:17.5764105+09:00,0.0
2026-09-19T14:01:17.8560850+09:00,0.0
2026-09-19T14:01:18.1183683+09:00,0.0
2026-09-19T14:01:18.3977104+09:00,0.0
2026-09-19T14:01:18.6752550+09:00,0.0
2026-09-19T14:01:18.9381558+09:00,0.0
2026-09-19T14:01:19.2318358+09:00,0.0
2026-09-19T14:01:19.5137135+09:00,0.0
2026-09-19T14:01:19.8275766+09:00,0.0
2026-09-19T14:01:20.1047607+09:00,0.0
2026-09-19T14:01:20.3867759+09:00,0.0
2026-09-19T14:01:20.6644668+09:00,0.0
2026-09-19T14:01:20.9441440+09:00,0.0
2026-09-19T14:01:21.2249803+09:00,0.0
2026-09-19T14:01:21.5056196+09:00,0.0
2026-09-19T14:01:21.7580977+09:00,0.0
2026-09-19T14:01:22.0291815+09:00,0.0
2026-09-19T14:01:22.3261059+09:00,0.0
2026-09-19T14:01:22.6053728+09:00,0.0
2026-09-19T14:01:22.8827232+09:00,0.0
2026-09-19T14:01:23.1480616+09:00,0.0
2026-09-19T14:01:23.4376622+09:00,0.0
2026-09-19T14:01:23.7155603+09:00,0.0
2026-09-19T14:01:23.9957312+09:00,0.0
2026-09-19T14:01:24.2632124+09:00,0.0
2026-09-19T14:01:24.5425040+09:00,0.0
2026-09-19T14:01:24.8196972+09:00,0.0
2026-09-19T14:01:25.0995171+09:00,0.0
2026-09-19T14:01:25.3667502+09:00,0.0
2026-09-19T14:01:25.6461560+09:00,0.0
2026-09-19T14:01:25.9263114+09:00,0.0
2026-09-19T14:01:26.2086352+09:00,0.0
2026-09-19T14:01:26.4737930+09:00,0.0
2026-09-19T14:01:26.7553041+09:00,0.0
2026-09-19T14:01:27.0350684+09:00,0.0
2026-09-19T14:01:27.2945496+09:00,0.0
2026-09-19T14:01:27.5951549+09:00,0.0
2026-09-19T14:01:27.8759374+09:00,0.0
2026-09-19T14:01:28.1400980+09:00,0.0
2026-09-19T14:01:28.4168928+09:00,0.0
2026-09-19T14:01:28.6968400+09:00,0.0
2026-09-19T14:01:28.9926634+09:00,0.0
2026-09-19T14:01:29.3187359+09:00,0.0
2026-09-19T14:01:29.5828423+09:00,0.0
2026-09-19T14:01:29.8495832+09:00,0.0
2026-09-19T14:01:30.1450013+09:00,0.0
2026-09-19T14:01:30.4429520+09:00,0.0
2026-09-19T14:01:30.7263357+09:00,0.0
2026-09-19T14:01:31.0114405+09:00,0.0
2026-09-19T14:01:31.2774485+09:00,0.0
2026-09-19T14:01:31.5551350+09:00,0.0
2026-09-19T14:01:31.8530749+09:00,0.0
2026-09-19T14:01:32.1496537+09:00,0.0
2026-09-19T14:01:32.4203846+09:00,0.0
2026-09-19T14:01:32.7383487+09:00,0.0
2026-09-19T14:01:33.0171095+09:00,0.0
2026-09-19T14:01:33.2973974+09:00,0.0
2026-09-19T14:01:33.5692117+09:00,0.0
2026-09-19T14:01:33.8495756+09:00,0.0
2026-09-19T14:01:34.1129572+09:00,0.0
2026-09-19T14:01:34.3954675+09:00,0.0
2026-09-19T14:01:34.6726752+09:00,0.0
2026-09-19T14:01:34.9699838+09:00,0.0
2026-09-19T14:01:35.2645805+09:00,0.0
2026-09-19T14:01:35.5271700+09:00,0.0
2026-09-19T14:01:35.7952268+09:00,0.0
2026-09-19T14:01:36.0716404+09:00,0.0
2026-09-19T14:01:36.3521085+09:00,0.0
2026-09-19T14:01:36.6210760+09:00,0.0
2026-09-19T14:01:36.8891425+09:00,0.0
2026-09-19T14:01:37.1703512+09:00,0.0
2026-09-19T14:01:37.4500340+09:00,0.0
2026-09-19T14:01:37.7123994+09:00,0.0
2026-09-19T14:01:37.9961034+09:00,0.0
2026-09-19T14:01:38.2649912+09:00,0.0
2026-09-19T14:01:38.5451216+09:00,0.0
2026-09-19T14:01:38.8434793+09:00,0.0
2026-09-19T14:01:39.1398211+09:00,0.0
2026-09-19T14:01:39.4067119+09:00,0.0
2026-09-19T14:01:39.6993817+09:00,0.0
2026-09-19T14:01:39.9795709+09:00,0.0
2026-09-19T14:01:40.2861794+09:00,0.0
2026-09-19T14:01:40.5685169+09:00,0.0
2026-09-19T14:01:40.8634354+09:00,0.0
2026-09-19T14:01:41.1452155+09:00,0.0
2026-09-19T14:01:41.4246029+09:00,0.0
2026-09-19T14:01:41.7083185+09:00,0.0
2026-09-19T14:01:41.9864542+09:00,0.0
2026-09-19T14:01:42.2691941+09:00,0.0
2026-09-19T14:01:42.5946348+09:00,0.0
2026-09-19T14:01:42.8898189+09:00,0.0
2026-09-19T14:01:43.1675371+09:00,0.0
2026-09-19T14:01:43.4656613+09:00,0.0
2026-09-19T14:01:43.7475536+09:00,0.0
2026-09-19T14:01:44.0256820+09:00,0.0
2026-09-19T14:01:44.3004247+09:00,0.0
2026-09-19T14:01:44.5678265+09:00,0.0
2026-09-19T14:01:44.8337741+09:00,0.0
2026-09-19T14:01:45.1284738+09:00,0.0
2026-09-19T14:01:45.4097386+09:00,0.0
2026-09-19T14:01:45.6918966+09:00,0.0
2026-09-19T14:01:45.9686135+09:00,0.0
2026-09-19T14:01:46.2697741+09:00,0.0
2026-09-19T14:01:46.5497732+09:00,0.0
2026-09-19T14:01:46.8146337+09:00,0.0
2026-09-19T14:01:47.0928514+09:00,0.0
2026-09-19T14:01:47.3555267+09:00,0.0
2026-09-19T14:01:47.6376586+09:00,0.0
2026-09-19T14:01:47.9376632+09:00,0.0
2026-09-19T14:01:48.2163845+09:00,0.0
2026-09-19T14:01:48.4976514+09:00,0.0
2026-09-19T14:01:48.7770128+09:00,0.0
2026-09-19T14:01:49.0427437+09:00,0.0
2026-09-19T14:01:49.3230761+09:00,0.0
2026-09-19T14:01:49.5927416+09:00,0.0
2026-09-19T14:01:49.8588668+09:00,0.0
2026-09-19T14:01:50.1405637+09:00,0.0
2026-09-19T14:01:50.4115783+09:00,0.0
2026-09-19T14:01:50.6852389+09:00,0.0
2026-09-19T14:01:50.9641537+09:00,0.0
2026-09-19T14:01:51.2627869+09:00,0.0
2026-09-19T14:01:51.5476938+09:00,0.0
2026-09-19T14:01:51.8292375+09:00,0.0
2026-09-19T14:01:52.1503621+09:00,0.0
2026-09-19T14:01:52.4323046+09:00,0.0
2026-09-19T14:01:52.7101411+09:00,0.0
2026-09-19T14:01:52.9903231+09:00,0.0
2026-09-19T14:01:53.2688863+09:00,0.0
2026-09-19T14:01:53.5486750+09:00,0.0
2026-09-19T14:01:53.8300426+09:00,0.0
2026-09-19T14:01:54.1106382+09:00,0.0
2026-09-19T14:01:54.3918890+09:00,0.0
2026-09-19T14:01:54.6705797+09:00,0.0
2026-09-19T14:01:54.9523334+09:00,0.0
2026-09-19T14:01:55.2335109+09:00,0.0
2026-09-19T14:01:55.4888258+09:00,0.0
2026-09-19T14:01:55.7696824+09:00,0.0
2026-09-19T14:01:56.0401844+09:00,0.0
2026-09-19T14:01:56.3174407+09:00,0.0
2026-09-19T14:01:56.5996598+09:00,0.0
2026-09-19T14:01:56.8957658+09:00,0.0
2026-09-19T14:01:57.1759248+09:00,0.0
2026-09-19T14:01:57.4445909+09:00,0.0
2026-09-19T14:01:57.7209375+09:00,0.0
2026-09-19T14:01:58.0190630+09:00,0.0
2026-09-19T14:01:58.2999952+09:00,0.0
2026-09-19T14:01:58.5654805+09:00,0.0
2026-09-19T14:01:58.8592744+09:00,0.0
2026-09-19T14:01:59.1514167+09:00,0.0
2026-09-19T14:01:59.4136458+09:00,0.0
2026-09-19T14:01:59.7001198+09:00,0.0
2026-09-19T14:01:59.9799617+09:00,0.0
2026-09-19T14:02:00.2745079+09:00,0.0
2026-09-19T14:02:00.5399597+09:00,0.0
2026-09-19T14:02:00.8340980+09:00,0.0
2026-09-19T14:02:01.1159301+09:00,0.0
2026-09-19T14:02:01.3951680+09:00,0.0
2026-09-19T14:02:01.6802811+09:00,0.0
2026-09-19T14:02:01.9609223+09:00,0.0
2026-09-19T14:02:02.2407437+09:00,0.0
2026-09-19T14:02:02.5423192+09:00,0.0
2026-09-19T14:02:02.8267276+09:00,0.0
2026-09-19T14:02:03.0952471+09:00,0.0
2026-09-19T14:02:03.3742565+09:00,0.0
2026-09-19T14:02:03.6531322+09:00,0.0
2026-09-19T14:02:03.9327082+09:00,0.0
2026-09-19T14:02:04.2132616+09:00,0.0
2026-09-19T14:02:04.4622275+09:00,0.0
2026-09-19T14:02:04.7118167+09:00,0.0
2026-09-19T14:02:05.0077820+09:00,0.0
2026-09-19T14:02:05.2930319+09:00,0.0
2026-09-19T14:02:05.5728929+09:00,0.0
2026-09-19T14:02:05.8583660+09:00,0.0
2026-09-19T14:02:06.1602483+09:00,0.0
2026-09-19T14:02:06.4248154+09:00,0.0
2026-09-19T14:02:06.7073369+09:00,0.0
2026-09-19T14:02:06.9788572+09:00,0.0
2026-09-19T14:02:07.2442424+09:00,0.0
2026-09-19T14:02:07.5415123+09:00,0.0
2026-09-19T14:02:07.8141687+09:00,0.0
2026-09-19T14:02:08.0889372+09:00,0.0
2026-09-19T14:02:08.3682479+09:00,0.0
2026-09-19T14:02:08.6388779+09:00,0.0
2026-09-19T14:02:08.9134179+09:00,0.0
2026-09-19T14:02:09.1798312+09:00,0.0
2026-09-19T14:02:09.4449907+09:00,0.0
2026-09-19T14:02:09.7079805+09:00,0.0
2026-09-19T14:02:09.9768277+09:00,0.0
2026-09-19T14:02:10.2566044+09:00,0.0
2026-09-19T14:02:10.5224745+09:00,0.0
2026-09-19T14:02:10.7867770+09:00,0.0
2026-09-19T14:02:11.0694542+09:00,0.0
2026-09-19T14:02:11.3351308+09:00,0.0
2026-09-19T14:02:11.6175614+09:00,0.0
2026-09-19T14:02:11.9300618+09:00,0.0
2026-09-19T14:02:12.2097063+09:00,0.0
2026-09-19T14:02:12.4914919+09:00,0.0
2026-09-19T14:02:12.7718153+09:00,0.0
2026-09-19T14:02:13.0518574+09:00,0.0
2026-09-19T14:02:13.3306531+09:00,0.0
2026-09-19T14:02:13.6132214+09:00,0.0
2026-09-19T14:02:13.9089488+09:00,0.0
2026-09-19T14:02:14.1890758+09:00,0.0
2026-09-19T14:02:14.4690548+09:00,0.0
2026-09-19T14:02:14.7352256+09:00,0.0
2026-09-19T14:02:14.9909563+09:00,0.0
2026-09-19T14:02:15.2730226+09:00,0.0
2026-09-19T14:02:15.5390919+09:00,0.0
2026-09-19T14:02:15.7893215+09:00,0.0
2026-09-19T14:02:16.0564256+09:00,0.0
2026-09-19T14:02:16.3357345+09:00,0.0
2026-09-19T14:02:16.6156816+09:00,0.0
2026-09-19T14:02:16.8979877+09:00,0.0
2026-09-19T14:02:17.1931282+09:00,0.0
2026-09-19T14:02:17.4729238+09:00,0.0
2026-09-19T14:02:17.7544760+09:00,0.0
2026-09-19T14:02:18.0510960+09:00,0.0
2026-09-19T14:02:18.3393954+09:00,0.0
2026-09-19T14:02:18.6548982+09:00,0.0
2026-09-19T14:02:18.9561598+09:00,0.0
2026-09-19T14:02:19.2243347+09:00,0.0
2026-09-19T14:02:19.4781268+09:00,0.0
2026-09-19T14:02:19.7490313+09:00,0.0
2026-09-19T14:02:20.0582039+09:00,0.0
2026-09-19T14:02:20.3444579+09:00,0.0
2026-09-19T14:02:20.6150134+09:00,0.0
2026-09-19T14:02:20.9019249+09:00,0.0
2026-09-19T14:02:21.1718497+09:00,0.0
2026-09-19T14:02:21.4596886+09:00,0.0
2026-09-19T14:02:21.6986502+09:00,0.0
2026-09-19T14:02:21.9838884+09:00,0.0
2026-09-19T14:02:22.2536662+09:00,0.0
2026-09-19T14:02:22.5247715+09:00,0.0
2026-09-19T14:02:22.8123687+09:00,0.0
2026-09-19T14:02:23.1002879+09:00,0.0
2026-09-19T14:02:23.4025628+09:00,0.0
2026-09-19T14:02:23.6894552+09:00,0.0
2026-09-19T14:02:24.0089036+09:00,0.0
2026-09-19T14:02:24.2626464+09:00,0.0
2026-09-19T14:02:24.5500849+09:00,0.0
2026-09-19T14:02:24.8344151+09:00,0.0
2026-09-19T14:02:25.1330770+09:00,0.0
2026-09-19T14:02:25.4026305+09:00,0.0
2026-09-19T14:02:25.6407024+09:00,0.0
2026-09-19T14:02:25.9748349+09:00,0.0
2026-09-19T14:02:26.2619535+09:00,0.0
2026-09-19T14:02:26.5007627+09:00,0.0
2026-09-19T14:02:26.7869934+09:00,0.0
2026-09-19T14:02:27.0717893+09:00,0.0
2026-09-19T14:02:27.3423388+09:00,0.0
2026-09-19T14:02:27.6132579+09:00,0.0
2026-09-19T14:02:27.8998943+09:00,0.0
2026-09-19T14:02:28.1705633+09:00,0.0
2026-09-19T14:02:28.4532394+09:00,0.0
2026-09-19T14:02:28.7377502+09:00,0.0
2026-09-19T14:02:29.0220080+09:00,0.0
2026-09-19T14:02:29.2930745+09:00,0.0
2026-09-19T14:02:29.5724460+09:00,0.0
2026-09-19T14:02:29.8513400+09:00,0.0
2026-09-19T14:02:30.1065411+09:00,0.0
2026-09-19T14:02:30.3711760+09:00,0.0
2026-09-19T14:02:30.6687042+09:00,0.0
2026-09-19T14:02:30.9485326+09:00,0.0
2026-09-19T14:02:31.2226997+09:00,0.0
2026-09-19T14:02:31.5008567+09:00,0.0
2026-09-19T14:02:31.7806540+09:00,0.0
2026-09-19T14:02:32.0645769+09:00,0.0
2026-09-19T14:02:32.3450758+09:00,0.0
2026-09-19T14:02:32.6251624+09:00,0.0
2026-09-19T14:02:32.9064704+09:00,0.0
2026-09-19T14:02:33.1860569+09:00,0.0
2026-09-19T14:02:33.4676357+09:00,0.0
2026-09-19T14:02:33.7438719+09:00,0.0
2026-09-19T14:02:34.0150442+09:00,0.0
2026-09-19T14:02:34.2817963+09:00,0.0
2026-09-19T14:02:34.5732808+09:00,0.0
2026-09-19T14:02:34.8557285+09:00,0.0
2026-09-19T14:02:35.1486781+09:00,0.0
2026-09-19T14:02:35.4281443+09:00,0.0
2026-09-19T14:02:35.7123823+09:00,0.0
2026-09-19T14:02:35.9780742+09:00,0.0
2026-09-19T14:02:36.2573416+09:00,0.0
2026-09-19T14:02:36.5227905+09:00,0.0
2026-09-19T14:02:36.7976603+09:00,0.0
2026-09-19T14:02:37.0809884+09:00,0.0
2026-09-19T14:02:37.3444165+09:00,0.0
2026-09-19T14:02:37.6066672+09:00,0.0
2026-09-19T14:02:37.8916585+09:00,0.0
2026-09-19T14:02:38.1690690+09:00,0.0
2026-09-19T14:02:38.4481764+09:00,0.0
2026-09-19T14:02:38.6941893+09:00,0.0
2026-09-19T14:02:38.9685565+09:00,0.0
2026-09-19T14:02:39.2793451+09:00,0.0
2026-09-19T14:02:39.5605206+09:00,0.0
2026-09-19T14:02:39.8549568+09:00,0.0
2026-09-19T14:02:40.1360485+09:00,0.0
2026-09-19T14:02:40.4172825+09:00,0.0
2026-09-19T14:02:40.6841635+09:00,0.0
2026-09-19T14:02:40.9821087+09:00,0.0
2026-09-19T14:02:41.2799079+09:00,0.0
2026-09-19T14:02:41.5861213+09:00,0.0
2026-09-19T14:02:41.8679726+09:00,0.0
2026-09-19T14:02:42.1330447+09:00,0.0
2026-09-19T14:02:42.4129979+09:00,0.0
2026-09-19T14:02:42.6784213+09:00,0.0
2026-09-19T14:02:42.9730300+09:00,0.0
2026-09-19T14:02:43.2540794+09:00,0.0
2026-09-19T14:02:43.5342348+09:00,0.0
2026-09-19T14:02:43.8025810+09:00,0.0
2026-09-19T14:02:44.0912885+09:00,0.0
2026-09-19T14:02:44.3711181+09:00,0.0
2026-09-19T14:02:44.6517650+09:00,0.0
2026-09-19T14:02:44.9317423+09:00,0.0
2026-09-19T14:02:45.1964911+09:00,0.0
2026-09-19T14:02:45.4469864+09:00,0.0
2026-09-19T14:02:45.7213855+09:00,0.0
2026-09-19T14:02:46.0038257+09:00,0.0
2026-09-19T14:02:46.2830609+09:00,0.0
2026-09-19T14:02:46.5462049+09:00,0.0
2026-09-19T14:02:46.8272383+09:00,0.0
2026-09-19T14:02:47.0993480+09:00,0.0
2026-09-19T14:02:47.3775449+09:00,0.0
2026-09-19T14:02:47.6591355+09:00,0.0
2026-09-19T14:02:47.9280102+09:00,0.0
2026-09-19T14:02:48.2072168+09:00,0.0
2026-09-19T14:02:48.4727538+09:00,0.0
2026-09-19T14:02:48.7517062+09:00,0.0
2026-09-19T14:02:49.0329678+09:00,0.0
2026-09-19T14:02:49.3129523+09:00,0.0
2026-09-19T14:02:49.5925293+09:00,0.0
2026-09-19T14:02:49.8469664+09:00,0.0
2026-09-19T14:02:50.1283318+09:00,0.0
2026-09-19T14:02:50.3933869+09:00,0.0
2026-09-19T14:02:50.6718433+09:00,0.0
2026-09-19T14:02:50.9659617+09:00,0.0
2026-09-19T14:02:51.2439297+09:00,0.0
2026-09-19T14:02:51.5187799+09:00,0.0
2026-09-19T14:02:51.7835529+09:00,0.0
2026-09-19T14:02:52.0648412+09:00,0.0
2026-09-19T14:02:52.3316260+09:00,0.0
2026-09-19T14:02:52.6000839+09:00,0.0
2026-09-19T14:02:52.8675585+09:00,0.0
2026-09-19T14:02:53.1346217+09:00,0.0
2026-09-19T14:02:53.4154173+09:00,0.0
2026-09-19T14:02:53.6814336+09:00,0.0
2026-09-19T14:02:53.9536524+09:00,0.0
2026-09-19T14:02:54.2192124+09:00,0.0
2026-09-19T14:02:54.5009464+09:00,0.0
2026-09-19T14:02:54.7680834+09:00,0.0
2026-09-19T14:02:55.0725196+09:00,0.0
2026-09-19T14:02:55.3413181+09:00,0.0
2026-09-19T14:02:55.5905300+09:00,0.0
2026-09-19T14:02:55.8718846+09:00,0.0
2026-09-19T14:02:56.1553294+09:00,0.0
2026-09-19T14:02:56.4376134+09:00,0.0
2026-09-19T14:02:56.7113500+09:00,0.0
2026-09-19T14:02:57.0075189+09:00,0.0
2026-09-19T14:02:57.3189497+09:00,0.0
2026-09-19T14:02:57.6067727+09:00,0.0
2026-09-19T14:02:57.9326093+09:00,0.0
2026-09-19T14:02:58.1990239+09:00,0.0
2026-09-19T14:02:58.4624524+09:00,0.0
2026-09-19T14:02:58.7481181+09:00,0.0
2026-09-19T14:02:59.0154556+09:00,0.0
2026-09-19T14:02:59.2915622+09:00,0.0
2026-09-19T14:02:59.5684984+09:00,0.0
2026-09-19T14:02:59.8521516+09:00,0.0
2026-09-19T14:03:00.1165249+09:00,0.0
2026-09-19T14:03:00.3802447+09:00,0.0
2026-09-19T14:03:00.6304977+09:00,0.0
2026-09-19T14:03:00.9132284+09:00,0.0
2026-09-19T14:03:01.2059064+09:00,0.0
2026-09-19T14:03:01.5052113+09:00,0.0
2026-09-19T14:03:01.7827202+09:00,0.0
2026-09-19T14:03:02.0604238+09:00,0.0
2026-09-19T14:03:02.3403165+09:00,0.0
2026-09-19T14:03:02.6532208+09:00,0.0
2026-09-19T14:03:02.9333408+09:00,0.0
2026-09-19T14:03:03.2217271+09:00,0.0
2026-09-19T14:03:03.4880855+09:00,0.0
2026-09-19T14:03:03.7382038+09:00,0.0
2026-09-19T14:03:04.0174256+09:00,0.0
2026-09-19T14:03:04.3151819+09:00,0.0
2026-09-19T14:03:04.5974081+09:00,0.0
2026-09-19T14:03:04.8782065+09:00,0.0
2026-09-19T14:03:05.1737791+09:00,0.0
2026-09-19T14:03:05.4565036+09:00,0.0
2026-09-19T14:03:05.7309154+09:00,0.0
2026-09-19T14:03:06.0083107+09:00,0.0
2026-09-19T14:03:06.2889353+09:00,0.0
2026-09-19T14:03:06.5706232+09:00,0.0
2026-09-19T14:03:06.8522214+09:00,0.0
2026-09-19T14:03:07.1485480+09:00,0.0
2026-09-19T14:03:07.4282001+09:00,0.0
2026-09-19T14:03:07.6946038+09:00,0.0
2026-09-19T14:03:07.9918952+09:00,0.0
2026-09-19T14:03:08.2848700+09:00,0.0
2026-09-19T14:03:08.5502857+09:00,0.0
2026-09-19T14:03:08.8409290+09:00,0.0
2026-09-19T14:03:09.1331223+09:00,0.0
2026-09-19T14:03:09.3985163+09:00,0.0
2026-09-19T14:03:09.6774172+09:00,0.0
2026-09-19T14:03:09.9573650+09:00,0.0
2026-09-19T14:03:10.2398156+09:00,0.0
2026-09-19T14:03:10.5079268+09:00,0.0
2026-09-19T14:03:10.7868407+09:00,0.0
2026-09-19T14:03:11.0526625+09:00,0.0
2026-09-19T14:03:11.3344204+09:00,0.0
2026-09-19T14:03:11.6001898+09:00,0.0
2026-09-19T14:03:11.8916767+09:00,0.0
2026-09-19T14:03:12.1703411+09:00,0.0
2026-09-19T14:03:12.4363096+09:00,0.0
2026-09-19T14:03:12.7086258+09:00,0.0
2026-09-19T14:03:12.9752654+09:00,0.0
2026-09-19T14:03:13.2548658+09:00,0.0
2026-09-19T14:03:13.5051226+09:00,0.0
2026-09-19T14:03:13.7873003+09:00,0.0
2026-09-19T14:03:14.0533976+09:00,0.0
2026-09-19T14:03:14.3505388+09:00,0.0
2026-09-19T14:03:14.6340123+09:00,0.0
2026-09-19T14:03:14.8980677+09:00,0.0
2026-09-19T14:03:15.1775642+09:00,0.0
2026-09-19T14:03:15.4414385+09:00,0.0
2026-09-19T14:03:15.7062510+09:00,0.0
2026-09-19T14:03:15.9571901+09:00,0.0
2026-09-19T14:03:16.2270131+09:00,0.0
2026-09-19T14:03:16.4902109+09:00,0.0
2026-09-19T14:03:16.7372635+09:00,0.0
2026-09-19T14:03:17.0478712+09:00,0.0
2026-09-19T14:03:17.3297217+09:00,0.0
2026-09-19T14:03:17.6122162+09:00,0.0
2026-09-19T14:03:17.8795219+09:00,0.0
2026-09-19T14:03:18.1589876+09:00,0.0
2026-09-19T14:03:18.4412801+09:00,0.0
2026-09-19T14:03:18.7075219+09:00,0.0
2026-09-19T14:03:18.9840947+09:00,0.0
2026-09-19T14:03:19.2484317+09:00,0.0
2026-09-19T14:03:19.5442904+09:00,0.0
2026-09-19T14:03:19.8246463+09:00,0.0
2026-09-19T14:03:20.0888841+09:00,0.0
2026-09-19T14:03:20.3691421+09:00,0.0
2026-09-19T14:03:20.6367905+09:00,0.0
2026-09-19T14:03:20.8989995+09:00,0.0
2026-09-19T14:03:21.1641595+09:00,0.0
2026-09-19T14:03:21.4596173+09:00,0.0
2026-09-19T14:03:21.7238624+09:00,0.0
2026-09-19T14:03:22.0200914+09:00,0.0
2026-09-19T14:03:22.2973115+09:00,0.0
2026-09-19T14:03:22.5492080+09:00,0.0
2026-09-19T14:03:22.8301386+09:00,0.0
2026-09-19T14:03:23.1128247+09:00,0.0
2026-09-19T14:03:23.4047836+09:00,0.0
2026-09-19T14:03:23.6999741+09:00,0.0
2026-09-19T14:03:23.9793880+09:00,0.0
2026-09-19T14:03:24.2452869+09:00,0.0
2026-09-19T14:03:24.5184476+09:00,0.0
2026-09-19T14:03:24.8000059+09:00,0.0
2026-09-19T14:03:25.0935762+09:00,0.0
2026-09-19T14:03:25.3738708+09:00,0.0
2026-09-19T14:03:25.6396963+09:00,0.0
2026-09-19T14:03:25.9200887+09:00,0.0
2026-09-19T14:03:26.1998562+09:00,0.0
2026-09-19T14:03:26.4796990+09:00,0.0
2026-09-19T14:03:26.7289160+09:00,0.0
2026-09-19T14:03:27.0088840+09:00,0.0
2026-09-19T14:03:27.2905860+09:00,0.0
2026-09-19T14:03:27.5714339+09:00,0.0
2026-09-19T14:03:27.8522723+09:00,0.0
2026-09-19T14:03:28.1458188+09:00,0.0
2026-09-19T14:03:28.4193850+09:00,0.0
2026-09-19T14:03:28.6998256+09:00,0.0
2026-09-19T14:03:28.9798921+09:00,0.0
2026-09-19T14:03:29.2442465+09:00,0.0
2026-09-19T14:03:29.5239533+09:00,0.0
2026-09-19T14:03:29.8046589+09:00,0.0
2026-09-19T14:03:30.0860785+09:00,0.0
2026-09-19T14:03:30.3660764+09:00,0.0
2026-09-19T14:03:30.6604549+09:00,0.0
2026-09-19T14:03:30.9449208+09:00,0.0
2026-09-19T14:03:31.2243165+09:00,0.0
2026-09-19T14:03:31.5043203+09:00,0.0
2026-09-19T14:03:31.7873140+09:00,0.0
2026-09-19T14:03:32.0640146+09:00,0.0
2026-09-19T14:03:32.3443145+09:00,0.0
2026-09-19T14:03:32.6251936+09:00,0.0
2026-09-19T14:03:32.8905415+09:00,0.0
2026-09-19T14:03:33.1567786+09:00,0.0
2026-09-19T14:03:33.4350678+09:00,0.0
2026-09-19T14:03:33.7129743+09:00,0.0
2026-09-19T14:03:33.9827592+09:00,0.0
2026-09-19T14:03:34.2496710+09:00,0.0
2026-09-19T14:03:34.5142474+09:00,0.0
2026-09-19T14:03:34.7941474+09:00,0.0
2026-09-19T14:03:35.0888246+09:00,0.0
2026-09-19T14:03:35.3694255+09:00,0.0
2026-09-19T14:03:35.6345864+09:00,0.0
2026-09-19T14:03:35.8967683+09:00,0.0
2026-09-19T14:03:36.1818362+09:00,0.0
2026-09-19T14:03:36.4306860+09:00,0.0
2026-09-19T14:03:36.7128557+09:00,0.0
2026-09-19T14:03:36.9869601+09:00,0.0
2026-09-19T14:03:37.2694827+09:00,0.0
2026-09-19T14:03:37.5693327+09:00,0.0
2026-09-19T14:03:37.8395415+09:00,0.0
2026-09-19T14:03:38.1224995+09:00,0.0
2026-09-19T14:03:38.4184437+09:00,0.0
2026-09-19T14:03:38.7150066+09:00,0.0
2026-09-19T14:03:38.9950788+09:00,0.0
2026-09-19T14:03:39.2586734+09:00,0.0
2026-09-19T14:03:39.5361488+09:00,0.0
2026-09-19T14:03:39.8105200+09:00,0.0
2026-09-19T14:03:40.0963021+09:00,0.0
2026-09-19T14:03:40.3774256+09:00,0.0
2026-09-19T14:03:40.6549997+09:00,0.0
2026-09-19T14:03:40.9351327+09:00,0.0
2026-09-19T14:03:41.2012659+09:00,0.0
2026-09-19T14:03:41.4669681+09:00,0.0
2026-09-19T14:03:41.7450277+09:00,0.0
2026-09-19T14:03:42.0413243+09:00,0.0
2026-09-19T14:03:42.2906127+09:00,0.0
2026-09-19T14:03:42.5719148+09:00,0.0
2026-09-19T14:03:42.8519720+09:00,0.0
2026-09-19T14:03:43.1337378+09:00,0.0
2026-09-19T14:03:43.4092811+09:00,0.0
2026-09-19T14:03:43.6610856+09:00,0.0
2026-09-19T14:03:43.9415685+09:00,0.0
2026-09-19T14:03:44.2384100+09:00,0.0
2026-09-19T14:03:44.5178015+09:00,0.0
2026-09-19T14:03:44.7976446+09:00,0.0
2026-09-19T14:03:45.0880891+09:00,0.0
2026-09-19T14:03:45.3698112+09:00,0.0
2026-09-19T14:03:45.6521224+09:00,0.0
2026-09-19T14:03:45.9310471+09:00,0.0
2026-09-19T14:03:46.2165787+09:00,0.0
2026-09-19T14:03:46.4784470+09:00,0.0
2026-09-19T14:03:46.7693089+09:00,0.0
2026-09-19T14:03:47.0632344+09:00,0.0
2026-09-19T14:03:47.3419565+09:00,0.0
2026-09-19T14:03:47.6083859+09:00,0.0
2026-09-19T14:03:47.8957643+09:00,0.0
2026-09-19T14:03:48.1788638+09:00,0.0
2026-09-19T14:03:48.4452951+09:00,0.0
2026-09-19T14:03:48.7240241+09:00,0.0
2026-09-19T14:03:49.0195444+09:00,0.0
2026-09-19T14:03:49.3158064+09:00,0.0
2026-09-19T14:03:49.5947357+09:00,0.0
2026-09-19T14:03:49.8577688+09:00,0.0
2026-09-19T14:03:50.1237596+09:00,0.0
2026-09-19T14:03:50.4051581+09:00,0.0
2026-09-19T14:03:50.7024747+09:00,0.0
2026-09-19T14:03:50.9767544+09:00,0.0
2026-09-19T14:03:51.2572615+09:00,0.0
2026-09-19T14:03:51.5354226+09:00,0.0
2026-09-19T14:03:51.8013365+09:00,0.0
2026-09-19T14:03:52.0744856+09:00,0.0
2026-09-19T14:03:52.3443615+09:00,0.0
2026-09-19T14:03:52.6118315+09:00,0.0
2026-09-19T14:03:52.8930799+09:00,0.0
2026-09-19T14:03:53.1761067+09:00,0.0
2026-09-19T14:03:53.4583737+09:00,0.0
2026-09-19T14:03:53.7428270+09:00,0.0
2026-09-19T14:03:54.0200718+09:00,0.0
2026-09-19T14:03:54.2867224+09:00,0.0
2026-09-19T14:03:54.5583475+09:00,0.0
2026-09-19T14:03:54.8615530+09:00,0.0
2026-09-19T14:03:55.1605932+09:00,0.0
2026-09-19T14:03:55.4419309+09:00,0.0
2026-09-19T14:03:55.6772238+09:00,0.0
2026-09-19T14:03:55.9681689+09:00,0.0
2026-09-19T14:03:56.2938358+09:00,0.0
2026-09-19T14:03:56.5905211+09:00,0.0
2026-09-19T14:03:56.8560454+09:00,0.0
2026-09-19T14:03:57.1343261+09:00,0.0
2026-09-19T14:03:57.4235387+09:00,0.0
2026-09-19T14:03:57.6934523+09:00,0.0
2026-09-19T14:03:57.9933130+09:00,0.0
2026-09-19T14:03:58.2616195+09:00,0.0
2026-09-19T14:03:58.5093607+09:00,0.0
2026-09-19T14:03:58.7895422+09:00,0.0
2026-09-19T14:03:59.0718687+09:00,0.0
2026-09-19T14:03:59.3502653+09:00,0.0
2026-09-19T14:03:59.6306441+09:00,0.0
2026-09-19T14:03:59.9097906+09:00,0.0
2026-09-19T14:04:00.1880507+09:00,0.0
2026-09-19T14:04:00.4365903+09:00,0.0
2026-09-19T14:04:00.6729457+09:00,0.0
2026-09-19T14:04:00.9594379+09:00,0.0
2026-09-19T14:04:01.2297795+09:00,0.0
2026-09-19T14:04:01.5085651+09:00,0.0
2026-09-19T14:04:01.7727987+09:00,0.0
2026-09-19T14:04:02.0704221+09:00,0.0
2026-09-19T14:04:02.3465108+09:00,0.0
2026-09-19T14:04:02.6255903+09:00,0.0
2026-09-19T14:04:02.9124330+09:00,0.0
2026-09-19T14:04:03.1932719+09:00,0.0
2026-09-19T14:04:03.4927402+09:00,0.0
2026-09-19T14:04:03.7912705+09:00,0.0
2026-09-19T14:04:04.0700333+09:00,0.0
2026-09-19T14:04:04.3514980+09:00,0.0
2026-09-19T14:04:04.6270162+09:00,0.0
2026-09-19T14:04:04.8770425+09:00,0.0
2026-09-19T14:04:05.1599287+09:00,0.0
2026-09-19T14:04:05.4407487+09:00,0.0
2026-09-19T14:04:05.7180257+09:00,0.0
2026-09-19T14:04:06.0522259+09:00,0.0
2026-09-19T14:04:06.3163020+09:00,0.0
2026-09-19T14:04:06.5957883+09:00,0.0
2026-09-19T14:04:06.8622420+09:00,0.0
2026-09-19T14:04:07.1257648+09:00,0.0
2026-09-19T14:04:07.3880301+09:00,0.0
2026-09-19T14:04:07.6638119+09:00,0.0
2026-09-19T14:04:07.9607734+09:00,0.0
2026-09-19T14:04:08.2252620+09:00,0.0
2026-09-19T14:04:08.5058202+09:00,0.0
2026-09-19T14:04:08.7861773+09:00,0.0
2026-09-19T14:04:09.0555960+09:00,0.0
2026-09-19T14:04:09.3331970+09:00,0.0
2026-09-19T14:04:09.5932920+09:00,0.0
2026-09-19T14:04:09.9054568+09:00,0.0
2026-09-19T14:04:10.1789430+09:00,0.0
2026-09-19T14:04:10.4933740+09:00,0.0
2026-09-19T14:04:10.8040421+09:00,0.0
2026-09-19T14:04:11.0950002+09:00,0.0
2026-09-19T14:04:11.3772008+09:00,0.0
2026-09-19T14:04:11.6469046+09:00,0.0
2026-09-19T14:04:11.9138831+09:00,0.0
2026-09-19T14:04:12.1915145+09:00,0.0
2026-09-19T14:04:12.4776312+09:00,0.0
2026-09-19T14:04:12.7422946+09:00,0.0
2026-09-19T14:04:12.9944652+09:00,0.0
2026-09-19T14:04:13.2785548+09:00,0.0
2026-09-19T14:04:13.5502754+09:00,0.0
2026-09-19T14:04:13.8288504+09:00,0.0
2026-09-19T14:04:14.1443822+09:00,0.0
2026-09-19T14:04:14.4274964+09:00,0.0
2026-09-19T14:04:14.7142191+09:00,0.0
2026-09-19T14:04:14.9916473+09:00,0.0
2026-09-19T14:04:15.2431307+09:00,0.0
2026-09-19T14:04:15.5218710+09:00,0.0
2026-09-19T14:04:15.8177199+09:00,0.0
2026-09-19T14:04:16.0956757+09:00,0.0
2026-09-19T14:04:16.3804653+09:00,0.0
2026-09-19T14:04:16.6634538+09:00,0.0
2026-09-19T14:04:16.9565413+09:00,0.0
2026-09-19T14:04:17.2427588+09:00,0.0
2026-09-19T14:04:17.5231667+09:00,0.0
2026-09-19T14:04:17.8019455+09:00,0.0
2026-09-19T14:04:18.0663483+09:00,0.0
2026-09-19T14:04:18.3473801+09:00,0.0
2026-09-19T14:04:18.6141518+09:00,0.0
2026-09-19T14:04:18.8944159+09:00,0.0
2026-09-19T14:04:19.1626797+09:00,0.0
2026-09-19T14:04:19.4285747+09:00,0.0
2026-09-19T14:04:19.7084948+09:00,0.0
2026-09-19T14:04:20.0121358+09:00,0.0
2026-09-19T14:04:20.2800920+09:00,0.0
2026-09-19T14:04:20.5546591+09:00,0.0
2026-09-19T14:04:20.8359189+09:00,0.0
2026-09-19T14:04:21.1190785+09:00,0.0
2026-09-19T14:04:21.3977935+09:00,0.0
2026-09-19T14:04:21.6945851+09:00,0.0
2026-09-19T14:04:21.9760907+09:00,0.0
2026-09-19T14:04:22.2438748+09:00,0.0
2026-09-19T14:04:22.5216572+09:00,0.0
2026-09-19T14:04:22.7870812+09:00,0.0
2026-09-19T14:04:23.0692452+09:00,0.0
2026-09-19T14:04:23.3640520+09:00,0.0
2026-09-19T14:04:23.6447812+09:00,0.0
2026-09-19T14:04:23.9457308+09:00,0.0
2026-09-19T14:04:24.2253408+09:00,0.0
2026-09-19T14:04:24.5035298+09:00,0.0
2026-09-19T14:04:24.7703096+09:00,0.0
2026-09-19T14:04:25.0420576+09:00,0.0
2026-09-19T14:04:25.3133674+09:00,0.0
2026-09-19T14:04:25.5965596+09:00,0.0
2026-09-19T14:04:25.8761645+09:00,0.0
2026-09-19T14:04:26.1617673+09:00,0.0
2026-09-19T14:04:26.4456508+09:00,0.0
2026-09-19T14:04:26.7244735+09:00,0.0
2026-09-19T14:04:26.9898208+09:00,0.0
2026-09-19T14:04:27.2680553+09:00,0.0
2026-09-19T14:04:27.5178912+09:00,0.0
2026-09-19T14:04:27.7967794+09:00,0.0
2026-09-19T14:04:28.0802257+09:00,0.0
2026-09-19T14:04:28.3651236+09:00,0.0
2026-09-19T14:04:28.6346827+09:00,0.0
2026-09-19T14:04:28.9005996+09:00,0.0
2026-09-19T14:04:29.1657437+09:00,0.0
2026-09-19T14:04:29.4309339+09:00,0.0
2026-09-19T14:04:29.7143052+09:00,0.0
2026-09-19T14:04:29.9921795+09:00,0.0
2026-09-19T14:04:30.2711489+09:00,0.0
2026-09-19T14:04:30.5340663+09:00,0.0
2026-09-19T14:04:30.8157828+09:00,0.0
2026-09-19T14:04:31.1389410+09:00,0.0
2026-09-19T14:04:31.4235934+09:00,0.0
2026-09-19T14:04:31.6989377+09:00,0.0
2026-09-19T14:04:31.9795832+09:00,0.0
2026-09-19T14:04:32.2337980+09:00,0.0
2026-09-19T14:04:32.4957383+09:00,0.0
2026-09-19T14:04:32.7759620+09:00,0.0
2026-09-19T14:04:33.0537525+09:00,0.0
2026-09-19T14:04:33.3186630+09:00,0.0
2026-09-19T14:04:33.6168900+09:00,0.0
2026-09-19T14:04:33.8795959+09:00,0.0
2026-09-19T14:04:34.1456254+09:00,0.0
2026-09-19T14:04:34.4065647+09:00,0.0
2026-09-19T14:04:34.7018433+09:00,0.0
2026-09-19T14:04:34.9939163+09:00,0.0
2026-09-19T14:04:35.2612448+09:00,0.0
2026-09-19T14:04:35.5514047+09:00,0.0
2026-09-19T14:04:35.8292979+09:00,0.0
2026-09-19T14:04:36.1083780+09:00,0.0
2026-09-19T14:04:36.3737883+09:00,0.0
2026-09-19T14:04:36.6542161+09:00,0.0
2026-09-19T14:04:36.9188901+09:00,0.0
2026-09-19T14:04:37.1977257+09:00,0.0
2026-09-19T14:04:37.4465670+09:00,0.0
2026-09-19T14:04:37.7267654+09:00,0.0
2026-09-19T14:04:38.0052357+09:00,0.0
2026-09-19T14:04:38.2866246+09:00,0.0
2026-09-19T14:04:38.5594134+09:00,0.0
2026-09-19T14:04:38.8236673+09:00,0.0
2026-09-19T14:04:39.0929198+09:00,0.0
2026-09-19T14:04:39.3773624+09:00,0.0
2026-09-19T14:04:39.6564537+09:00,0.0
2026-09-19T14:04:39.9384257+09:00,0.0
2026-09-19T14:04:40.2181722+09:00,0.0
2026-09-19T14:04:40.4821002+09:00,0.0
2026-09-19T14:04:40.7614816+09:00,0.0
2026-09-19T14:04:41.0424317+09:00,0.0
2026-09-19T14:04:41.3213191+09:00,0.0
2026-09-19T14:04:41.5867844+09:00,0.0
2026-09-19T14:04:41.8524140+09:00,0.0
2026-09-19T14:04:42.1334987+09:00,0.0
2026-09-19T14:04:42.4141938+09:00,0.0
2026-09-19T14:04:42.6690805+09:00,0.0
2026-09-19T14:04:42.9659528+09:00,0.0
2026-09-19T14:04:43.2471869+09:00,0.0
2026-09-19T14:04:43.5293572+09:00,0.0
2026-09-19T14:04:43.8455949+09:00,0.0
2026-09-19T14:04:44.1336284+09:00,0.0
2026-09-19T14:04:44.4155503+09:00,0.0
2026-09-19T14:04:44.6792297+09:00,0.0
2026-09-19T14:04:44.9613658+09:00,0.0
2026-09-19T14:04:45.2478750+09:00,0.0
2026-09-19T14:04:45.5056396+09:00,0.0
2026-09-19T14:04:45.7564705+09:00,0.0
2026-09-19T14:04:46.0339962+09:00,0.0
2026-09-19T14:04:46.2996557+09:00,0.0
2026-09-19T14:04:46.5780688+09:00,0.0
2026-09-19T14:04:46.8577421+09:00,0.0
2026-09-19T14:04:47.1454976+09:00,0.0
2026-09-19T14:04:47.4274678+09:00,0.0
2026-09-19T14:04:47.7221736+09:00,0.0
2026-09-19T14:04:48.0058589+09:00,0.0
2026-09-19T14:04:48.2847786+09:00,0.0
2026-09-19T14:04:48.5629201+09:00,0.0
2026-09-19T14:04:48.8293159+09:00,0.0
2026-09-19T14:04:49.1158076+09:00,0.0
2026-09-19T14:04:49.3958444+09:00,0.0
2026-09-19T14:04:49.6339732+09:00,0.0
2026-09-19T14:04:49.8965700+09:00,0.0
2026-09-19T14:04:50.1795632+09:00,0.0
2026-09-19T14:04:50.4766720+09:00,0.0
2026-09-19T14:04:50.7589109+09:00,0.0
2026-09-19T14:04:51.0389282+09:00,0.0
2026-09-19T14:04:51.2896052+09:00,0.0
2026-09-19T14:04:51.5709608+09:00,0.0
2026-09-19T14:04:51.8392780+09:00,0.0
2026-09-19T14:04:52.1496165+09:00,0.0
2026-09-19T14:04:52.4007664+09:00,0.0
2026-09-19T14:04:52.6835787+09:00,0.0
2026-09-19T14:04:52.9567650+09:00,0.0
2026-09-19T14:04:53.2352268+09:00,0.0
2026-09-19T14:04:53.5045401+09:00,0.0
2026-09-19T14:04:53.7755011+09:00,0.0
2026-09-19T14:04:54.0710779+09:00,0.0
2026-09-19T14:04:54.3541597+09:00,0.0
2026-09-19T14:04:54.6324446+09:00,0.0
2026-09-19T14:04:54.8963375+09:00,0.0
2026-09-19T14:04:55.2156779+09:00,0.0
2026-09-19T14:04:55.4964253+09:00,0.0
2026-09-19T14:04:55.7628011+09:00,0.0
2026-09-19T14:04:56.0414108+09:00,0.0
2026-09-19T14:04:56.3251546+09:00,0.0
2026-09-19T14:04:56.6449521+09:00,0.0
2026-09-19T14:04:56.9131199+09:00,0.0
2026-09-19T14:04:57.1805070+09:00,0.0
2026-09-19T14:04:57.4597627+09:00,0.0
2026-09-19T14:04:57.7436679+09:00,0.0
2026-09-19T14:04:58.0305349+09:00,0.0
2026-09-19T14:04:58.3122320+09:00,0.0
2026-09-19T14:04:58.5856990+09:00,0.0
2026-09-19T14:04:58.8672303+09:00,0.0
2026-09-19T14:04:59.1512614+09:00,0.0
2026-09-19T14:04:59.4217051+09:00,0.0
2026-09-19T14:04:59.6963486+09:00,0.0
2026-09-19T14:04:59.9739630+09:00,0.0
2026-09-19T14:05:00.2935548+09:00,0.0
2026-09-19T14:05:00.5714731+09:00,0.0
2026-09-19T14:05:00.8520975+09:00,0.0
2026-09-19T14:05:01.1169223+09:00,0.0
2026-09-19T14:05:01.3819878+09:00,0.0
2026-09-19T14:05:01.6450961+09:00,0.0
2026-09-19T14:05:01.9432517+09:00,0.0
2026-09-19T14:05:02.2137968+09:00,0.0
2026-09-19T14:05:02.4904847+09:00,0.0
2026-09-19T14:05:02.7726871+09:00,0.0
2026-09-19T14:05:03.0401423+09:00,0.0
2026-09-19T14:05:03.3213210+09:00,0.0
2026-09-19T14:05:03.5969504+09:00,0.0
2026-09-19T14:05:03.8551769+09:00,0.0
2026-09-19T14:05:04.1319984+09:00,0.0
2026-09-19T14:05:04.4112828+09:00,0.0
2026-09-19T14:05:04.6924044+09:00,0.0
2026-09-19T14:05:04.9936920+09:00,0.0
2026-09-19T14:05:05.2946690+09:00,0.0
2026-09-19T14:05:05.5391011+09:00,0.0
2026-09-19T14:05:05.8054143+09:00,0.0
2026-09-19T14:05:06.0855506+09:00,0.0
2026-09-19T14:05:06.3512517+09:00,0.0
2026-09-19T14:05:06.6300372+09:00,0.0
2026-09-19T14:05:06.8934024+09:00,0.0
2026-09-19T14:05:07.1755267+09:00,0.0
2026-09-19T14:05:07.4568313+09:00,0.0
2026-09-19T14:05:07.7373943+09:00,0.0
2026-09-19T14:05:08.0140508+09:00,0.0
2026-09-19T14:05:08.2955673+09:00,0.0
2026-09-19T14:05:08.5709172+09:00,0.0
2026-09-19T14:05:08.8514338+09:00,0.0
2026-09-19T14:05:09.1166443+09:00,0.0
2026-09-19T14:05:09.3962435+09:00,0.0
2026-09-19T14:05:09.6716021+09:00,0.0
2026-09-19T14:05:09.9460638+09:00,0.0
2026-09-19T14:05:10.2245770+09:00,0.0
2026-09-19T14:05:10.5065533+09:00,0.0
2026-09-19T14:05:10.7873798+09:00,0.0
2026-09-19T14:05:11.0719119+09:00,0.0
2026-09-19T14:05:11.3463785+09:00,0.0
2026-09-19T14:05:11.6028257+09:00,0.0
2026-09-19T14:05:11.8822294+09:00,0.0
2026-09-19T14:05:12.1810186+09:00,0.0
2026-09-19T14:05:12.4799872+09:00,0.0
2026-09-19T14:05:12.7269847+09:00,0.0
2026-09-19T14:05:12.9941404+09:00,0.0
2026-09-19T14:05:13.2602324+09:00,0.0
2026-09-19T14:05:13.5330690+09:00,0.0
2026-09-19T14:05:13.8081947+09:00,0.0
2026-09-19T14:05:14.0738763+09:00,0.0
2026-09-19T14:05:14.3528251+09:00,0.0
2026-09-19T14:05:14.6294083+09:00,0.0
2026-09-19T14:05:14.8960573+09:00,0.0
2026-09-19T14:05:15.1931120+09:00,0.0
2026-09-19T14:05:15.4661431+09:00,0.0
2026-09-19T14:05:15.7485545+09:00,0.0
2026-09-19T14:05:16.0248851+09:00,0.0
2026-09-19T14:05:16.2914313+09:00,0.0
2026-09-19T14:05:16.5811792+09:00,0.0
2026-09-19T14:05:16.8622812+09:00,0.0
2026-09-19T14:05:17.1814752+09:00,0.0
2026-09-19T14:05:17.5068740+09:00,0.0
2026-09-19T14:05:17.7894600+09:00,0.0
2026-09-19T14:05:18.0680115+09:00,0.0
2026-09-19T14:05:18.3348023+09:00,0.0
2026-09-19T14:05:18.6113924+09:00,0.0
2026-09-19T14:05:18.8804714+09:00,0.0
2026-09-19T14:05:19.1529529+09:00,0.0
2026-09-19T14:05:19.4335465+09:00,0.0
2026-09-19T14:05:19.7076811+09:00,0.0
2026-09-19T14:05:20.0073616+09:00,0.0
2026-09-19T14:05:20.2861507+09:00,0.0
2026-09-19T14:05:20.5363090+09:00,0.0
2026-09-19T14:05:20.8032715+09:00,0.0
2026-09-19T14:05:21.1121946+09:00,0.0
2026-09-19T14:05:21.3699421+09:00,0.0
2026-09-19T14:05:21.6366948+09:00,0.0
2026-09-19T14:05:21.9016231+09:00,0.0
2026-09-19T14:05:22.2004586+09:00,0.0
2026-09-19T14:05:22.4456185+09:00,0.0
2026-09-19T14:05:22.7153886+09:00,0.0
2026-09-19T14:05:23.0107087+09:00,0.0
2026-09-19T14:05:23.2745323+09:00,0.0
2026-09-19T14:05:23.5568211+09:00,0.0
2026-09-19T14:05:23.8370267+09:00,0.0
2026-09-19T14:05:24.1113461+09:00,0.0
2026-09-19T14:05:24.3928900+09:00,0.0
2026-09-19T14:05:24.6783585+09:00,0.0
2026-09-19T14:05:24.9571940+09:00,0.0
2026-09-19T14:05:25.2518701+09:00,0.0
2026-09-19T14:05:25.5306957+09:00,0.0
2026-09-19T14:05:25.8004160+09:00,0.0
2026-09-19T14:05:26.0864377+09:00,0.0
2026-09-19T14:05:26.3689828+09:00,0.0
2026-09-19T14:05:26.6171791+09:00,0.0
2026-09-19T14:05:26.8996334+09:00,0.0
2026-09-19T14:05:27.2108309+09:00,0.0
2026-09-19T14:05:27.5161180+09:00,0.0
2026-09-19T14:05:27.7876121+09:00,0.0
2026-09-19T14:05:28.0562779+09:00,0.0
2026-09-19T14:05:28.3232991+09:00,0.0
2026-09-19T14:05:28.6057921+09:00,0.0
2026-09-19T14:05:28.8857164+09:00,0.0
2026-09-19T14:05:29.1613237+09:00,0.0
2026-09-19T14:05:29.4391985+09:00,0.0
2026-09-19T14:05:29.7041931+09:00,0.0
2026-09-19T14:05:29.9700549+09:00,0.0
2026-09-19T14:05:30.2463103+09:00,0.0
2026-09-19T14:05:30.5105510+09:00,0.0
2026-09-19T14:05:30.7894133+09:00,0.0
2026-09-19T14:05:31.0561865+09:00,0.0
2026-09-19T14:05:31.3312094+09:00,0.0
2026-09-19T14:05:31.6139798+09:00,0.0
2026-09-19T14:05:31.8928658+09:00,0.0
2026-09-19T14:05:32.1901376+09:00,0.0
2026-09-19T14:05:32.4720115+09:00,0.0
2026-09-19T14:05:32.7521791+09:00,0.0
2026-09-19T14:05:33.0530437+09:00,0.0
2026-09-19T14:05:33.3191826+09:00,0.0
2026-09-19T14:05:33.5852854+09:00,0.0
2026-09-19T14:05:33.8801460+09:00,0.0
2026-09-19T14:05:34.1572314+09:00,0.0
2026-09-19T14:05:34.4281772+09:00,0.0
2026-09-19T14:05:34.7123256+09:00,0.0
2026-09-19T14:05:34.9934356+09:00,0.0
2026-09-19T14:05:35.2883522+09:00,0.0
2026-09-19T14:05:35.5538191+09:00,0.0
2026-09-19T14:05:35.8323582+09:00,0.0
2026-09-19T14:05:36.1149290+09:00,0.0
2026-09-19T14:05:36.3938465+09:00,0.0
2026-09-19T14:05:36.6885588+09:00,0.0
2026-09-19T14:05:36.9614670+09:00,0.0
2026-09-19T14:05:37.2418926+09:00,0.0
2026-09-19T14:05:37.4911758+09:00,0.0
2026-09-19T14:05:37.7613627+09:00,0.0
2026-09-19T14:05:38.0412851+09:00,0.0
2026-09-19T14:05:38.3051662+09:00,0.0
2026-09-19T14:05:38.5698162+09:00,0.0
2026-09-19T14:05:38.8497650+09:00,0.0
2026-09-19T14:05:39.1423248+09:00,0.0
2026-09-19T14:05:39.4136592+09:00,0.0
2026-09-19T14:05:39.6948968+09:00,0.0
2026-09-19T14:05:39.9747725+09:00,0.0
2026-09-19T14:05:40.2372496+09:00,0.0
2026-09-19T14:05:40.5020875+09:00,0.0
2026-09-19T14:05:40.7698297+09:00,0.0
2026-09-19T14:05:41.0506725+09:00,0.0
2026-09-19T14:05:41.3306246+09:00,0.0
2026-09-19T14:05:41.6081016+09:00,0.0
2026-09-19T14:05:41.8790553+09:00,0.0
2026-09-19T14:05:42.2062094+09:00,0.0
2026-09-19T14:05:42.4868338+09:00,0.0
2026-09-19T14:05:42.7678313+09:00,0.0
2026-09-19T14:05:43.0454833+09:00,0.0
2026-09-19T14:05:43.3240429+09:00,0.0
2026-09-19T14:05:43.6044871+09:00,0.0
2026-09-19T14:05:43.8850476+09:00,0.0
2026-09-19T14:05:44.1499784+09:00,0.0
2026-09-19T14:05:44.3992315+09:00,0.0
2026-09-19T14:05:44.6618252+09:00,0.0
2026-09-19T14:05:44.9719848+09:00,0.0
2026-09-19T14:05:45.2693725+09:00,0.0
2026-09-19T14:05:45.5439382+09:00,0.0
2026-09-19T14:05:45.8256298+09:00,0.0
2026-09-19T14:05:46.1077107+09:00,0.0
2026-09-19T14:05:46.3863648+09:00,0.0
2026-09-19T14:05:46.6690221+09:00,0.0
2026-09-19T14:05:46.9650082+09:00,0.0
2026-09-19T14:05:47.2630129+09:00,0.0
2026-09-19T14:05:47.5425259+09:00,0.0
2026-09-19T14:05:47.8105231+09:00,0.0
2026-09-19T14:05:48.0743379+09:00,0.0
2026-09-19T14:05:48.3532069+09:00,0.0
2026-09-19T14:05:48.6144497+09:00,0.0
2026-09-19T14:05:48.8795599+09:00,0.0
2026-09-19T14:05:49.1593723+09:00,0.0
2026-09-19T14:05:49.4066273+09:00,0.0
2026-09-19T14:05:49.6783834+09:00,0.0
2026-09-19T14:05:49.9689067+09:00,0.0
2026-09-19T14:05:50.2317044+09:00,0.0
2026-09-19T14:05:50.4818346+09:00,0.0
2026-09-19T14:05:50.7428184+09:00,0.0
2026-09-19T14:05:51.0245911+09:00,0.0
2026-09-19T14:05:51.3049537+09:00,0.0
2026-09-19T14:05:51.5705934+09:00,0.0
2026-09-19T14:05:51.8384997+09:00,0.0
2026-09-19T14:05:52.1303052+09:00,0.0
2026-09-19T14:05:52.4087142+09:00,0.0
2026-09-19T14:05:52.6727005+09:00,0.0
2026-09-19T14:05:52.9378146+09:00,0.0
2026-09-19T14:05:53.2022141+09:00,0.0
2026-09-19T14:05:53.4493610+09:00,0.0
2026-09-19T14:05:53.7275550+09:00,0.0
2026-09-19T14:05:54.0231122+09:00,0.0
2026-09-19T14:05:54.3186875+09:00,0.0
2026-09-19T14:05:54.5839007+09:00,0.0
2026-09-19T14:05:54.8337371+09:00,0.0
2026-09-19T14:05:55.1141465+09:00,0.0
2026-09-19T14:05:55.3943193+09:00,0.0
2026-09-19T14:05:55.6647388+09:00,0.0
2026-09-19T14:05:55.9419785+09:00,0.0
2026-09-19T14:05:56.2399062+09:00,0.0
2026-09-19T14:05:56.5212255+09:00,0.0
2026-09-19T14:05:56.8024957+09:00,0.0
2026-09-19T14:05:57.0720987+09:00,0.0
2026-09-19T14:05:57.3528607+09:00,0.0
2026-09-19T14:05:57.6184230+09:00,0.0
2026-09-19T14:05:57.8671086+09:00,0.0
2026-09-19T14:05:58.1472053+09:00,0.0
2026-09-19T14:05:58.4126651+09:00,0.0
2026-09-19T14:05:58.6782409+09:00,0.0
2026-09-19T14:05:58.9734827+09:00,0.0
2026-09-19T14:05:59.2532418+09:00,0.0
2026-09-19T14:05:59.5334187+09:00,0.0
2026-09-19T14:05:59.8104322+09:00,0.0
2026-09-19T14:06:00.0892310+09:00,0.0
2026-09-19T14:06:00.3519384+09:00,0.0
2026-09-19T14:06:00.6322724+09:00,0.0
2026-09-19T14:06:00.9108698+09:00,0.0
2026-09-19T14:06:01.2168771+09:00,0.0
2026-09-19T14:06:01.4983493+09:00,0.0
2026-09-19T14:06:01.7641258+09:00,0.0
2026-09-19T14:06:02.0421563+09:00,0.0
2026-09-19T14:06:02.3077731+09:00,0.0
2026-09-19T14:06:02.5733268+09:00,0.0
2026-09-19T14:06:02.8514128+09:00,0.0
2026-09-19T14:06:03.1317127+09:00,0.0
2026-09-19T14:06:03.3806136+09:00,0.0
2026-09-19T14:06:03.6744618+09:00,0.0
2026-09-19T14:06:03.9540274+09:00,0.0
2026-09-19T14:06:04.2333422+09:00,0.0
2026-09-19T14:06:04.5131416+09:00,0.0
2026-09-19T14:06:04.7943547+09:00,0.0
2026-09-19T14:06:05.0949445+09:00,0.0
2026-09-19T14:06:05.3728973+09:00,0.0
2026-09-19T14:06:05.7157458+09:00,0.0
2026-09-19T14:06:06.0101937+09:00,0.0
2026-09-19T14:06:06.3228739+09:00,0.0
2026-09-19T14:06:06.6024942+09:00,0.0
2026-09-19T14:06:06.8835887+09:00,0.0
2026-09-19T14:06:07.1625928+09:00,0.0
2026-09-19T14:06:07.4441641+09:00,0.0
2026-09-19T14:06:07.7235789+09:00,0.0
2026-09-19T14:06:08.0180356+09:00,0.0
2026-09-19T14:06:08.2817484+09:00,0.0
2026-09-19T14:06:08.5612251+09:00,0.0
2026-09-19T14:06:08.8262086+09:00,0.0
2026-09-19T14:06:09.0933734+09:00,0.0
2026-09-19T14:06:09.3710326+09:00,0.0
2026-09-19T14:06:09.6539581+09:00,0.0
2026-09-19T14:06:09.9587097+09:00,0.0
2026-09-19T14:06:10.2228280+09:00,0.0
2026-09-19T14:06:10.5035561+09:00,0.0
2026-09-19T14:06:10.7811205+09:00,0.0
2026-09-19T14:06:11.0455153+09:00,0.0
2026-09-19T14:06:11.3117212+09:00,0.0
2026-09-19T14:06:11.5773768+09:00,0.0
2026-09-19T14:06:11.8578315+09:00,0.0
2026-09-19T14:06:12.1103625+09:00,0.0
2026-09-19T14:06:12.3879741+09:00,0.0
2026-09-19T14:06:12.6359642+09:00,0.0
2026-09-19T14:06:12.9001824+09:00,0.0
2026-09-19T14:06:13.1637557+09:00,0.0
2026-09-19T14:06:13.4153152+09:00,0.0
2026-09-19T14:06:13.6970142+09:00,0.0
2026-09-19T14:06:13.9944406+09:00,0.0
2026-09-19T14:06:14.2638171+09:00,0.0
2026-09-19T14:06:14.5801324+09:00,0.0
2026-09-19T14:06:14.8511789+09:00,0.0
2026-09-19T14:06:15.1237799+09:00,0.0
2026-09-19T14:06:15.3953264+09:00,0.0
2026-09-19T14:06:15.6510951+09:00,0.0
2026-09-19T14:06:15.8889259+09:00,0.0
2026-09-19T14:06:16.1759271+09:00,0.0
2026-09-19T14:06:16.4444473+09:00,0.0
2026-09-19T14:06:16.7298900+09:00,0.0
2026-09-19T14:06:17.0023008+09:00,0.0
2026-09-19T14:06:17.2980382+09:00,0.0
2026-09-19T14:06:17.5938324+09:00,0.0
2026-09-19T14:06:17.8747671+09:00,0.0
2026-09-19T14:06:18.1377681+09:00,0.0
2026-09-19T14:06:18.3865232+09:00,0.0
2026-09-19T14:06:18.6569922+09:00,0.0
2026-09-19T14:06:18.9371031+09:00,0.0
2026-09-19T14:06:19.2324984+09:00,0.0
2026-09-19T14:06:19.5139854+09:00,0.0
2026-09-19T14:06:19.7881113+09:00,0.0
2026-09-19T14:06:20.0725997+09:00,0.0
2026-09-19T14:06:20.3540861+09:00,0.0
2026-09-19T14:06:20.6662572+09:00,0.0
2026-09-19T14:06:20.9475108+09:00,0.0
2026-09-19T14:06:21.2088629+09:00,0.0
2026-09-19T14:06:21.4907876+09:00,0.0
2026-09-19T14:06:21.7526265+09:00,0.0
2026-09-19T14:06:22.0346228+09:00,0.0
2026-09-19T14:06:22.3079789+09:00,0.0
2026-09-19T14:06:22.5745595+09:00,0.0
2026-09-19T14:06:22.8229940+09:00,0.0
2026-09-19T14:06:23.1205595+09:00,0.0
2026-09-19T14:06:23.4014478+09:00,0.0
2026-09-19T14:06:23.6661174+09:00,0.0
2026-09-19T14:06:23.9449218+09:00,0.0
2026-09-19T14:06:24.2290549+09:00,0.0
2026-09-19T14:06:24.4925513+09:00,0.0
2026-09-19T14:06:24.7567317+09:00,0.0
2026-09-19T14:06:25.0353849+09:00,0.0
2026-09-19T14:06:25.3173670+09:00,0.0
2026-09-19T14:06:25.5797228+09:00,0.0
2026-09-19T14:06:25.8454210+09:00,0.0
2026-09-19T14:06:26.1123253+09:00,0.0
2026-09-19T14:06:26.3951695+09:00,0.0
2026-09-19T14:06:26.6493612+09:00,0.0
2026-09-19T14:06:26.9011652+09:00,0.0
2026-09-19T14:06:27.1540797+09:00,0.0
2026-09-19T14:06:27.4361457+09:00,0.0
2026-09-19T14:06:27.7162461+09:00,0.0
2026-09-19T14:06:28.0121624+09:00,0.0
2026-09-19T14:06:28.3102146+09:00,0.0
2026-09-19T14:06:28.6184330+09:00,0.0
2026-09-19T14:06:28.8593943+09:00,0.0
2026-09-19T14:06:29.1378727+09:00,0.0
2026-09-19T14:06:29.3866816+09:00,0.0
2026-09-19T14:06:29.6179931+09:00,0.0
2026-09-19T14:06:29.8572378+09:00,0.0
2026-09-19T14:06:30.1047897+09:00,0.0
2026-09-19T14:06:30.3387206+09:00,0.0
2026-09-19T14:06:30.5869598+09:00,0.0
2026-09-19T14:06:30.8367405+09:00,0.0
2026-09-19T14:06:31.1022329+09:00,0.0
2026-09-19T14:06:31.3535473+09:00,0.0
2026-09-19T14:06:31.6181883+09:00,0.0
2026-09-19T14:06:31.8664250+09:00,0.0
2026-09-19T14:06:32.1024167+09:00,0.0
2026-09-19T14:06:32.3802955+09:00,0.0
2026-09-19T14:06:32.6308488+09:00,0.0
2026-09-19T14:06:32.8914431+09:00,0.0
2026-09-19T14:06:33.1721410+09:00,0.0
2026-09-19T14:06:33.4372663+09:00,0.0
2026-09-19T14:06:33.6873383+09:00,0.0
2026-09-19T14:06:33.9660459+09:00,0.0
2026-09-19T14:06:34.2263163+09:00,0.0
2026-09-19T14:06:34.4802752+09:00,0.0
2026-09-19T14:06:34.7465056+09:00,0.0
2026-09-19T14:06:35.0131492+09:00,0.0
2026-09-19T14:06:35.3230240+09:00,0.0
2026-09-19T14:06:35.5971840+09:00,0.0
2026-09-19T14:06:35.8784456+09:00,0.0
2026-09-19T14:06:36.1448665+09:00,0.0
2026-09-19T14:06:36.4148797+09:00,0.0
2026-09-19T14:06:36.7364914+09:00,0.0
2026-09-19T14:06:37.0422780+09:00,0.0
2026-09-19T14:06:37.3308358+09:00,0.0
2026-09-19T14:06:37.6497515+09:00,0.0
2026-09-19T14:06:37.9306083+09:00,0.0
2026-09-19T14:06:38.1964007+09:00,0.0
2026-09-19T14:06:38.4759401+09:00,0.0
2026-09-19T14:06:38.7565799+09:00,0.0
2026-09-19T14:06:39.0389652+09:00,0.0
2026-09-19T14:06:39.3193281+09:00,0.0
2026-09-19T14:06:39.5844403+09:00,0.0
2026-09-19T14:06:39.8648574+09:00,0.0
2026-09-19T14:06:40.1314769+09:00,0.0
2026-09-19T14:06:40.3994939+09:00,0.0
2026-09-19T14:06:40.7042963+09:00,0.0
2026-09-19T14:06:40.9880263+09:00,0.0
2026-09-19T14:06:41.2542623+09:00,0.0
2026-09-19T14:06:41.5363926+09:00,0.0
2026-09-19T14:06:41.8177401+09:00,0.0
2026-09-19T14:06:42.0977011+09:00,0.0
2026-09-19T14:06:42.3770509+09:00,0.0
2026-09-19T14:06:42.6391706+09:00,0.0
2026-09-19T14:06:42.9198539+09:00,0.0
2026-09-19T14:06:43.2016394+09:00,0.0
2026-09-19T14:06:43.4827767+09:00,0.0
2026-09-19T14:06:43.7652202+09:00,0.0
2026-09-19T14:06:44.0612602+09:00,0.0
2026-09-19T14:06:44.3426423+09:00,0.0
2026-09-19T14:06:44.6854680+09:00,0.0
2026-09-19T14:06:44.9815501+09:00,0.0
2026-09-19T14:06:45.2760276+09:00,0.0
2026-09-19T14:06:45.5551177+09:00,0.0
2026-09-19T14:06:45.8205077+09:00,0.0
2026-09-19T14:06:46.1085307+09:00,0.0
2026-09-19T14:06:46.3876751+09:00,0.0
2026-09-19T14:06:46.6538688+09:00,0.0
2026-09-19T14:06:46.9198053+09:00,0.0
2026-09-19T14:06:47.2010510+09:00,0.0
2026-09-19T14:06:47.4848007+09:00,0.0
2026-09-19T14:06:47.7692270+09:00,0.0
2026-09-19T14:06:48.0402084+09:00,0.0
2026-09-19T14:06:48.3229874+09:00,0.0
2026-09-19T14:06:48.5876799+09:00,0.0
2026-09-19T14:06:48.8683688+09:00,0.0
2026-09-19T14:06:49.1454032+09:00,0.0
2026-09-19T14:06:49.4270120+09:00,0.0
2026-09-19T14:06:49.7077330+09:00,0.0
2026-09-19T14:06:50.0001147+09:00,0.0
2026-09-19T14:06:50.2664914+09:00,0.0
2026-09-19T14:06:50.5430125+09:00,0.0
2026-09-19T14:06:50.8229223+09:00,0.0
2026-09-19T14:06:51.1040882+09:00,0.0
2026-09-19T14:06:51.3844977+09:00,0.0
2026-09-19T14:06:51.6548599+09:00,0.0
2026-09-19T14:06:51.9363192+09:00,0.0
2026-09-19T14:06:52.2102666+09:00,0.0
2026-09-19T14:06:52.4899584+09:00,0.0
2026-09-19T14:06:52.7716437+09:00,0.0
2026-09-19T14:06:53.0448848+09:00,0.0
2026-09-19T14:06:53.3363730+09:00,0.0
2026-09-19T14:06:53.6459831+09:00,0.0
2026-09-19T14:06:53.9127548+09:00,0.0
2026-09-19T14:06:54.1866162+09:00,0.0
2026-09-19T14:06:54.4506901+09:00,0.0
2026-09-19T14:06:54.7309354+09:00,0.0
2026-09-19T14:06:54.9962895+09:00,0.0
2026-09-19T14:06:55.3230081+09:00,0.0
2026-09-19T14:06:55.5880374+09:00,0.0
2026-09-19T14:06:55.8546624+09:00,0.0
2026-09-19T14:06:56.1291826+09:00,0.0
2026-09-19T14:06:56.3919797+09:00,0.0
2026-09-19T14:06:56.6919295+09:00,0.0
2026-09-19T14:06:56.9827622+09:00,0.0
2026-09-19T14:06:57.2616428+09:00,0.0
2026-09-19T14:06:57.5340137+09:00,0.0
2026-09-19T14:06:57.7981040+09:00,0.0
2026-09-19T14:06:58.0796299+09:00,0.0
2026-09-19T14:06:58.3600989+09:00,0.0
2026-09-19T14:06:58.6380262+09:00,0.0
2026-09-19T14:06:58.9071405+09:00,0.0
2026-09-19T14:06:59.1887818+09:00,0.0
2026-09-19T14:06:59.4539608+09:00,0.0
2026-09-19T14:06:59.7341530+09:00,0.0
2026-09-19T14:07:00.0148318+09:00,0.0
2026-09-19T14:07:00.3106716+09:00,0.0
2026-09-19T14:07:00.5812813+09:00,0.0
2026-09-19T14:07:00.8649556+09:00,0.0
2026-09-19T14:07:01.1239957+09:00,0.0
2026-09-19T14:07:01.3870189+09:00,0.0
2026-09-19T14:07:01.6673628+09:00,0.0
2026-09-19T14:07:01.9557727+09:00,0.0
2026-09-19T14:07:02.2269285+09:00,0.0
2026-09-19T14:07:02.4816811+09:00,0.0
2026-09-19T14:07:02.7625830+09:00,0.0
2026-09-19T14:07:03.0361699+09:00,0.0
2026-09-19T14:07:03.3095480+09:00,0.0
2026-09-19T14:07:03.5733295+09:00,0.0
2026-09-19T14:07:03.8560895+09:00,0.0
2026-09-19T14:07:04.1341099+09:00,0.0
2026-09-19T14:07:04.3870129+09:00,0.0
2026-09-19T14:07:04.6591204+09:00,0.0
2026-09-19T14:07:04.9388057+09:00,0.0
2026-09-19T14:07:05.1915785+09:00,0.0
2026-09-19T14:07:05.4299447+09:00,0.0
2026-09-19T14:07:05.6627913+09:00,0.0
2026-09-19T14:07:05.9282860+09:00,0.0
2026-09-19T14:07:06.1794105+09:00,0.0
2026-09-19T14:07:06.4345810+09:00,0.0
2026-09-19T14:07:06.6688281+09:00,0.0
2026-09-19T14:07:06.9023210+09:00,0.0
2026-09-19T14:07:07.1355241+09:00,0.0
2026-09-19T14:07:07.3898211+09:00,0.0
2026-09-19T14:07:07.6096742+09:00,0.0
2026-09-19T14:07:07.8436677+09:00,0.0
2026-09-19T14:07:08.0773890+09:00,0.0
2026-09-19T14:07:08.3434846+09:00,0.0
2026-09-19T14:07:08.5889145+09:00,0.0
2026-09-19T14:07:08.8559647+09:00,0.0
2026-09-19T14:07:09.1258499+09:00,0.0
2026-09-19T14:07:09.4037086+09:00,0.0
2026-09-19T14:07:09.6655299+09:00,0.0
2026-09-19T14:07:09.9746664+09:00,0.0
2026-09-19T14:07:10.2536127+09:00,0.0
2026-09-19T14:07:10.5336059+09:00,0.0
2026-09-19T14:07:10.8132977+09:00,0.0
2026-09-19T14:07:11.0585834+09:00,0.0
2026-09-19T14:07:11.3080285+09:00,0.0
2026-09-19T14:07:11.5537338+09:00,0.0
2026-09-19T14:07:11.8069347+09:00,0.0
2026-09-19T14:07:12.0437303+09:00,0.0
2026-09-19T14:07:12.2938470+09:00,0.0
2026-09-19T14:07:12.5381655+09:00,0.0
2026-09-19T14:07:12.7778970+09:00,0.0
2026-09-19T14:07:13.0149366+09:00,0.0
2026-09-19T14:07:13.2928146+09:00,0.0
2026-09-19T14:07:13.5654990+09:00,0.0
2026-09-19T14:07:13.8357760+09:00,0.0
2026-09-19T14:07:14.0701226+09:00,0.0
2026-09-19T14:07:14.3521074+09:00,0.0
2026-09-19T14:07:14.6318705+09:00,0.0
2026-09-19T14:07:14.9113327+09:00,0.0
2026-09-19T14:07:15.1788236+09:00,0.0
2026-09-19T14:07:15.4486155+09:00,0.0
2026-09-19T14:07:15.7259960+09:00,0.0
2026-09-19T14:07:16.0072377+09:00,0.0
2026-09-19T14:07:16.2891033+09:00,0.0
2026-09-19T14:07:16.5708974+09:00,0.0
2026-09-19T14:07:16.8448347+09:00,0.0
2026-09-19T14:07:17.1123151+09:00,0.0
2026-09-19T14:07:17.3954462+09:00,0.0
2026-09-19T14:07:17.6746986+09:00,0.0
2026-09-19T14:07:17.9561821+09:00,0.0
2026-09-19T14:07:18.2237878+09:00,0.0
2026-09-19T14:07:18.5076832+09:00,0.0
2026-09-19T14:07:18.7873080+09:00,0.0
2026-09-19T14:07:19.0552803+09:00,0.0
2026-09-19T14:07:19.3211363+09:00,0.0
2026-09-19T14:07:19.5841958+09:00,0.0
2026-09-19T14:07:19.8504374+09:00,0.0
2026-09-19T14:07:20.1203840+09:00,0.0
2026-09-19T14:07:20.4021215+09:00,0.0
2026-09-19T14:07:20.6687745+09:00,0.0
2026-09-19T14:07:20.9648233+09:00,0.0
2026-09-19T14:07:21.2467702+09:00,0.0
2026-09-19T14:07:21.5240018+09:00,0.0
2026-09-19T14:07:21.7958372+09:00,0.0
2026-09-19T14:07:22.0642296+09:00,0.0
2026-09-19T14:07:22.3737790+09:00,0.0
2026-09-19T14:07:22.6564969+09:00,0.0
2026-09-19T14:07:22.9384695+09:00,0.0
2026-09-19T14:07:23.2122977+09:00,0.0
2026-09-19T14:07:23.4963813+09:00,0.0
2026-09-19T14:07:23.7796745+09:00,0.0
2026-09-19T14:07:24.0622529+09:00,0.0
2026-09-19T14:07:24.3412016+09:00,0.0
2026-09-19T14:07:24.5915421+09:00,0.0
2026-09-19T14:07:24.8681455+09:00,0.0
2026-09-19T14:07:25.1372275+09:00,0.0
2026-09-19T14:07:25.4089481+09:00,0.0
2026-09-19T14:07:25.6930881+09:00,0.0
2026-09-19T14:07:25.9908219+09:00,0.0
2026-09-19T14:07:26.2681110+09:00,0.0
2026-09-19T14:07:26.5375008+09:00,0.0
2026-09-19T14:07:26.8160769+09:00,0.0
2026-09-19T14:07:27.0873769+09:00,0.0
2026-09-19T14:07:27.4057727+09:00,0.0
2026-09-19T14:07:27.6730283+09:00,0.0
2026-09-19T14:07:27.9646150+09:00,0.0
2026-09-19T14:07:28.2140161+09:00,0.0
2026-09-19T14:07:28.4902106+09:00,0.0
2026-09-19T14:07:28.7456503+09:00,0.0
2026-09-19T14:07:29.0302843+09:00,0.0
2026-09-19T14:07:29.3077305+09:00,0.0
2026-09-19T14:07:29.6033663+09:00,0.0
2026-09-19T14:07:29.8835059+09:00,0.0
2026-09-19T14:07:30.1714749+09:00,0.0
2026-09-19T14:07:30.4552966+09:00,0.0
2026-09-19T14:07:30.7368928+09:00,0.0
2026-09-19T14:07:31.0168589+09:00,0.0
2026-09-19T14:07:31.2639740+09:00,0.0
2026-09-19T14:07:31.5445636+09:00,0.0
2026-09-19T14:07:31.8385748+09:00,0.0
2026-09-19T14:07:32.1219442+09:00,0.0
2026-09-19T14:07:32.3952744+09:00,0.0
2026-09-19T14:07:32.6472083+09:00,0.0
2026-09-19T14:07:32.9120193+09:00,0.0
2026-09-19T14:07:33.1730685+09:00,0.0
2026-09-19T14:07:33.4571808+09:00,0.0
2026-09-19T14:07:33.7374187+09:00,0.0
2026-09-19T14:07:34.0163605+09:00,0.0
2026-09-19T14:07:34.2799367+09:00,0.0
2026-09-19T14:07:34.5520861+09:00,0.0
2026-09-19T14:07:34.8314859+09:00,0.0
2026-09-19T14:07:35.0784658+09:00,0.0
2026-09-19T14:07:35.3577423+09:00,0.0
2026-09-19T14:07:35.6366811+09:00,0.0
2026-09-19T14:07:35.9348116+09:00,0.0
2026-09-19T14:07:36.2280588+09:00,0.0
2026-09-19T14:07:36.4943307+09:00,0.0
2026-09-19T14:07:36.7730665+09:00,0.0
2026-09-19T14:07:37.0547416+09:00,0.0
2026-09-19T14:07:37.3370925+09:00,0.0
2026-09-19T14:07:37.6186217+09:00,0.0
2026-09-19T14:07:37.8993183+09:00,0.0
2026-09-19T14:07:38.1827384+09:00,0.0
2026-09-19T14:07:38.4584317+09:00,0.0
2026-09-19T14:07:38.7338943+09:00,0.0
2026-09-19T14:07:39.0089350+09:00,0.0
2026-09-19T14:07:39.2901927+09:00,0.0
2026-09-19T14:07:39.5691660+09:00,0.0
2026-09-19T14:07:39.8359189+09:00,0.0
2026-09-19T14:07:40.1123153+09:00,0.0
2026-09-19T14:07:40.3591499+09:00,0.0
2026-09-19T14:07:40.6445915+09:00,0.0
2026-09-19T14:07:40.9550190+09:00,0.0
2026-09-19T14:07:41.2835749+09:00,0.0
2026-09-19T14:07:41.6043935+09:00,0.0
2026-09-19T14:07:41.8880515+09:00,0.0
2026-09-19T14:07:42.1686221+09:00,0.0
2026-09-19T14:07:42.4638275+09:00,0.0
2026-09-19T14:07:42.7146498+09:00,0.0
2026-09-19T14:07:43.0040615+09:00,0.0
2026-09-19T14:07:43.2754881+09:00,0.0
2026-09-19T14:07:43.5527470+09:00,0.0
2026-09-19T14:07:43.8332200+09:00,0.0
2026-09-19T14:07:44.1272151+09:00,0.0
2026-09-19T14:07:44.3939237+09:00,0.0
2026-09-19T14:07:44.6749677+09:00,0.0
2026-09-19T14:07:44.9540570+09:00,0.0
2026-09-19T14:07:45.2322375+09:00,0.0
2026-09-19T14:07:45.5145840+09:00,0.0
2026-09-19T14:07:45.7807185+09:00,0.0
2026-09-19T14:07:46.0791568+09:00,0.0
2026-09-19T14:07:46.3596817+09:00,0.0
2026-09-19T14:07:46.6245649+09:00,0.0
2026-09-19T14:07:46.8880101+09:00,0.0
2026-09-19T14:07:47.1730407+09:00,0.0
2026-09-19T14:07:47.4589784+09:00,0.0
2026-09-19T14:07:47.7367426+09:00,0.0
2026-09-19T14:07:48.0165824+09:00,0.0
2026-09-19T14:07:48.2990999+09:00,0.0
2026-09-19T14:07:48.5796101+09:00,0.0
2026-09-19T14:07:48.8723829+09:00,0.0
2026-09-19T14:07:49.1556547+09:00,0.0
2026-09-19T14:07:49.4382539+09:00,0.0
2026-09-19T14:07:49.7038153+09:00,0.0
2026-09-19T14:07:49.9869048+09:00,0.0
2026-09-19T14:07:50.2650150+09:00,0.0
2026-09-19T14:07:50.5443594+09:00,0.0
2026-09-19T14:07:50.7962352+09:00,0.0
2026-09-19T14:07:51.0753845+09:00,0.0
2026-09-19T14:07:51.3410035+09:00,0.0
2026-09-19T14:07:51.6060057+09:00,0.0
2026-09-19T14:07:51.8742483+09:00,0.0
2026-09-19T14:07:52.1873737+09:00,0.0
2026-09-19T14:07:52.4736884+09:00,0.0
2026-09-19T14:07:52.7559513+09:00,0.0
2026-09-19T14:07:53.0478535+09:00,0.0
2026-09-19T14:07:53.3120270+09:00,0.0
2026-09-19T14:07:53.6030427+09:00,0.0
2026-09-19T14:07:53.8691416+09:00,0.0
2026-09-19T14:07:54.1342723+09:00,0.0
2026-09-19T14:07:54.4120345+09:00,0.0
2026-09-19T14:07:54.7102246+09:00,0.0
2026-09-19T14:07:54.9924971+09:00,0.0
2026-09-19T14:07:55.2697237+09:00,0.0
2026-09-19T14:07:55.5518847+09:00,0.0
2026-09-19T14:07:55.8181317+09:00,0.0
2026-09-19T14:07:56.0848687+09:00,0.0
2026-09-19T14:07:56.3648274+09:00,0.0
2026-09-19T14:07:56.6573212+09:00,0.0
2026-09-19T14:07:56.9398691+09:00,0.0
2026-09-19T14:07:57.2373217+09:00,0.0
2026-09-19T14:07:57.5087115+09:00,0.0
2026-09-19T14:07:57.7734219+09:00,0.0
2026-09-19T14:07:58.0595328+09:00,0.0
2026-09-19T14:07:58.3227169+09:00,0.0
2026-09-19T14:07:58.5715786+09:00,0.0
2026-09-19T14:07:58.8345771+09:00,0.0
2026-09-19T14:07:59.1172218+09:00,0.0
2026-09-19T14:07:59.4007073+09:00,0.0
2026-09-19T14:07:59.6757140+09:00,0.0
2026-09-19T14:07:59.9742062+09:00,0.0
2026-09-19T14:08:00.2820691+09:00,0.0
2026-09-19T14:08:00.5695120+09:00,0.0
2026-09-19T14:08:00.8384966+09:00,0.0
2026-09-19T14:08:01.1117618+09:00,0.0
2026-09-19T14:08:01.4219728+09:00,0.0
2026-09-19T14:08:01.7074984+09:00,0.0
2026-09-19T14:08:02.0058911+09:00,0.0
2026-09-19T14:08:02.2827847+09:00,0.0
2026-09-19T14:08:02.5617959+09:00,0.0
2026-09-19T14:08:02.8113731+09:00,0.0
2026-09-19T14:08:03.0730382+09:00,0.0
2026-09-19T14:08:03.3574984+09:00,0.0
2026-09-19T14:08:03.6460089+09:00,0.0
2026-09-19T14:08:03.9279873+09:00,0.0
2026-09-19T14:08:04.2074735+09:00,0.0
2026-09-19T14:08:04.4938406+09:00,0.0
2026-09-19T14:08:04.7725193+09:00,0.0
2026-09-19T14:08:05.0497665+09:00,0.0
2026-09-19T14:08:05.3294235+09:00,0.0
2026-09-19T14:08:05.6078101+09:00,0.0
2026-09-19T14:08:05.9087542+09:00,0.0
2026-09-19T14:08:06.1885125+09:00,0.0
2026-09-19T14:08:06.4259553+09:00,0.0
2026-09-19T14:08:06.7101407+09:00,0.0
2026-09-19T14:08:06.9896614+09:00,0.0
2026-09-19T14:08:07.2694756+09:00,0.0
2026-09-19T14:08:07.5609375+09:00,0.0
2026-09-19T14:08:07.8276244+09:00,0.0
2026-09-19T14:08:08.0981755+09:00,0.0
2026-09-19T14:08:08.3783411+09:00,0.0
2026-09-19T14:08:08.6437616+09:00,0.0
2026-09-19T14:08:08.9084399+09:00,0.0
2026-09-19T14:08:09.1774166+09:00,0.0
2026-09-19T14:08:09.4741744+09:00,0.0
2026-09-19T14:08:09.7679503+09:00,0.0
2026-09-19T14:08:10.0401228+09:00,0.0
2026-09-19T14:08:10.2934768+09:00,0.0
2026-09-19T14:08:10.5799071+09:00,0.0
2026-09-19T14:08:10.8455379+09:00,0.0
2026-09-19T14:08:11.1245355+09:00,0.0
2026-09-19T14:08:11.4091885+09:00,0.0
2026-09-19T14:08:11.6883721+09:00,0.0
2026-09-19T14:08:11.9612170+09:00,0.0
2026-09-19T14:08:12.2411632+09:00,0.0
2026-09-19T14:08:12.5188910+09:00,0.0
2026-09-19T14:08:12.8160857+09:00,0.0
2026-09-19T14:08:13.0784895+09:00,0.0
2026-09-19T14:08:13.3444496+09:00,0.0
2026-09-19T14:08:13.6228271+09:00,0.0
2026-09-19T14:08:13.9086463+09:00,0.0
2026-09-19T14:08:14.1893085+09:00,0.0
2026-09-19T14:08:14.4723863+09:00,0.0
2026-09-19T14:08:14.7416342+09:00,0.0
2026-09-19T14:08:15.0374538+09:00,0.0
2026-09-19T14:08:15.3294441+09:00,0.0
2026-09-19T14:08:15.6287079+09:00,0.0
2026-09-19T14:08:15.9070925+09:00,0.0
2026-09-19T14:08:16.1924448+09:00,0.0
2026-09-19T14:08:16.4933312+09:00,0.0
2026-09-19T14:08:16.7863367+09:00,0.0
2026-09-19T14:08:17.0742549+09:00,0.0
2026-09-19T14:08:17.3576166+09:00,0.0
2026-09-19T14:08:17.6289390+09:00,0.0
2026-09-19T14:08:17.9415882+09:00,0.0
2026-09-19T14:08:18.2379909+09:00,0.0
2026-09-19T14:08:18.5105777+09:00,0.0
2026-09-19T14:08:18.7762384+09:00,0.0
2026-09-19T14:08:19.0419530+09:00,0.0
2026-09-19T14:08:19.3226545+09:00,0.0
2026-09-19T14:08:19.6006962+09:00,0.0
2026-09-19T14:08:19.8989206+09:00,0.0
2026-09-19T14:08:20.1774217+09:00,0.0
2026-09-19T14:08:20.4628838+09:00,0.0
2026-09-19T14:08:20.7247815+09:00,0.0
2026-09-19T14:08:21.0182358+09:00,0.0
2026-09-19T14:08:21.2963191+09:00,0.0
2026-09-19T14:08:21.5612155+09:00,0.0
2026-09-19T14:08:21.8385127+09:00,0.0
2026-09-19T14:08:22.1081617+09:00,0.0
2026-09-19T14:08:22.3922570+09:00,0.0
2026-09-19T14:08:22.6723390+09:00,0.0
2026-09-19T14:08:22.9539929+09:00,0.0
2026-09-19T14:08:23.2324860+09:00,0.0
2026-09-19T14:08:23.4976255+09:00,0.0
2026-09-19T14:08:23.7632266+09:00,0.0
2026-09-19T14:08:24.0377136+09:00,0.0
2026-09-19T14:08:24.3195197+09:00,0.0
2026-09-19T14:08:24.6018456+09:00,0.0
2026-09-19T14:08:24.8993762+09:00,0.0
2026-09-19T14:08:25.1749568+09:00,0.0
2026-09-19T14:08:25.4428455+09:00,0.0
2026-09-19T14:08:25.7384777+09:00,0.0
2026-09-19T14:08:26.0330067+09:00,0.0
2026-09-19T14:08:26.3154297+09:00,0.0
2026-09-19T14:08:26.5915670+09:00,0.0
2026-09-19T14:08:26.8742945+09:00,0.0
2026-09-19T14:08:27.1451247+09:00,0.0
2026-09-19T14:08:27.4412711+09:00,0.0
2026-09-19T14:08:27.7061341+09:00,0.0
2026-09-19T14:08:27.9938371+09:00,0.0
2026-09-19T14:08:28.2621401+09:00,0.0
2026-09-19T14:08:28.5510301+09:00,0.0
2026-09-19T14:08:28.8160855+09:00,0.0
2026-09-19T14:08:29.0836468+09:00,0.0
2026-09-19T14:08:29.3779590+09:00,0.0
2026-09-19T14:08:29.6590778+09:00,0.0
2026-09-19T14:08:29.9417708+09:00,0.0
2026-09-19T14:08:30.2532304+09:00,0.0
2026-09-19T14:08:30.5163342+09:00,0.0
2026-09-19T14:08:30.7946502+09:00,0.0
2026-09-19T14:08:31.0581266+09:00,0.0
2026-09-19T14:08:31.3593332+09:00,0.0
2026-09-19T14:08:31.6129157+09:00,0.0
2026-09-19T14:08:31.8945587+09:00,0.0
2026-09-19T14:08:32.1766609+09:00,0.0
2026-09-19T14:08:32.4884036+09:00,0.0
2026-09-19T14:08:32.7662969+09:00,0.0
2026-09-19T14:08:33.0582365+09:00,0.0
2026-09-19T14:08:33.3235218+09:00,0.0
2026-09-19T14:08:33.6031681+09:00,0.0
2026-09-19T14:08:33.8819038+09:00,0.0
2026-09-19T14:08:34.1403431+09:00,0.0
2026-09-19T14:08:34.4119754+09:00,0.0
2026-09-19T14:08:34.6979542+09:00,0.0
2026-09-19T14:08:35.0072128+09:00,0.0
2026-09-19T14:08:35.2969333+09:00,0.0
2026-09-19T14:08:35.5980888+09:00,0.0
2026-09-19T14:08:35.8796486+09:00,0.0
2026-09-19T14:08:36.1444379+09:00,0.0
2026-09-19T14:08:36.4254320+09:00,0.0
2026-09-19T14:08:36.6943283+09:00,0.0
2026-09-19T14:08:36.9751802+09:00,0.0
2026-09-19T14:08:37.2567196+09:00,0.0
2026-09-19T14:08:37.5356770+09:00,0.0
2026-09-19T14:08:37.8160191+09:00,0.0
2026-09-19T14:08:38.1087481+09:00,0.0
2026-09-19T14:08:38.3820849+09:00,0.0
2026-09-19T14:08:38.6615916+09:00,0.0
2026-09-19T14:08:38.9417301+09:00,0.0
2026-09-19T14:08:39.2248790+09:00,0.0
2026-09-19T14:08:39.5059081+09:00,0.0
2026-09-19T14:08:39.7712232+09:00,0.0
2026-09-19T14:08:40.0525566+09:00,0.0
2026-09-19T14:08:40.3336437+09:00,0.0
2026-09-19T14:08:40.6093361+09:00,0.0
2026-09-19T14:08:40.8930587+09:00,0.0
2026-09-19T14:08:41.1596968+09:00,0.0
2026-09-19T14:08:41.4548458+09:00,0.0
2026-09-19T14:08:41.7365822+09:00,0.0
2026-09-19T14:08:42.0178372+09:00,0.0
2026-09-19T14:08:42.2987018+09:00,0.0
2026-09-19T14:08:42.5754387+09:00,0.0
2026-09-19T14:08:42.8612776+09:00,0.0
2026-09-19T14:08:43.1306430+09:00,0.0
2026-09-19T14:08:43.4119713+09:00,0.0
2026-09-19T14:08:43.6742140+09:00,0.0
2026-09-19T14:08:43.9940570+09:00,0.0
2026-09-19T14:08:44.2433111+09:00,0.0
2026-09-19T14:08:44.5079481+09:00,0.0
2026-09-19T14:08:44.7889181+09:00,0.0
2026-09-19T14:08:45.0670787+09:00,0.0
2026-09-19T14:08:45.3639972+09:00,0.0
2026-09-19T14:08:45.6410878+09:00,0.0
2026-09-19T14:08:45.9231117+09:00,0.0
2026-09-19T14:08:46.2094850+09:00,0.0
2026-09-19T14:08:46.4781545+09:00,0.0
2026-09-19T14:08:46.7434077+09:00,0.0
2026-09-19T14:08:47.0236871+09:00,0.0
2026-09-19T14:08:47.3058966+09:00,0.0
2026-09-19T14:08:47.5759046+09:00,0.0
2026-09-19T14:08:47.8318444+09:00,0.0
2026-09-19T14:08:48.0998897+09:00,0.0
2026-09-19T14:08:48.3803929+09:00,0.0
2026-09-19T14:08:48.6617318+09:00,0.0
2026-09-19T14:08:48.9359157+09:00,0.0
2026-09-19T14:08:49.2117556+09:00,0.0
2026-09-19T14:08:49.4939368+09:00,0.0
2026-09-19T14:08:49.7767777+09:00,0.0
2026-09-19T14:08:50.0546362+09:00,0.0
2026-09-19T14:08:50.3195712+09:00,0.0
2026-09-19T14:08:50.5867546+09:00,0.0
2026-09-19T14:08:50.8663521+09:00,0.0
2026-09-19T14:08:51.1461584+09:00,0.0
2026-09-19T14:08:51.4280767+09:00,0.0
2026-09-19T14:08:51.6928309+09:00,0.0
2026-09-19T14:08:51.9740381+09:00,0.0
2026-09-19T14:08:52.2565852+09:00,0.0
2026-09-19T14:08:52.5389821+09:00,0.0
2026-09-19T14:08:52.8349932+09:00,0.0
2026-09-19T14:08:53.1138679+09:00,0.0
2026-09-19T14:08:53.3951783+09:00,0.0
2026-09-19T14:08:53.6739810+09:00,0.0
2026-09-19T14:08:53.9461220+09:00,0.0
2026-09-19T14:08:54.3211413+09:00,0.0
2026-09-19T14:08:54.6235040+09:00,0.0
2026-09-19T14:08:54.8845460+09:00,0.0
2026-09-19T14:08:55.1773661+09:00,0.0
2026-09-19T14:08:55.4916823+09:00,0.0
2026-09-19T14:08:55.7594958+09:00,0.0
2026-09-19T14:08:56.0279819+09:00,0.0
2026-09-19T14:08:56.3078280+09:00,0.0
2026-09-19T14:08:56.5889287+09:00,0.0
2026-09-19T14:08:56.9163576+09:00,0.0
2026-09-19T14:08:57.1831952+09:00,0.0
2026-09-19T14:08:57.5144428+09:00,0.0
2026-09-19T14:08:57.7831556+09:00,0.0
2026-09-19T14:08:58.0651066+09:00,0.0
2026-09-19T14:08:58.3287645+09:00,0.0
2026-09-19T14:08:58.6210029+09:00,0.0
2026-09-19T14:08:58.8874410+09:00,0.0
2026-09-19T14:08:59.1502219+09:00,0.0
2026-09-19T14:08:59.4210946+09:00,0.0
2026-09-19T14:08:59.6965489+09:00,0.0
2026-09-19T14:08:59.9772991+09:00,0.0
2026-09-19T14:09:00.2580259+09:00,0.0
2026-09-19T14:09:00.5429980+09:00,0.0
2026-09-19T14:09:00.8145641+09:00,0.0
2026-09-19T14:09:01.0850618+09:00,0.0
2026-09-19T14:09:01.3520014+09:00,0.0
2026-09-19T14:09:01.6325740+09:00,0.0
2026-09-19T14:09:01.9138818+09:00,0.0
2026-09-19T14:09:02.1987983+09:00,0.0
2026-09-19T14:09:02.5411329+09:00,0.0
2026-09-19T14:09:02.8211309+09:00,0.0
2026-09-19T14:09:03.0904226+09:00,0.0
2026-09-19T14:09:03.3719358+09:00,0.0
2026-09-19T14:09:03.6512105+09:00,0.0
2026-09-19T14:09:03.9337717+09:00,0.0
2026-09-19T14:09:04.1829123+09:00,0.0
2026-09-19T14:09:04.4523323+09:00,0.0
2026-09-19T14:09:04.7188986+09:00,0.0
2026-09-19T14:09:05.0316518+09:00,0.0
2026-09-19T14:09:05.2973482+09:00,0.0
2026-09-19T14:09:05.5746553+09:00,0.0
2026-09-19T14:09:05.8585453+09:00,0.0
2026-09-19T14:09:06.1419513+09:00,0.0
2026-09-19T14:09:06.4209605+09:00,0.0
2026-09-19T14:09:06.7321092+09:00,0.0
2026-09-19T14:09:07.0140530+09:00,0.0
2026-09-19T14:09:07.2948813+09:00,0.0
2026-09-19T14:09:07.5700628+09:00,0.0
2026-09-19T14:09:07.8420966+09:00,0.0
2026-09-19T14:09:08.1145458+09:00,0.0
2026-09-19T14:09:08.4144106+09:00,0.0
2026-09-19T14:09:08.6944404+09:00,0.0
2026-09-19T14:09:08.9772611+09:00,0.0
2026-09-19T14:09:09.2502292+09:00,0.0
2026-09-19T14:09:09.5230968+09:00,0.0
2026-09-19T14:09:09.8045160+09:00,0.0
2026-09-19T14:09:10.0925175+09:00,0.0
2026-09-19T14:09:10.3480204+09:00,0.0
2026-09-19T14:09:10.6311179+09:00,0.0
2026-09-19T14:09:10.8957396+09:00,0.0
2026-09-19T14:09:11.1750001+09:00,0.0
2026-09-19T14:09:11.4439788+09:00,0.0
2026-09-19T14:09:11.6933938+09:00,0.0
2026-09-19T14:09:11.9898186+09:00,0.0
2026-09-19T14:09:12.2852644+09:00,0.0
2026-09-19T14:09:12.5594859+09:00,0.0
2026-09-19T14:09:12.8261978+09:00,0.0
2026-09-19T14:09:13.1101486+09:00,0.0
2026-09-19T14:09:13.3757125+09:00,0.0
2026-09-19T14:09:13.6592359+09:00,0.0
2026-09-19T14:09:13.9202050+09:00,0.0
2026-09-19T14:09:14.1856206+09:00,0.0
2026-09-19T14:09:14.4752538+09:00,0.0
2026-09-19T14:09:14.7577281+09:00,0.0
2026-09-19T14:09:15.0365302+09:00,0.0
2026-09-19T14:09:15.3174425+09:00,0.0
2026-09-19T14:09:15.6034975+09:00,0.0
2026-09-19T14:09:15.8752805+09:00,0.0
2026-09-19T14:09:16.1627051+09:00,0.0
2026-09-19T14:09:16.4452048+09:00,0.0
2026-09-19T14:09:16.7249579+09:00,0.0
2026-09-19T14:09:17.0042626+09:00,0.0
2026-09-19T14:09:17.2853227+09:00,0.0
2026-09-19T14:09:17.5680630+09:00,0.0
2026-09-19T14:09:17.8465306+09:00,0.0
2026-09-19T14:09:18.1292375+09:00,0.0
2026-09-19T14:09:18.4072669+09:00,0.0
2026-09-19T14:09:18.6885370+09:00,0.0
2026-09-19T14:09:18.9728151+09:00,0.0
2026-09-19T14:09:19.2439851+09:00,0.0
2026-09-19T14:09:19.5236067+09:00,0.0
2026-09-19T14:09:19.8043943+09:00,0.0
2026-09-19T14:09:20.0931150+09:00,0.0
2026-09-19T14:09:20.3623280+09:00,0.0
2026-09-19T14:09:20.6300198+09:00,0.0
2026-09-19T14:09:20.9091242+09:00,0.0
2026-09-19T14:09:21.1863779+09:00,0.0
2026-09-19T14:09:21.4596411+09:00,0.0
2026-09-19T14:09:21.7234463+09:00,0.0
2026-09-19T14:09:21.9758419+09:00,0.0
2026-09-19T14:09:22.2589129+09:00,0.0
2026-09-19T14:09:22.5377612+09:00,0.0
2026-09-19T14:09:22.8027914+09:00,0.0
2026-09-19T14:09:23.1025176+09:00,0.0
2026-09-19T14:09:23.3784351+09:00,0.0
2026-09-19T14:09:23.6467913+09:00,0.0
2026-09-19T14:09:23.9746094+09:00,0.0
2026-09-19T14:09:24.2427154+09:00,0.0
2026-09-19T14:09:24.6179340+09:00,0.0
2026-09-19T14:09:24.9335788+09:00,0.0
2026-09-19T14:09:25.2159580+09:00,0.0
2026-09-19T14:09:25.4975335+09:00,0.0
2026-09-19T14:09:25.7608461+09:00,0.0
2026-09-19T14:09:26.0489493+09:00,0.0
2026-09-19T14:09:26.3140272+09:00,0.0
2026-09-19T14:09:26.5929687+09:00,0.0
2026-09-19T14:09:26.8815543+09:00,0.0
2026-09-19T14:09:27.1791366+09:00,0.0
2026-09-19T14:09:27.4584560+09:00,0.0
2026-09-19T14:09:27.7514545+09:00,0.0
2026-09-19T14:09:28.0352132+09:00,0.0
2026-09-19T14:09:28.3216494+09:00,0.0
2026-09-19T14:09:28.6106429+09:00,0.0
2026-09-19T14:09:28.8804748+09:00,0.0
2026-09-19T14:09:29.1796395+09:00,0.0
2026-09-19T14:09:29.4788278+09:00,0.0
2026-09-19T14:09:29.7639841+09:00,0.0
2026-09-19T14:09:30.0497739+09:00,0.0
2026-09-19T14:09:30.3502085+09:00,0.0
2026-09-19T14:09:30.6673465+09:00,0.0
2026-09-19T14:09:30.9531166+09:00,0.0
2026-09-19T14:09:31.2239211+09:00,0.0
2026-09-19T14:09:31.4952983+09:00,0.0
2026-09-19T14:09:31.7487457+09:00,0.0
2026-09-19T14:09:32.0191537+09:00,0.0
2026-09-19T14:09:32.3054394+09:00,0.0
2026-09-19T14:09:32.6067183+09:00,0.0
2026-09-19T14:09:32.8906243+09:00,0.0
2026-09-19T14:09:33.1627676+09:00,0.0
2026-09-19T14:09:33.4352761+09:00,0.0
2026-09-19T14:09:33.7185559+09:00,0.0
2026-09-19T14:09:33.9890525+09:00,0.0
2026-09-19T14:09:34.2597536+09:00,0.0
2026-09-19T14:09:34.5297849+09:00,0.0
2026-09-19T14:09:34.8156411+09:00,0.0
2026-09-19T14:09:35.1181675+09:00,0.0
2026-09-19T14:09:35.4323008+09:00,0.0
2026-09-19T14:09:35.7186148+09:00,0.0
2026-09-19T14:09:36.0046626+09:00,0.0
2026-09-19T14:09:36.2456127+09:00,0.0
2026-09-19T14:09:36.4990677+09:00,0.0
2026-09-19T14:09:36.7697015+09:00,0.0
2026-09-19T14:09:37.0406133+09:00,0.0
2026-09-19T14:09:37.2802286+09:00,0.0
2026-09-19T14:09:37.5484007+09:00,0.0
2026-09-19T14:09:37.8344373+09:00,0.0
2026-09-19T14:09:38.1209697+09:00,0.0
2026-09-19T14:09:38.3749212+09:00,0.0
2026-09-19T14:09:38.6588174+09:00,0.0
2026-09-19T14:09:38.9399998+09:00,0.0
2026-09-19T14:09:39.2419414+09:00,0.0
2026-09-19T14:09:39.5121218+09:00,0.0
2026-09-19T14:09:39.7824185+09:00,0.0
2026-09-19T14:09:40.0523577+09:00,0.0
2026-09-19T14:09:40.3195698+09:00,0.0
2026-09-19T14:09:40.5977785+09:00,0.0
2026-09-19T14:09:40.8761621+09:00,0.0
2026-09-19T14:09:41.1470405+09:00,0.0
2026-09-19T14:09:41.4304271+09:00,0.0
2026-09-19T14:09:41.7123933+09:00,0.0
2026-09-19T14:09:42.0079648+09:00,0.0
2026-09-19T14:09:42.2722773+09:00,0.0
2026-09-19T14:09:42.5523575+09:00,0.0
2026-09-19T14:09:42.8197022+09:00,0.0
2026-09-19T14:09:43.0703534+09:00,0.0
2026-09-19T14:09:43.3403857+09:00,0.0
2026-09-19T14:09:43.6158353+09:00,0.0
2026-09-19T14:09:43.8950327+09:00,0.0
2026-09-19T14:09:44.1716697+09:00,0.0
2026-09-19T14:09:44.4586747+09:00,0.0
2026-09-19T14:09:44.7381701+09:00,0.0
2026-09-19T14:09:45.0198801+09:00,0.0
2026-09-19T14:09:45.2997479+09:00,0.0
2026-09-19T14:09:45.6111774+09:00,0.0
2026-09-19T14:09:45.8908829+09:00,0.0
2026-09-19T14:09:46.1639630+09:00,0.0
2026-09-19T14:09:46.4288341+09:00,0.0
2026-09-19T14:09:46.6964168+09:00,0.0
2026-09-19T14:09:46.9905645+09:00,0.0
2026-09-19T14:09:47.2602046+09:00,0.0
2026-09-19T14:09:47.5563488+09:00,0.0
2026-09-19T14:09:47.8191658+09:00,0.0
2026-09-19T14:09:48.1070639+09:00,0.0
2026-09-19T14:09:48.3955749+09:00,0.0
2026-09-19T14:09:48.6471960+09:00,0.0
2026-09-19T14:09:48.9257955+09:00,0.0
2026-09-19T14:09:49.2120854+09:00,0.0
2026-09-19T14:09:49.4922474+09:00,0.0
2026-09-19T14:09:49.7789839+09:00,0.0
2026-09-19T14:09:50.0774101+09:00,0.0
2026-09-19T14:09:50.3456867+09:00,0.0
2026-09-19T14:09:50.6000820+09:00,0.0
2026-09-19T14:09:50.8837933+09:00,0.0
2026-09-19T14:09:51.1778232+09:00,0.0
2026-09-19T14:09:51.4175115+09:00,0.0
2026-09-19T14:09:51.7015109+09:00,0.0
2026-09-19T14:09:52.0101755+09:00,0.0
2026-09-19T14:09:52.2944216+09:00,0.0
2026-09-19T14:09:52.6022291+09:00,0.0
2026-09-19T14:09:52.8831944+09:00,0.0
2026-09-19T14:09:53.1629874+09:00,0.0
2026-09-19T14:09:53.4430404+09:00,0.0
2026-09-19T14:09:53.7252758+09:00,0.0
2026-09-19T14:09:54.0079211+09:00,0.0
2026-09-19T14:09:54.2872279+09:00,0.0
2026-09-19T14:09:54.5641684+09:00,0.0
2026-09-19T14:09:54.8291316+09:00,0.0
2026-09-19T14:09:55.1096415+09:00,0.0
2026-09-19T14:09:55.3749009+09:00,0.0
2026-09-19T14:09:55.6598986+09:00,0.0
2026-09-19T14:09:55.9391197+09:00,0.0
2026-09-19T14:09:56.2093666+09:00,0.0
2026-09-19T14:09:56.4897437+09:00,0.0
2026-09-19T14:09:56.7547287+09:00,0.0
2026-09-19T14:09:57.0369969+09:00,0.0
2026-09-19T14:09:57.3636842+09:00,0.0
2026-09-19T14:09:57.6306240+09:00,0.0
2026-09-19T14:09:57.9100915+09:00,0.0
2026-09-19T14:09:58.1584221+09:00,0.0
2026-09-19T14:09:58.4239916+09:00,0.0
2026-09-19T14:09:58.6969933+09:00,0.0
2026-09-19T14:09:58.9905473+09:00,0.0
2026-09-19T14:09:59.2603221+09:00,0.0
2026-09-19T14:09:59.5273060+09:00,0.0
2026-09-19T14:09:59.8018770+09:00,0.0
2026-09-19T14:10:00.1012563+09:00,0.0
2026-09-19T14:10:00.4146247+09:00,0.0
2026-09-19T14:10:00.6941689+09:00,0.0
2026-09-19T14:10:00.9913519+09:00,0.0
2026-09-19T14:10:01.2573070+09:00,0.0
2026-09-19T14:10:01.5090902+09:00,0.0
2026-09-19T14:10:01.8040283+09:00,0.0
2026-09-19T14:10:02.0871686+09:00,0.0
2026-09-19T14:10:02.3686362+09:00,0.0
2026-09-19T14:10:02.6451675+09:00,0.0
2026-09-19T14:10:02.9146038+09:00,0.0
2026-09-19T14:10:03.2103557+09:00,0.0
2026-09-19T14:10:03.4803792+09:00,0.0
2026-09-19T14:10:03.7397908+09:00,0.0
2026-09-19T14:10:03.9941884+09:00,0.0
2026-09-19T14:10:04.2585577+09:00,0.0
2026-09-19T14:10:04.5280597+09:00,0.0
2026-09-19T14:10:04.7932815+09:00,0.0
2026-09-19T14:10:05.0738836+09:00,0.0
2026-09-19T14:10:05.3356633+09:00,0.0
2026-09-19T14:10:05.6020554+09:00,0.0
2026-09-19T14:10:05.8824641+09:00,0.0
2026-09-19T14:10:06.1787252+09:00,0.0
2026-09-19T14:10:06.4587871+09:00,0.0
2026-09-19T14:10:06.6950198+09:00,0.0
2026-09-19T14:10:06.9946959+09:00,0.0
2026-09-19T14:10:07.2745309+09:00,0.0
2026-09-19T14:10:07.5803165+09:00,0.0
2026-09-19T14:10:07.8631943+09:00,0.0
2026-09-19T14:10:08.1330687+09:00,0.0
2026-09-19T14:10:08.4150840+09:00,0.0
2026-09-19T14:10:08.6819423+09:00,0.0
2026-09-19T14:10:08.9616897+09:00,0.0
2026-09-19T14:10:09.2413175+09:00,0.0
2026-09-19T14:10:09.5058839+09:00,0.0
2026-09-19T14:10:09.7730283+09:00,0.0
2026-09-19T14:10:10.0466435+09:00,0.0
2026-09-19T14:10:10.3468731+09:00,0.0
2026-09-19T14:10:10.6173645+09:00,0.0
2026-09-19T14:10:10.8974195+09:00,0.0
2026-09-19T14:10:11.1635735+09:00,0.0
2026-09-19T14:10:11.4426666+09:00,0.0
2026-09-19T14:10:11.7220520+09:00,0.0
2026-09-19T14:10:11.9900398+09:00,0.0
2026-09-19T14:10:12.2538360+09:00,0.0
2026-09-19T14:10:12.5186362+09:00,0.0
2026-09-19T14:10:12.8163174+09:00,0.0
2026-09-19T14:10:13.0661333+09:00,0.0
2026-09-19T14:10:13.3323084+09:00,0.0
2026-09-19T14:10:13.6145144+09:00,0.0
2026-09-19T14:10:13.8992569+09:00,0.0
2026-09-19T14:10:14.1961381+09:00,0.0
2026-09-19T14:10:14.4574688+09:00,0.0
2026-09-19T14:10:14.7633186+09:00,0.0
2026-09-19T14:10:15.0245302+09:00,0.0
2026-09-19T14:10:15.3051330+09:00,0.0
2026-09-19T14:10:15.5699625+09:00,0.0
2026-09-19T14:10:15.8355528+09:00,0.0
2026-09-19T14:10:16.1148573+09:00,0.0
2026-09-19T14:10:16.3868800+09:00,0.0
2026-09-19T14:10:16.6793209+09:00,0.0
2026-09-19T14:10:16.9790671+09:00,0.0
2026-09-19T14:10:17.2618541+09:00,0.0
2026-09-19T14:10:17.5425999+09:00,0.0
2026-09-19T14:10:17.8240651+09:00,0.0
2026-09-19T14:10:18.0978604+09:00,0.0
2026-09-19T14:10:18.3636345+09:00,0.0
2026-09-19T14:10:18.6482294+09:00,0.0
2026-09-19T14:10:18.9316789+09:00,0.0
2026-09-19T14:10:19.1967491+09:00,0.0
2026-09-19T14:10:19.4624113+09:00,0.0
2026-09-19T14:10:19.7448573+09:00,0.0
2026-09-19T14:10:20.0399575+09:00,0.0
2026-09-19T14:10:20.3055747+09:00,0.0
2026-09-19T14:10:20.5862947+09:00,0.0
2026-09-19T14:10:20.8807657+09:00,0.0
2026-09-19T14:10:21.1629000+09:00,0.0
2026-09-19T14:10:21.4488081+09:00,0.0
2026-09-19T14:10:21.7273264+09:00,0.0
2026-09-19T14:10:22.0232376+09:00,0.0
2026-09-19T14:10:22.3010371+09:00,0.0
2026-09-19T14:10:22.5816928+09:00,0.0
2026-09-19T14:10:22.8767246+09:00,0.0
2026-09-19T14:10:23.1726598+09:00,0.0
2026-09-19T14:10:23.4579487+09:00,0.0
2026-09-19T14:10:23.7304492+09:00,0.0
2026-09-19T14:10:24.0254591+09:00,0.0
2026-09-19T14:10:24.2879313+09:00,0.0
2026-09-19T14:10:24.5646326+09:00,0.0
2026-09-19T14:10:24.8457381+09:00,0.0
2026-09-19T14:10:25.1214694+09:00,0.0
2026-09-19T14:10:25.4161370+09:00,0.0
2026-09-19T14:10:25.7020136+09:00,0.0
2026-09-19T14:10:26.0114379+09:00,0.0
2026-09-19T14:10:26.2912243+09:00,0.0
2026-09-19T14:10:26.5758158+09:00,0.0
2026-09-19T14:10:26.8666414+09:00,0.0
2026-09-19T14:10:27.1374601+09:00,0.0
2026-09-19T14:10:27.4173762+09:00,0.0
2026-09-19T14:10:27.7004316+09:00,0.0
2026-09-19T14:10:27.9963399+09:00,0.0
2026-09-19T14:10:28.2774725+09:00,0.0
2026-09-19T14:10:28.5785048+09:00,0.0
2026-09-19T14:10:28.8495658+09:00,0.0
2026-09-19T14:10:29.1165558+09:00,0.0
2026-09-19T14:10:29.3982375+09:00,0.0
2026-09-19T14:10:29.6460769+09:00,0.0
2026-09-19T14:10:29.9102318+09:00,0.0
2026-09-19T14:10:30.1786120+09:00,0.0
2026-09-19T14:10:30.4604191+09:00,0.0
2026-09-19T14:10:30.7378702+09:00,0.0
2026-09-19T14:10:31.0188884+09:00,0.0
2026-09-19T14:10:31.3008063+09:00,0.0
2026-09-19T14:10:31.5797667+09:00,0.0
2026-09-19T14:10:31.8548226+09:00,0.0
2026-09-19T14:10:32.1399871+09:00,0.0
2026-09-19T14:10:32.4198765+09:00,0.0
2026-09-19T14:10:32.6802310+09:00,0.0
2026-09-19T14:10:32.9609082+09:00,0.0
2026-09-19T14:10:33.2711536+09:00,0.0
2026-09-19T14:10:33.5377215+09:00,0.0
2026-09-19T14:10:33.8191094+09:00,0.0
2026-09-19T14:10:34.1005526+09:00,0.0
2026-09-19T14:10:34.3801418+09:00,0.0
2026-09-19T14:10:34.6607682+09:00,0.0
2026-09-19T14:10:34.9433831+09:00,0.0
2026-09-19T14:10:35.2063046+09:00,0.0
2026-09-19T14:10:35.4857710+09:00,0.0
2026-09-19T14:10:35.7371998+09:00,0.0
2026-09-19T14:10:36.0047612+09:00,0.0
2026-09-19T14:10:36.2869383+09:00,0.0
2026-09-19T14:10:36.5634943+09:00,0.0
2026-09-19T14:10:36.8484611+09:00,0.0
2026-09-19T14:10:37.1334686+09:00,0.0
2026-09-19T14:10:37.4007761+09:00,0.0
2026-09-19T14:10:37.6679259+09:00,0.0
2026-09-19T14:10:37.9484978+09:00,0.0
2026-09-19T14:10:38.2324229+09:00,0.0
2026-09-19T14:10:38.5037730+09:00,0.0
2026-09-19T14:10:38.7658796+09:00,0.0
2026-09-19T14:10:39.0332552+09:00,0.0
2026-09-19T14:10:39.2817821+09:00,0.0
2026-09-19T14:10:39.5622187+09:00,0.0
2026-09-19T14:10:39.8274309+09:00,0.0
2026-09-19T14:10:40.0990061+09:00,0.0
2026-09-19T14:10:40.3788506+09:00,0.0
2026-09-19T14:10:40.6526124+09:00,0.0
2026-09-19T14:10:40.9342466+09:00,0.0
2026-09-19T14:10:41.1998334+09:00,0.0
2026-09-19T14:10:41.4810416+09:00,0.0
2026-09-19T14:10:41.7455079+09:00,0.0
2026-09-19T14:10:42.0446286+09:00,0.0
2026-09-19T14:10:42.3261449+09:00,0.0
2026-09-19T14:10:42.5932993+09:00,0.0
2026-09-19T14:10:42.8616415+09:00,0.0
2026-09-19T14:10:43.1368536+09:00,0.0
2026-09-19T14:10:43.4152279+09:00,0.0
2026-09-19T14:10:43.6817491+09:00,0.0
2026-09-19T14:10:43.9582962+09:00,0.0
2026-09-19T14:10:44.2648802+09:00,0.0
2026-09-19T14:10:44.5438882+09:00,0.0
2026-09-19T14:10:44.8234715+09:00,0.0
2026-09-19T14:10:45.1328229+09:00,0.0
2026-09-19T14:10:45.4146521+09:00,0.0
2026-09-19T14:10:45.7155605+09:00,0.0
2026-09-19T14:10:46.0161555+09:00,0.0
2026-09-19T14:10:46.2982992+09:00,0.0
2026-09-19T14:10:46.5566749+09:00,0.0
2026-09-19T14:10:46.8353494+09:00,0.0
2026-09-19T14:10:47.1322705+09:00,0.0
2026-09-19T14:10:47.4075517+09:00,0.0
2026-09-19T14:10:47.7054912+09:00,0.0
2026-09-19T14:10:47.9911521+09:00,0.0
2026-09-19T14:10:48.2629877+09:00,0.0
2026-09-19T14:10:48.5199014+09:00,0.0
2026-09-19T14:10:48.8016796+09:00,0.0
2026-09-19T14:10:49.0693350+09:00,0.0
2026-09-19T14:10:49.3490145+09:00,0.0
2026-09-19T14:10:49.6181897+09:00,0.0
2026-09-19T14:10:49.8946829+09:00,0.0
2026-09-19T14:10:50.1672486+09:00,0.0
2026-09-19T14:10:50.4659965+09:00,0.0
2026-09-19T14:10:50.7436237+09:00,0.0
2026-09-19T14:10:51.0468486+09:00,0.0
2026-09-19T14:10:51.3499307+09:00,0.0
2026-09-19T14:10:51.6186036+09:00,0.0
2026-09-19T14:10:51.8972658+09:00,0.0
2026-09-19T14:10:52.1741870+09:00,0.0
2026-09-19T14:10:52.4486735+09:00,0.0
2026-09-19T14:10:52.7287588+09:00,0.0
2026-09-19T14:10:53.0103179+09:00,0.0
2026-09-19T14:10:53.2747893+09:00,0.0
2026-09-19T14:10:53.5464290+09:00,0.0
2026-09-19T14:10:53.8325343+09:00,0.0
2026-09-19T14:10:54.1214354+09:00,0.0
2026-09-19T14:10:54.3882737+09:00,0.0
2026-09-19T14:10:54.6764419+09:00,0.0
2026-09-19T14:10:54.9668303+09:00,0.0
2026-09-19T14:10:55.2476900+09:00,0.0
2026-09-19T14:10:55.5478856+09:00,0.0
2026-09-19T14:10:55.8048159+09:00,0.0
2026-09-19T14:10:56.0728830+09:00,0.0
2026-09-19T14:10:56.3537519+09:00,0.0
2026-09-19T14:10:56.6157621+09:00,0.0
2026-09-19T14:10:56.8961814+09:00,0.0
2026-09-19T14:10:57.1779366+09:00,0.0
2026-09-19T14:10:57.4655675+09:00,0.0
2026-09-19T14:10:57.7280327+09:00,0.0
2026-09-19T14:10:58.0116847+09:00,0.0
2026-09-19T14:10:58.2785133+09:00,0.0
2026-09-19T14:10:58.5553173+09:00,0.0
2026-09-19T14:10:58.8283996+09:00,0.0
2026-09-19T14:10:59.1034449+09:00,0.0
2026-09-19T14:10:59.3818436+09:00,0.0
2026-09-19T14:10:59.6613870+09:00,0.0
2026-09-19T14:10:59.9418997+09:00,0.0
2026-09-19T14:11:00.2156375+09:00,0.0
2026-09-19T14:11:00.4860779+09:00,0.0
2026-09-19T14:11:00.7364940+09:00,0.0
2026-09-19T14:11:01.0165487+09:00,0.0
2026-09-19T14:11:01.2975181+09:00,0.0
2026-09-19T14:11:01.5811838+09:00,0.0
2026-09-19T14:11:01.8744167+09:00,0.0
2026-09-19T14:11:02.1358967+09:00,0.0
2026-09-19T14:11:02.4178115+09:00,0.0
2026-09-19T14:11:02.7010432+09:00,0.0
2026-09-19T14:11:02.9948582+09:00,0.0
2026-09-19T14:11:03.2762086+09:00,0.0
2026-09-19T14:11:03.5577854+09:00,0.0
2026-09-19T14:11:03.8382590+09:00,0.0
2026-09-19T14:11:04.1179691+09:00,0.0
2026-09-19T14:11:04.4002833+09:00,0.0
2026-09-19T14:11:04.6789238+09:00,0.0
2026-09-19T14:11:04.9632798+09:00,0.0
2026-09-19T14:11:05.2486181+09:00,0.0
2026-09-19T14:11:05.5498417+09:00,0.0
2026-09-19T14:11:05.8275098+09:00,0.0
2026-09-19T14:11:06.1401567+09:00,0.0
2026-09-19T14:11:06.4047258+09:00,0.0
2026-09-19T14:11:06.6843649+09:00,0.0
2026-09-19T14:11:06.9855476+09:00,0.0
2026-09-19T14:11:07.2808816+09:00,0.0
2026-09-19T14:11:07.5687366+09:00,0.0
2026-09-19T14:11:07.8496600+09:00,0.0
2026-09-19T14:11:08.1147411+09:00,0.0
2026-09-19T14:11:08.3935972+09:00,0.0
2026-09-19T14:11:08.6832381+09:00,0.0
2026-09-19T14:11:08.9734422+09:00,0.0
2026-09-19T14:11:09.2436660+09:00,0.0
2026-09-19T14:11:09.5156070+09:00,0.0
2026-09-19T14:11:09.7763755+09:00,0.0
2026-09-19T14:11:10.0421364+09:00,0.0
2026-09-19T14:11:10.3203965+09:00,0.0
2026-09-19T14:11:10.6035952+09:00,0.0
2026-09-19T14:11:10.8851105+09:00,0.0
2026-09-19T14:11:11.1508393+09:00,0.0
2026-09-19T14:11:11.4164730+09:00,0.0
2026-09-19T14:11:11.6839130+09:00,0.0
2026-09-19T14:11:11.9635304+09:00,0.0
2026-09-19T14:11:12.2626117+09:00,0.0
2026-09-19T14:11:12.5329219+09:00,0.0
2026-09-19T14:11:12.8026850+09:00,0.0
2026-09-19T14:11:13.0760005+09:00,0.0
2026-09-19T14:11:13.3723781+09:00,0.0
2026-09-19T14:11:13.6457124+09:00,0.0
2026-09-19T14:11:13.9150709+09:00,0.0
2026-09-19T14:11:14.1953088+09:00,0.0
2026-09-19T14:11:14.4601138+09:00,0.0
2026-09-19T14:11:14.7273163+09:00,0.0
2026-09-19T14:11:15.0081928+09:00,0.0
2026-09-19T14:11:15.2751553+09:00,0.0
2026-09-19T14:11:15.5559016+09:00,0.0
2026-09-19T14:11:15.8353252+09:00,0.0
2026-09-19T14:11:16.1179805+09:00,0.0
2026-09-19T14:11:16.3920761+09:00,0.0
2026-09-19T14:11:16.6407105+09:00,0.0
2026-09-19T14:11:16.8926594+09:00,0.0
2026-09-19T14:11:17.1852442+09:00,0.0
2026-09-19T14:11:17.4621760+09:00,0.0
2026-09-19T14:11:17.7424927+09:00,0.0
2026-09-19T14:11:18.0214075+09:00,0.0
2026-09-19T14:11:18.2995783+09:00,0.0
2026-09-19T14:11:18.5716405+09:00,0.0
2026-09-19T14:11:18.8388231+09:00,0.0
2026-09-19T14:11:19.1185284+09:00,0.0
2026-09-19T14:11:19.4017148+09:00,0.0
2026-09-19T14:11:19.6621419+09:00,0.0
2026-09-19T14:11:19.9803158+09:00,0.0
2026-09-19T14:11:20.2627574+09:00,0.0
2026-09-19T14:11:20.5303651+09:00,0.0
2026-09-19T14:11:20.8029963+09:00,0.0
2026-09-19T14:11:21.0690296+09:00,0.0
2026-09-19T14:11:21.3514011+09:00,0.0
2026-09-19T14:11:21.6174926+09:00,0.0
2026-09-19T14:11:21.9166387+09:00,0.0
2026-09-19T14:11:22.1983368+09:00,0.0
2026-09-19T14:11:22.4849111+09:00,0.0
2026-09-19T14:11:22.7691181+09:00,0.0
2026-09-19T14:11:23.0413729+09:00,0.0
2026-09-19T14:11:23.3261164+09:00,0.0
2026-09-19T14:11:23.5911005+09:00,0.0
2026-09-19T14:11:23.8572178+09:00,0.0
2026-09-19T14:11:24.1410415+09:00,0.0
2026-09-19T14:11:24.4217080+09:00,0.0
2026-09-19T14:11:24.7018765+09:00,0.0
2026-09-19T14:11:24.9889031+09:00,0.0
2026-09-19T14:11:25.2673550+09:00,0.0
2026-09-19T14:11:25.5634682+09:00,0.0
2026-09-19T14:11:25.8437553+09:00,0.0
2026-09-19T14:11:26.0855733+09:00,0.0
2026-09-19T14:11:26.3675764+09:00,0.0
2026-09-19T14:11:26.6520167+09:00,0.0
2026-09-19T14:11:26.9320841+09:00,0.0
2026-09-19T14:11:27.1973378+09:00,0.0
2026-09-19T14:11:27.4839219+09:00,0.0
2026-09-19T14:11:27.7533055+09:00,0.0
2026-09-19T14:11:28.0266453+09:00,0.0
2026-09-19T14:11:28.3073936+09:00,0.0
2026-09-19T14:11:28.5889142+09:00,0.0
2026-09-19T14:11:28.8709601+09:00,0.0
2026-09-19T14:11:29.1490983+09:00,0.0
2026-09-19T14:11:29.4163817+09:00,0.0
2026-09-19T14:11:29.6965489+09:00,0.0
2026-09-19T14:11:29.9678526+09:00,0.0
2026-09-19T14:11:30.2412675+09:00,0.0
2026-09-19T14:11:30.5134608+09:00,0.0
2026-09-19T14:11:30.7935831+09:00,0.0
2026-09-19T14:11:31.0666225+09:00,0.0
2026-09-19T14:11:31.3530438+09:00,0.0
2026-09-19T14:11:31.6234078+09:00,0.0
2026-09-19T14:11:31.9034082+09:00,0.0
2026-09-19T14:11:32.2614133+09:00,0.0
2026-09-19T14:11:32.5408739+09:00,0.0
2026-09-19T14:11:32.8053866+09:00,0.0
2026-09-19T14:11:33.0878843+09:00,0.0
2026-09-19T14:11:33.3690904+09:00,0.0
2026-09-19T14:11:33.6349931+09:00,0.0
2026-09-19T14:11:33.9004175+09:00,0.0
2026-09-19T14:11:34.1818203+09:00,0.0
2026-09-19T14:11:34.4600241+09:00,0.0
2026-09-19T14:11:34.7063231+09:00,0.0
2026-09-19T14:11:34.9881316+09:00,0.0
2026-09-19T14:11:35.2700455+09:00,0.0
2026-09-19T14:11:35.5550005+09:00,0.0
2026-09-19T14:11:35.8357316+09:00,0.0
2026-09-19T14:11:36.1105613+09:00,0.0
2026-09-19T14:11:36.4060169+09:00,0.0
2026-09-19T14:11:36.6719049+09:00,0.0
2026-09-19T14:11:36.9582304+09:00,0.0
2026-09-19T14:11:37.2140468+09:00,0.0
2026-09-19T14:11:37.4813500+09:00,0.0
2026-09-19T14:11:37.7767226+09:00,0.0
2026-09-19T14:11:38.0682217+09:00,0.0
2026-09-19T14:11:38.3433786+09:00,0.0
2026-09-19T14:11:38.6509568+09:00,0.0
2026-09-19T14:11:38.9289063+09:00,0.0
2026-09-19T14:11:39.2098183+09:00,0.0
2026-09-19T14:11:39.4829496+09:00,0.0
2026-09-19T14:11:39.7622205+09:00,0.0
2026-09-19T14:11:40.0477032+09:00,0.0
2026-09-19T14:11:40.3272540+09:00,0.0
2026-09-19T14:11:40.6099094+09:00,0.0
2026-09-19T14:11:40.8883563+09:00,0.0
2026-09-19T14:11:41.1680051+09:00,0.0
2026-09-19T14:11:41.4446612+09:00,0.0
2026-09-19T14:11:41.7091452+09:00,0.0
2026-09-19T14:11:41.9859813+09:00,0.0
2026-09-19T14:11:42.2643384+09:00,0.0
2026-09-19T14:11:42.5325254+09:00,0.0
2026-09-19T14:11:42.8132741+09:00,0.0
2026-09-19T14:11:43.0876967+09:00,0.0
2026-09-19T14:11:43.3781488+09:00,0.0
2026-09-19T14:11:43.6292231+09:00,0.0
2026-09-19T14:11:43.8945345+09:00,0.0
2026-09-19T14:11:44.1760436+09:00,0.0
2026-09-19T14:11:44.4226599+09:00,0.0
2026-09-19T14:11:44.7029854+09:00,0.0
2026-09-19T14:11:44.9534774+09:00,0.0
2026-09-19T14:11:45.2495700+09:00,0.0
2026-09-19T14:11:45.5451845+09:00,0.0
2026-09-19T14:11:45.8409874+09:00,0.0
2026-09-19T14:11:46.1205916+09:00,0.0
2026-09-19T14:11:46.3985629+09:00,0.0
2026-09-19T14:11:46.6800203+09:00,0.0
2026-09-19T14:11:46.9609321+09:00,0.0
2026-09-19T14:11:47.2255948+09:00,0.0
2026-09-19T14:11:47.4959465+09:00,0.0
2026-09-19T14:11:47.7770360+09:00,0.0
2026-09-19T14:11:48.0584229+09:00,0.0
2026-09-19T14:11:48.3373457+09:00,0.0
2026-09-19T14:11:48.6209014+09:00,0.0
2026-09-19T14:11:48.8993157+09:00,0.0
2026-09-19T14:11:49.1793245+09:00,0.0
2026-09-19T14:11:49.4611928+09:00,0.0
2026-09-19T14:11:49.7398930+09:00,0.0
2026-09-19T14:11:50.0203565+09:00,0.0
2026-09-19T14:11:50.3033700+09:00,0.0
2026-09-19T14:11:50.5822214+09:00,0.0
2026-09-19T14:11:50.8648285+09:00,0.0
2026-09-19T14:11:51.1428275+09:00,0.0
2026-09-19T14:11:51.4280916+09:00,0.0
2026-09-19T14:11:51.6962433+09:00,0.0
2026-09-19T14:11:51.9932056+09:00,0.0
2026-09-19T14:11:52.2411202+09:00,0.0
2026-09-19T14:11:52.5388892+09:00,0.0
2026-09-19T14:11:52.8085945+09:00,0.0
2026-09-19T14:11:53.0543339+09:00,0.0
2026-09-19T14:11:53.3349304+09:00,0.0
2026-09-19T14:11:53.6318878+09:00,0.0
2026-09-19T14:11:53.9130370+09:00,0.0
2026-09-19T14:11:54.1845365+09:00,0.0
2026-09-19T14:11:54.4556036+09:00,0.0
2026-09-19T14:11:54.7231628+09:00,0.0
2026-09-19T14:11:54.9721860+09:00,0.0
2026-09-19T14:11:55.2534489+09:00,0.0
2026-09-19T14:11:55.5497222+09:00,0.0
2026-09-19T14:11:55.8215504+09:00,0.0
2026-09-19T14:11:56.1175199+09:00,0.0
2026-09-19T14:11:56.3955080+09:00,0.0
2026-09-19T14:11:56.6757737+09:00,0.0
2026-09-19T14:11:56.9572704+09:00,0.0
2026-09-19T14:11:57.2273432+09:00,0.0
2026-09-19T14:11:57.5142418+09:00,0.0
2026-09-19T14:11:57.7940254+09:00,0.0
2026-09-19T14:11:58.0582538+09:00,0.0
2026-09-19T14:11:58.3231420+09:00,0.0
2026-09-19T14:11:58.6053506+09:00,0.0
2026-09-19T14:11:58.8691382+09:00,0.0
2026-09-19T14:11:59.1446795+09:00,0.0
2026-09-19T14:11:59.4110395+09:00,0.0
2026-09-19T14:11:59.6796765+09:00,0.0
2026-09-19T14:11:59.9701122+09:00,0.0
2026-09-19T14:12:00.2514065+09:00,0.0
2026-09-19T14:12:00.5164319+09:00,0.0
2026-09-19T14:12:00.7920064+09:00,0.0
2026-09-19T14:12:01.0676294+09:00,0.0
2026-09-19T14:12:01.3464412+09:00,0.0
2026-09-19T14:12:01.6447460+09:00,0.0
2026-09-19T14:12:01.9416093+09:00,0.0
2026-09-19T14:12:02.2228644+09:00,0.0
2026-09-19T14:12:02.4706653+09:00,0.0
2026-09-19T14:12:02.7820856+09:00,0.0
2026-09-19T14:12:03.0647511+09:00,0.0
2026-09-19T14:12:03.3627384+09:00,0.0
2026-09-19T14:12:03.6210351+09:00,0.0
2026-09-19T14:12:03.9034965+09:00,0.0
2026-09-19T14:12:04.1843119+09:00,0.0
2026-09-19T14:12:04.4634193+09:00,0.0
2026-09-19T14:12:04.7345953+09:00,0.0
2026-09-19T14:12:05.0158513+09:00,0.0
2026-09-19T14:12:05.2945035+09:00,0.0
2026-09-19T14:12:05.5902834+09:00,0.0
2026-09-19T14:12:05.8810628+09:00,0.0
2026-09-19T14:12:06.1535138+09:00,0.0
2026-09-19T14:12:06.4190264+09:00,0.0
2026-09-19T14:12:06.6987045+09:00,0.0
2026-09-19T14:12:06.9815175+09:00,0.0
2026-09-19T14:12:07.2634404+09:00,0.0
2026-09-19T14:12:07.5417482+09:00,0.0
2026-09-19T14:12:07.8245661+09:00,0.0
2026-09-19T14:12:08.1144942+09:00,0.0
2026-09-19T14:12:08.3634176+09:00,0.0
2026-09-19T14:12:08.6284570+09:00,0.0
2026-09-19T14:12:08.9130428+09:00,0.0
2026-09-19T14:12:09.1844152+09:00,0.0
2026-09-19T14:12:09.4630930+09:00,0.0
2026-09-19T14:12:09.7299856+09:00,0.0
2026-09-19T14:12:10.0094758+09:00,0.0
2026-09-19T14:12:10.2579434+09:00,0.0
2026-09-19T14:12:10.5406377+09:00,0.0
2026-09-19T14:12:10.8259267+09:00,0.0
2026-09-19T14:12:11.0849052+09:00,0.0
2026-09-19T14:12:11.3813240+09:00,0.0
2026-09-19T14:12:11.6465163+09:00,0.0
2026-09-19T14:12:11.9145751+09:00,0.0
2026-09-19T14:12:12.1819433+09:00,0.0
2026-09-19T14:12:12.4614013+09:00,0.0
2026-09-19T14:12:12.7462588+09:00,0.0
2026-09-19T14:12:13.0440867+09:00,0.0
2026-09-19T14:12:13.3244784+09:00,0.0
2026-09-19T14:12:13.6184413+09:00,0.0
2026-09-19T14:12:13.8857641+09:00,0.0
2026-09-19T14:12:14.1504242+09:00,0.0
2026-09-19T14:12:14.4159739+09:00,0.0
2026-09-19T14:12:14.6950787+09:00,0.0
2026-09-19T14:12:14.9746314+09:00,0.0
2026-09-19T14:12:15.2453288+09:00,0.0
2026-09-19T14:12:15.5539326+09:00,0.0
2026-09-19T14:12:15.8344573+09:00,0.0
2026-09-19T14:12:16.0988633+09:00,0.0
2026-09-19T14:12:16.3489406+09:00,0.0
2026-09-19T14:12:16.6298037+09:00,0.0
2026-09-19T14:12:16.9078481+09:00,0.0
2026-09-19T14:12:17.1787498+09:00,0.0
2026-09-19T14:12:17.4579728+09:00,0.0
2026-09-19T14:12:17.7394079+09:00,0.0
2026-09-19T14:12:18.0207514+09:00,0.0
2026-09-19T14:12:18.3004193+09:00,0.0
2026-09-19T14:12:18.5914867+09:00,0.0
2026-09-19T14:12:18.8582828+09:00,0.0
2026-09-19T14:12:19.1377978+09:00,0.0
2026-09-19T14:12:19.4160050+09:00,0.0
2026-09-19T14:12:19.6954129+09:00,0.0
2026-09-19T14:12:19.9841591+09:00,0.0
2026-09-19T14:12:20.2604408+09:00,0.0
2026-09-19T14:12:20.5438742+09:00,0.0
2026-09-19T14:12:20.7933185+09:00,0.0
2026-09-19T14:12:21.0607294+09:00,0.0
2026-09-19T14:12:21.3322451+09:00,0.0
2026-09-19T14:12:21.6156664+09:00,0.0
2026-09-19T14:12:21.8959534+09:00,0.0
2026-09-19T14:12:22.1604151+09:00,0.0
2026-09-19T14:12:22.4272093+09:00,0.0
2026-09-19T14:12:22.7057947+09:00,0.0
2026-09-19T14:12:22.9712454+09:00,0.0
2026-09-19T14:12:23.2876477+09:00,0.0
2026-09-19T14:12:23.5563685+09:00,0.0
2026-09-19T14:12:23.8460673+09:00,0.0
2026-09-19T14:12:24.1205899+09:00,0.0
2026-09-19T14:12:24.3761049+09:00,0.0
2026-09-19T14:12:24.6419900+09:00,0.0
2026-09-19T14:12:24.9063314+09:00,0.0
2026-09-19T14:12:25.1869642+09:00,0.0
2026-09-19T14:12:25.4669417+09:00,0.0
2026-09-19T14:12:25.7481832+09:00,0.0
2026-09-19T14:12:26.0133977+09:00,0.0
2026-09-19T14:12:26.2796108+09:00,0.0
2026-09-19T14:12:26.5778398+09:00,0.0
2026-09-19T14:12:26.8559479+09:00,0.0
2026-09-19T14:12:27.1204608+09:00,0.0
2026-09-19T14:12:27.3989004+09:00,0.0
2026-09-19T14:12:27.6573909+09:00,0.0
2026-09-19T14:12:27.9406898+09:00,0.0
2026-09-19T14:12:28.2205241+09:00,0.0
2026-09-19T14:12:28.5007700+09:00,0.0
2026-09-19T14:12:28.7988825+09:00,0.0
2026-09-19T14:12:29.0773749+09:00,0.0
2026-09-19T14:12:29.3566420+09:00,0.0
2026-09-19T14:12:29.6212931+09:00,0.0
2026-09-19T14:12:29.8904196+09:00,0.0
2026-09-19T14:12:30.1728272+09:00,0.0
2026-09-19T14:12:30.4378953+09:00,0.0
2026-09-19T14:12:30.7114999+09:00,0.0
2026-09-19T14:12:31.0136861+09:00,0.0
2026-09-19T14:12:31.2949421+09:00,0.0
2026-09-19T14:12:31.5753794+09:00,0.0
2026-09-19T14:12:31.8444554+09:00,0.0
2026-09-19T14:12:32.1126442+09:00,0.0
2026-09-19T14:12:32.3946730+09:00,0.0
2026-09-19T14:12:32.6723371+09:00,0.0
2026-09-19T14:12:32.9675957+09:00,0.0
2026-09-19T14:12:33.2371889+09:00,0.0
2026-09-19T14:12:33.5416711+09:00,0.0
2026-09-19T14:12:33.8216865+09:00,0.0
2026-09-19T14:12:34.1105940+09:00,0.0
2026-09-19T14:12:34.3756343+09:00,0.0
2026-09-19T14:12:34.6578720+09:00,0.0
2026-09-19T14:12:34.9375127+09:00,0.0
2026-09-19T14:12:35.2179141+09:00,0.0
2026-09-19T14:12:35.4678813+09:00,0.0
2026-09-19T14:12:35.7247771+09:00,0.0
2026-09-19T14:12:36.0045294+09:00,0.0
2026-09-19T14:12:36.2824979+09:00,0.0
2026-09-19T14:12:36.5650071+09:00,0.0
2026-09-19T14:12:36.8543296+09:00,0.0
2026-09-19T14:12:37.1368424+09:00,0.0
2026-09-19T14:12:37.3861561+09:00,0.0
2026-09-19T14:12:37.6800776+09:00,0.0
2026-09-19T14:12:37.9625438+09:00,0.0
2026-09-19T14:12:38.2417699+09:00,0.0
2026-09-19T14:12:38.5212629+09:00,0.0
2026-09-19T14:12:38.8012523+09:00,0.0
2026-09-19T14:12:39.0984086+09:00,0.0
2026-09-19T14:12:39.3777020+09:00,0.0
2026-09-19T14:12:39.6579988+09:00,0.0
2026-09-19T14:12:39.9439517+09:00,0.0
2026-09-19T14:12:40.1975315+09:00,0.0
2026-09-19T14:12:40.4736877+09:00,0.0
2026-09-19T14:12:40.7525148+09:00,0.0
2026-09-19T14:12:41.0480944+09:00,0.0
2026-09-19T14:12:41.3305326+09:00,0.0
2026-09-19T14:12:41.6138066+09:00,0.0
2026-09-19T14:12:41.8799955+09:00,0.0
2026-09-19T14:12:42.1469717+09:00,0.0
2026-09-19T14:12:42.4579097+09:00,0.0
2026-09-19T14:12:42.7838611+09:00,0.0
2026-09-19T14:12:43.0854037+09:00,0.0
2026-09-19T14:12:43.4162531+09:00,0.0
2026-09-19T14:12:43.6983680+09:00,0.0
2026-09-19T14:12:43.9881549+09:00,0.0
2026-09-19T14:12:44.2855819+09:00,0.0
2026-09-19T14:12:44.5765431+09:00,0.0
2026-09-19T14:12:44.8898345+09:00,0.0
2026-09-19T14:12:45.1670682+09:00,0.0
2026-09-19T14:12:45.4768264+09:00,0.0
2026-09-19T14:12:45.7884468+09:00,0.0
2026-09-19T14:12:46.0878155+09:00,0.0
2026-09-19T14:12:46.3691954+09:00,0.0
2026-09-19T14:12:46.6546728+09:00,0.0
2026-09-19T14:12:46.9602098+09:00,0.0
2026-09-19T14:12:47.2733501+09:00,0.0
2026-09-19T14:12:47.5724699+09:00,0.0
2026-09-19T14:12:47.8706535+09:00,0.0
2026-09-19T14:12:48.1346319+09:00,0.0
2026-09-19T14:12:48.4069563+09:00,0.0
2026-09-19T14:12:48.6845117+09:00,0.0
2026-09-19T14:12:48.9719749+09:00,0.0
2026-09-19T14:12:49.2513204+09:00,0.0
2026-09-19T14:12:49.5321037+09:00,0.0
2026-09-19T14:12:49.8113026+09:00,0.0
2026-09-19T14:12:50.0920698+09:00,0.0
2026-09-19T14:12:50.3720746+09:00,0.0
2026-09-19T14:12:50.6522941+09:00,0.0
2026-09-19T14:12:50.9177462+09:00,0.0
2026-09-19T14:12:51.2007695+09:00,0.0
2026-09-19T14:12:51.4752301+09:00,0.0
2026-09-19T14:12:51.7568477+09:00,0.0
2026-09-19T14:12:52.0431998+09:00,0.0
2026-09-19T14:12:52.3095801+09:00,0.0
2026-09-19T14:12:52.5886559+09:00,0.0
2026-09-19T14:12:52.8857929+09:00,0.0
2026-09-19T14:12:53.1584542+09:00,0.0
2026-09-19T14:12:53.4286136+09:00,0.0
2026-09-19T14:12:53.7026629+09:00,0.0
2026-09-19T14:12:53.9994107+09:00,0.0
2026-09-19T14:12:54.2753165+09:00,0.0
2026-09-19T14:12:54.5558186+09:00,0.0
2026-09-19T14:12:54.8347746+09:00,0.0
2026-09-19T14:12:55.1010191+09:00,0.0
2026-09-19T14:12:55.3657141+09:00,0.0
2026-09-19T14:12:55.6435181+09:00,0.0
2026-09-19T14:12:55.9256941+09:00,0.0
2026-09-19T14:12:56.2083356+09:00,0.0
2026-09-19T14:12:56.4880274+09:00,0.0
2026-09-19T14:12:56.7688639+09:00,0.0
2026-09-19T14:12:57.0367961+09:00,0.0
2026-09-19T14:12:57.3176260+09:00,0.0
2026-09-19T14:12:57.5954443+09:00,0.0
2026-09-19T14:12:57.8756964+09:00,0.0
2026-09-19T14:12:58.1527904+09:00,0.0
2026-09-19T14:12:58.4525941+09:00,0.0
2026-09-19T14:12:58.7091073+09:00,0.0
2026-09-19T14:12:58.9887332+09:00,0.0
2026-09-19T14:12:59.2682402+09:00,0.0
2026-09-19T14:12:59.5627573+09:00,0.0
2026-09-19T14:12:59.8393302+09:00,0.0
2026-09-19T14:13:00.1108206+09:00,0.0
2026-09-19T14:13:00.3756581+09:00,0.0
2026-09-19T14:13:00.6550820+09:00,0.0
2026-09-19T14:13:00.9368342+09:00,0.0
2026-09-19T14:13:01.2070441+09:00,0.0
2026-09-19T14:13:01.4872989+09:00,0.0
2026-09-19T14:13:01.7539613+09:00,0.0
2026-09-19T14:13:02.0352211+09:00,0.0
2026-09-19T14:13:02.3028166+09:00,0.0
2026-09-19T14:13:02.5503015+09:00,0.0
2026-09-19T14:13:02.8394292+09:00,0.0
2026-09-19T14:13:03.1344595+09:00,0.0
2026-09-19T14:13:03.4012990+09:00,0.0
2026-09-19T14:13:03.6781839+09:00,0.0
2026-09-19T14:13:03.9732121+09:00,0.0
2026-09-19T14:13:04.2555136+09:00,0.0
2026-09-19T14:13:04.5364089+09:00,0.0
2026-09-19T14:13:04.8096076+09:00,0.0
2026-09-19T14:13:05.0775972+09:00,0.0
2026-09-19T14:13:05.3462549+09:00,0.0
2026-09-19T14:13:05.6602345+09:00,0.0
2026-09-19T14:13:05.9410460+09:00,0.0
2026-09-19T14:13:06.2056915+09:00,0.0
2026-09-19T14:13:06.4853374+09:00,0.0
2026-09-19T14:13:06.7499990+09:00,0.0
2026-09-19T14:13:07.0286959+09:00,0.0
2026-09-19T14:13:07.2791934+09:00,0.0
2026-09-19T14:13:07.5454823+09:00,0.0
2026-09-19T14:13:07.8422191+09:00,0.0
2026-09-19T14:13:08.1405825+09:00,0.0
2026-09-19T14:13:08.4224879+09:00,0.0
2026-09-19T14:13:08.7028540+09:00,0.0
2026-09-19T14:13:08.9817351+09:00,0.0
2026-09-19T14:13:09.2454717+09:00,0.0
2026-09-19T14:13:09.5165064+09:00,0.0
2026-09-19T14:13:09.7974084+09:00,0.0
2026-09-19T14:13:10.0795334+09:00,0.0
2026-09-19T14:13:10.3570413+09:00,0.0
2026-09-19T14:13:10.6580631+09:00,0.0
2026-09-19T14:13:10.9367259+09:00,0.0
2026-09-19T14:13:11.2179648+09:00,0.0
2026-09-19T14:13:11.4990024+09:00,0.0
2026-09-19T14:13:11.7779396+09:00,0.0
2026-09-19T14:13:12.0443216+09:00,0.0
2026-09-19T14:13:12.3096870+09:00,0.0
2026-09-19T14:13:12.6010946+09:00,0.0
2026-09-19T14:13:12.8960611+09:00,0.0
2026-09-19T14:13:13.1760665+09:00,0.0
2026-09-19T14:13:13.4383347+09:00,0.0
2026-09-19T14:13:13.7022899+09:00,0.0
2026-09-19T14:13:13.9831515+09:00,0.0
2026-09-19T14:13:14.2628309+09:00,0.0
2026-09-19T14:13:14.5268890+09:00,0.0
2026-09-19T14:13:14.8068318+09:00,0.0
2026-09-19T14:13:15.0895649+09:00,0.0
2026-09-19T14:13:15.3572049+09:00,0.0
2026-09-19T14:13:15.6528883+09:00,0.0
2026-09-19T14:13:15.9300329+09:00,0.0
2026-09-19T14:13:16.2117677+09:00,0.0
2026-09-19T14:13:16.4765050+09:00,0.0
2026-09-19T14:13:16.7579117+09:00,0.0
2026-09-19T14:13:17.0239478+09:00,0.0
2026-09-19T14:13:17.2964983+09:00,0.0
2026-09-19T14:13:17.5611726+09:00,0.0
2026-09-19T14:13:17.8610613+09:00,0.0
2026-09-19T14:13:18.1277302+09:00,0.0
2026-09-19T14:13:18.4073248+09:00,0.0
2026-09-19T14:13:18.6873447+09:00,0.0
2026-09-19T14:13:18.9840378+09:00,0.0
2026-09-19T14:13:19.2536171+09:00,0.0
2026-09-19T14:13:19.5260036+09:00,0.0
2026-09-19T14:13:19.8057008+09:00,0.0
2026-09-19T14:13:20.0877049+09:00,0.0
2026-09-19T14:13:20.3658343+09:00,0.0
2026-09-19T14:13:20.6461076+09:00,0.0
2026-09-19T14:13:20.9271512+09:00,0.0
2026-09-19T14:13:21.1940110+09:00,0.0
2026-09-19T14:13:21.4737996+09:00,0.0
2026-09-19T14:13:21.7722402+09:00,0.0
2026-09-19T14:13:22.0513272+09:00,0.0
2026-09-19T14:13:22.3299342+09:00,0.0
2026-09-19T14:13:22.6071351+09:00,0.0
2026-09-19T14:13:22.9211559+09:00,0.0
2026-09-19T14:13:23.2013493+09:00,0.0
2026-09-19T14:13:23.4799408+09:00,0.0
2026-09-19T14:13:23.7469874+09:00,0.0
2026-09-19T14:13:24.0309919+09:00,0.0
2026-09-19T14:13:24.2795147+09:00,0.0
2026-09-19T14:13:24.5942786+09:00,0.0
2026-09-19T14:13:24.8744335+09:00,0.0
2026-09-19T14:13:25.1455773+09:00,0.0
2026-09-19T14:13:25.4102175+09:00,0.0
2026-09-19T14:13:25.6810131+09:00,0.0
2026-09-19T14:13:25.9609628+09:00,0.0
2026-09-19T14:13:26.2202686+09:00,0.0
2026-09-19T14:13:26.4927227+09:00,0.0
2026-09-19T14:13:26.7722489+09:00,0.0
2026-09-19T14:13:27.0358583+09:00,0.0
2026-09-19T14:13:27.3178700+09:00,0.0
2026-09-19T14:13:27.6179982+09:00,0.0
2026-09-19T14:13:27.8975572+09:00,0.0
2026-09-19T14:13:28.1785570+09:00,0.0
2026-09-19T14:13:28.4410907+09:00,0.0
2026-09-19T14:13:28.7114231+09:00,0.0
2026-09-19T14:13:28.9932753+09:00,0.0
2026-09-19T14:13:29.2756470+09:00,0.0
2026-09-19T14:13:29.5769971+09:00,0.0
2026-09-19T14:13:29.8894483+09:00,0.0
2026-09-19T14:13:30.1810166+09:00,0.0
2026-09-19T14:13:30.4571110+09:00,0.0
2026-09-19T14:13:30.7560234+09:00,0.0
2026-09-19T14:13:31.0626977+09:00,0.0
2026-09-19T14:13:31.3375374+09:00,0.0
2026-09-19T14:13:31.6199055+09:00,0.0
2026-09-19T14:13:31.9165671+09:00,0.0
2026-09-19T14:13:32.2086357+09:00,0.0
2026-09-19T14:13:32.4723452+09:00,0.0
2026-09-19T14:13:32.7698307+09:00,0.0
2026-09-19T14:13:33.0482663+09:00,0.0
2026-09-19T14:13:33.2856237+09:00,0.0
2026-09-19T14:13:33.5618364+09:00,0.0
2026-09-19T14:13:33.8272508+09:00,0.0
2026-09-19T14:13:34.0937042+09:00,0.0
2026-09-19T14:13:34.3599615+09:00,0.0
2026-09-19T14:13:34.6208686+09:00,0.0
2026-09-19T14:13:34.9062049+09:00,0.0
2026-09-19T14:13:35.1736033+09:00,0.0
2026-09-19T14:13:35.4546305+09:00,0.0
2026-09-19T14:13:35.7316302+09:00,0.0
2026-09-19T14:13:36.0137022+09:00,0.0
2026-09-19T14:13:36.2774896+09:00,0.0
2026-09-19T14:13:36.5264924+09:00,0.0
2026-09-19T14:13:36.8056327+09:00,0.0
2026-09-19T14:13:37.0729266+09:00,0.0
2026-09-19T14:13:37.3212112+09:00,0.0
2026-09-19T14:13:37.6011161+09:00,0.0
2026-09-19T14:13:37.8659899+09:00,0.0
2026-09-19T14:13:38.1314981+09:00,0.0
2026-09-19T14:13:38.4097252+09:00,0.0
2026-09-19T14:13:38.6761240+09:00,0.0
2026-09-19T14:13:38.9545203+09:00,0.0
2026-09-19T14:13:39.2039394+09:00,0.0
2026-09-19T14:13:39.4685212+09:00,0.0
2026-09-19T14:13:39.7294958+09:00,0.0
2026-09-19T14:13:40.0107042+09:00,0.0
2026-09-19T14:13:40.2880759+09:00,0.0
2026-09-19T14:13:40.5391978+09:00,0.0
2026-09-19T14:13:40.8188802+09:00,0.0
2026-09-19T14:13:41.1128216+09:00,0.0
2026-09-19T14:13:41.3764928+09:00,0.0
2026-09-19T14:13:41.6442016+09:00,0.0
2026-09-19T14:13:41.9257249+09:00,0.0
2026-09-19T14:13:42.2240711+09:00,0.0
2026-09-19T14:13:42.5062589+09:00,0.0
2026-09-19T14:13:42.7678538+09:00,0.0
2026-09-19T14:13:43.0465316+09:00,0.0
2026-09-19T14:13:43.3123445+09:00,0.0
2026-09-19T14:13:43.5774720+09:00,0.0
2026-09-19T14:13:43.8434090+09:00,0.0
2026-09-19T14:13:44.1227157+09:00,0.0
2026-09-19T14:13:44.3889078+09:00,0.0
2026-09-19T14:13:44.6687282+09:00,0.0
2026-09-19T14:13:44.9656111+09:00,0.0
2026-09-19T14:13:45.2320686+09:00,0.0
2026-09-19T14:13:45.5115118+09:00,0.0
2026-09-19T14:13:45.7606643+09:00,0.0
2026-09-19T14:13:46.0384722+09:00,0.0
2026-09-19T14:13:46.3187192+09:00,0.0
2026-09-19T14:13:46.5845482+09:00,0.0
2026-09-19T14:13:46.8651103+09:00,0.0
2026-09-19T14:13:47.1321003+09:00,0.0
2026-09-19T14:13:47.3973286+09:00,0.0
2026-09-19T14:13:47.6891563+09:00,0.0
2026-09-19T14:13:47.9693391+09:00,0.0
2026-09-19T14:13:48.2351858+09:00,0.0
2026-09-19T14:13:48.5150887+09:00,0.0
2026-09-19T14:13:48.7937135+09:00,0.0
2026-09-19T14:13:49.0725914+09:00,0.0
2026-09-19T14:13:49.3396226+09:00,0.0
2026-09-19T14:13:49.6191057+09:00,0.0
2026-09-19T14:13:49.8971385+09:00,0.0
2026-09-19T14:13:50.1632124+09:00,0.0
2026-09-19T14:13:50.4429274+09:00,0.0
2026-09-19T14:13:50.7228370+09:00,0.0
2026-09-19T14:13:50.9878512+09:00,0.0
2026-09-19T14:13:51.2669319+09:00,0.0
2026-09-19T14:13:51.5324700+09:00,0.0
2026-09-19T14:13:51.7978957+09:00,0.0
2026-09-19T14:13:52.0785911+09:00,0.0
2026-09-19T14:13:52.3615032+09:00,0.0
2026-09-19T14:13:52.6403297+09:00,0.0
2026-09-19T14:13:52.9540476+09:00,0.0
2026-09-19T14:13:53.2366116+09:00,0.0
2026-09-19T14:13:53.5164614+09:00,0.0
2026-09-19T14:13:53.7977016+09:00,0.0
2026-09-19T14:13:54.0710488+09:00,0.0
2026-09-19T14:13:54.3525493+09:00,0.0
2026-09-19T14:13:54.6304352+09:00,0.0
2026-09-19T14:13:54.9098483+09:00,0.0
2026-09-19T14:13:55.1759155+09:00,0.0
2026-09-19T14:13:55.4407043+09:00,0.0
2026-09-19T14:13:55.7044538+09:00,0.0
2026-09-19T14:13:55.9835014+09:00,0.0
2026-09-19T14:13:56.2199223+09:00,0.0
2026-09-19T14:13:56.4877540+09:00,0.0
2026-09-19T14:13:56.7511226+09:00,0.0
2026-09-19T14:13:57.0142761+09:00,0.0
2026-09-19T14:13:57.2960377+09:00,0.0
2026-09-19T14:13:57.5914834+09:00,0.0
2026-09-19T14:13:57.8560636+09:00,0.0
2026-09-19T14:13:58.1363110+09:00,0.0
2026-09-19T14:13:58.4027388+09:00,0.0
2026-09-19T14:13:58.6828685+09:00,0.0
2026-09-19T14:13:58.9614003+09:00,0.0
2026-09-19T14:13:59.2266588+09:00,0.0
2026-09-19T14:13:59.4947041+09:00,0.0
2026-09-19T14:13:59.7891267+09:00,0.0
2026-09-19T14:14:00.0674574+09:00,0.0
2026-09-19T14:14:00.3627981+09:00,0.0
2026-09-19T14:14:00.6442969+09:00,0.0
2026-09-19T14:14:00.9164059+09:00,0.0
2026-09-19T14:14:01.1950743+09:00,0.0
2026-09-19T14:14:01.4610789+09:00,0.0
2026-09-19T14:14:01.7244467+09:00,0.0
2026-09-19T14:14:02.0051802+09:00,0.0
2026-09-19T14:14:02.2523944+09:00,0.0
2026-09-19T14:14:02.5330233+09:00,0.0
2026-09-19T14:14:02.8138346+09:00,0.0
2026-09-19T14:14:03.0943613+09:00,0.0
2026-09-19T14:14:03.3722590+09:00,0.0
2026-09-19T14:14:03.6400782+09:00,0.0
2026-09-19T14:14:03.9174829+09:00,0.0
2026-09-19T14:14:04.1862050+09:00,0.0
2026-09-19T14:14:04.4634983+09:00,0.0
2026-09-19T14:14:04.7331173+09:00,0.0
2026-09-19T14:14:05.0139108+09:00,0.0
2026-09-19T14:14:05.2786145+09:00,0.0
2026-09-19T14:14:05.5590680+09:00,0.0
2026-09-19T14:14:05.8323353+09:00,0.0
2026-09-19T14:14:06.1139536+09:00,0.0
2026-09-19T14:14:06.3780664+09:00,0.0
2026-09-19T14:14:06.6590315+09:00,0.0
2026-09-19T14:14:06.9377912+09:00,0.0
2026-09-19T14:14:07.2050313+09:00,0.0
2026-09-19T14:14:07.4706801+09:00,0.0
2026-09-19T14:14:07.7641711+09:00,0.0
2026-09-19T14:14:08.0309316+09:00,0.0
2026-09-19T14:14:08.2819135+09:00,0.0
2026-09-19T14:14:08.5607435+09:00,0.0
2026-09-19T14:14:08.8408044+09:00,0.0
2026-09-19T14:14:09.1378108+09:00,0.0
2026-09-19T14:14:09.4161535+09:00,0.0
2026-09-19T14:14:09.6813070+09:00,0.0
2026-09-19T14:14:09.9619477+09:00,0.0
2026-09-19T14:14:10.2417518+09:00,0.0
2026-09-19T14:14:10.5080568+09:00,0.0
2026-09-19T14:14:10.7895051+09:00,0.0
2026-09-19T14:14:11.0587880+09:00,0.0
2026-09-19T14:14:11.3244148+09:00,0.0
2026-09-19T14:14:11.6189836+09:00,0.0
2026-09-19T14:14:11.8986192+09:00,0.0
2026-09-19T14:14:12.1784918+09:00,0.0
2026-09-19T14:14:12.4447411+09:00,0.0
2026-09-19T14:14:12.7236541+09:00,0.0
2026-09-19T14:14:13.0193431+09:00,0.0
2026-09-19T14:14:13.2830488+09:00,0.0
2026-09-19T14:14:13.5634786+09:00,0.0
2026-09-19T14:14:13.8457080+09:00,0.0
2026-09-19T14:14:14.0993004+09:00,0.0
2026-09-19T14:14:14.3603055+09:00,0.0
2026-09-19T14:14:14.6133157+09:00,0.0
2026-09-19T14:14:14.8899362+09:00,0.0
2026-09-19T14:14:15.1617798+09:00,0.0
2026-09-19T14:14:15.4242330+09:00,0.0
2026-09-19T14:14:15.7073953+09:00,0.0
2026-09-19T14:14:15.9724572+09:00,0.0
2026-09-19T14:14:16.2370675+09:00,0.0
2026-09-19T14:14:16.5019210+09:00,0.0
2026-09-19T14:14:16.7683701+09:00,0.0
2026-09-19T14:14:17.0463235+09:00,0.0
2026-09-19T14:14:17.3232479+09:00,0.0
2026-09-19T14:14:17.5721220+09:00,0.0
2026-09-19T14:14:17.8503165+09:00,0.0
2026-09-19T14:14:18.1311753+09:00,0.0
2026-09-19T14:14:18.4140854+09:00,0.0
2026-09-19T14:14:18.6941214+09:00,0.0
2026-09-19T14:14:18.9890080+09:00,0.0
2026-09-19T14:14:19.2379232+09:00,0.0
2026-09-19T14:14:19.4868215+09:00,0.0
2026-09-19T14:14:19.7661672+09:00,0.0
2026-09-19T14:14:20.0461849+09:00,0.0
2026-09-19T14:14:20.3108709+09:00,0.0
2026-09-19T14:14:20.5558993+09:00,0.0
2026-09-19T14:14:20.8222554+09:00,0.0
2026-09-19T14:14:21.1039347+09:00,0.0
2026-09-19T14:14:21.3500874+09:00,0.0
2026-09-19T14:14:21.6292647+09:00,0.0
2026-09-19T14:14:21.8783670+09:00,0.0
2026-09-19T14:14:22.1591504+09:00,0.0
2026-09-19T14:14:22.4392041+09:00,0.0
2026-09-19T14:14:22.7214303+09:00,0.0
2026-09-19T14:14:23.0164532+09:00,0.0
2026-09-19T14:14:23.2650856+09:00,0.0
2026-09-19T14:14:23.5575234+09:00,0.0
2026-09-19T14:14:23.8407976+09:00,0.0
2026-09-19T14:14:24.1230979+09:00,0.0
2026-09-19T14:14:24.4066548+09:00,0.0
2026-09-19T14:14:24.7017549+09:00,0.0
2026-09-19T14:14:24.9801550+09:00,0.0
2026-09-19T14:14:25.2627291+09:00,0.0
2026-09-19T14:14:25.5412271+09:00,0.0
2026-09-19T14:14:25.8153873+09:00,0.0
2026-09-19T14:14:26.1289180+09:00,0.0
2026-09-19T14:14:26.4076077+09:00,0.0
2026-09-19T14:14:26.6886158+09:00,0.0
2026-09-19T14:14:26.9666341+09:00,0.0
2026-09-19T14:14:27.2315601+09:00,0.0
2026-09-19T14:14:27.5114084+09:00,0.0
2026-09-19T14:14:27.7867910+09:00,0.0
2026-09-19T14:14:28.0642288+09:00,0.0
2026-09-19T14:14:28.3601120+09:00,0.0
2026-09-19T14:14:28.6559149+09:00,0.0
2026-09-19T14:14:28.9340724+09:00,0.0
2026-09-19T14:14:29.2093566+09:00,0.0
2026-09-19T14:14:29.4720362+09:00,0.0
2026-09-19T14:14:29.7383231+09:00,0.0
2026-09-19T14:14:30.0175341+09:00,0.0
2026-09-19T14:14:30.2819836+09:00,0.0
2026-09-19T14:14:30.5458075+09:00,0.0
2026-09-19T14:14:30.8260269+09:00,0.0
2026-09-19T14:14:31.0885971+09:00,0.0
2026-09-19T14:14:31.3544765+09:00,0.0
2026-09-19T14:14:31.6198417+09:00,0.0
2026-09-19T14:14:31.8849578+09:00,0.0
2026-09-19T14:14:32.1652964+09:00,0.0
2026-09-19T14:14:32.4318575+09:00,0.0
2026-09-19T14:14:32.6940441+09:00,0.0
2026-09-19T14:14:32.9724232+09:00,0.0
2026-09-19T14:14:33.2380674+09:00,0.0
2026-09-19T14:14:33.5161011+09:00,0.0
2026-09-19T14:14:33.7941648+09:00,0.0
2026-09-19T14:14:34.0611048+09:00,0.0
2026-09-19T14:14:34.3431762+09:00,0.0
2026-09-19T14:14:34.6223888+09:00,0.0
2026-09-19T14:14:34.8963692+09:00,0.0
2026-09-19T14:14:35.1783668+09:00,0.0
2026-09-19T14:14:35.4601843+09:00,0.0
2026-09-19T14:14:35.7388748+09:00,0.0
2026-09-19T14:14:36.0184777+09:00,0.0
2026-09-19T14:14:36.3134763+09:00,0.0
2026-09-19T14:14:36.5845039+09:00,0.0
2026-09-19T14:14:36.8625868+09:00,0.0
2026-09-19T14:14:37.1259514+09:00,0.0
2026-09-19T14:14:37.3905009+09:00,0.0
2026-09-19T14:14:37.6687160+09:00,0.0
2026-09-19T14:14:37.9356367+09:00,0.0
2026-09-19T14:14:38.2128599+09:00,0.0
2026-09-19T14:14:38.4805915+09:00,0.0
2026-09-19T14:14:38.7439262+09:00,0.0
2026-09-19T14:14:39.0255956+09:00,0.0
2026-09-19T14:14:39.3067042+09:00,0.0
2026-09-19T14:14:39.5856866+09:00,0.0
2026-09-19T14:14:39.8648426+09:00,0.0
2026-09-19T14:14:40.1306574+09:00,0.0
2026-09-19T14:14:40.4082580+09:00,0.0
2026-09-19T14:14:40.6887474+09:00,0.0
2026-09-19T14:14:40.9670675+09:00,0.0
2026-09-19T14:14:41.2472032+09:00,0.0
2026-09-19T14:14:41.5286687+09:00,0.0
2026-09-19T14:14:41.7946731+09:00,0.0
2026-09-19T14:14:42.0747677+09:00,0.0
2026-09-19T14:14:42.3549330+09:00,0.0
2026-09-19T14:14:42.6338885+09:00,0.0
2026-09-19T14:14:42.9135413+09:00,0.0
2026-09-19T14:14:43.1954266+09:00,0.0
2026-09-19T14:14:43.4605342+09:00,0.0
2026-09-19T14:14:43.7387844+09:00,0.0
2026-09-19T14:14:44.0178156+09:00,0.0
2026-09-19T14:14:44.2974930+09:00,0.0
2026-09-19T14:14:44.5792483+09:00,0.0
2026-09-19T14:14:44.8417178+09:00,0.0
2026-09-19T14:14:45.1241722+09:00,0.0
2026-09-19T14:14:45.4032351+09:00,0.0
2026-09-19T14:14:45.6992632+09:00,0.0
2026-09-19T14:14:45.9644060+09:00,0.0
2026-09-19T14:14:46.2411260+09:00,0.0
2026-09-19T14:14:46.5071249+09:00,0.0
2026-09-19T14:14:46.7853736+09:00,0.0
2026-09-19T14:14:47.0663738+09:00,0.0
2026-09-19T14:14:47.3322986+09:00,0.0
2026-09-19T14:14:47.5797839+09:00,0.0
2026-09-19T14:14:47.8461385+09:00,0.0
2026-09-19T14:14:48.1091712+09:00,0.0
2026-09-19T14:14:48.3955868+09:00,0.0
2026-09-19T14:14:48.6911707+09:00,0.0
2026-09-19T14:14:48.9724167+09:00,0.0
2026-09-19T14:14:49.2537475+09:00,0.0
2026-09-19T14:14:49.5175871+09:00,0.0
2026-09-19T14:14:49.7818822+09:00,0.0
2026-09-19T14:14:50.0456335+09:00,0.0
2026-09-19T14:14:50.3256348+09:00,0.0
2026-09-19T14:14:50.5913296+09:00,0.0
2026-09-19T14:14:50.8542005+09:00,0.0
2026-09-19T14:14:51.1235703+09:00,0.0
2026-09-19T14:14:51.4030616+09:00,0.0
2026-09-19T14:14:51.6801617+09:00,0.0
2026-09-19T14:14:51.9620321+09:00,0.0
2026-09-19T14:14:52.2411111+09:00,0.0
2026-09-19T14:14:52.5201614+09:00,0.0
2026-09-19T14:14:52.8023008+09:00,0.0
2026-09-19T14:14:53.0789768+09:00,0.0
2026-09-19T14:14:53.3611926+09:00,0.0
2026-09-19T14:14:53.6409837+09:00,0.0
2026-09-19T14:14:53.9060192+09:00,0.0
2026-09-19T14:14:54.1857388+09:00,0.0
2026-09-19T14:14:54.4661883+09:00,0.0
2026-09-19T14:14:54.7326229+09:00,0.0
2026-09-19T14:14:55.0126206+09:00,0.0
2026-09-19T14:14:55.2906519+09:00,0.0
2026-09-19T14:14:55.5542792+09:00,0.0
2026-09-19T14:14:55.8340217+09:00,0.0
2026-09-19T14:14:56.1122725+09:00,0.0
2026-09-19T14:14:56.3934416+09:00,0.0
2026-09-19T14:14:56.6878128+09:00,0.0
2026-09-19T14:14:56.9696609+09:00,0.0
2026-09-19T14:14:57.2501479+09:00,0.0
2026-09-19T14:14:57.5154224+09:00,0.0
2026-09-19T14:14:57.8117942+09:00,0.0
2026-09-19T14:14:58.0808759+09:00,0.0
2026-09-19T14:14:58.3748139+09:00,0.0
2026-09-19T14:14:58.6407044+09:00,0.0
2026-09-19T14:14:58.9176477+09:00,0.0
2026-09-19T14:14:59.2017813+09:00,0.0
2026-09-19T14:14:59.4676818+09:00,0.0
2026-09-19T14:14:59.7646519+09:00,0.0
2026-09-19T14:15:00.0446673+09:00,0.0
2026-09-19T14:15:00.3872793+09:00,0.0
2026-09-19T14:15:00.6515659+09:00,0.0
2026-09-19T14:15:00.9174924+09:00,0.0
2026-09-19T14:15:01.1965289+09:00,0.0
2026-09-19T14:15:01.4610021+09:00,0.0
2026-09-19T14:15:01.7441351+09:00,0.0
2026-09-19T14:15:02.0233519+09:00,0.0
2026-09-19T14:15:02.2756436+09:00,0.0
2026-09-19T14:15:02.5687885+09:00,0.0
2026-09-19T14:15:02.8359739+09:00,0.0
2026-09-19T14:15:03.1157080+09:00,0.0
2026-09-19T14:15:03.3941490+09:00,0.0
2026-09-19T14:15:03.6751916+09:00,0.0
2026-09-19T14:15:03.9573365+09:00,0.0
2026-09-19T14:15:04.2336561+09:00,0.0
2026-09-19T14:15:04.5141269+09:00,0.0
2026-09-19T14:15:04.7941960+09:00,0.0
2026-09-19T14:15:05.0759483+09:00,0.0
2026-09-19T14:15:05.3448712+09:00,0.0
2026-09-19T14:15:05.6216658+09:00,0.0
2026-09-19T14:15:05.8847776+09:00,0.0
2026-09-19T14:15:06.1632254+09:00,0.0
2026-09-19T14:15:06.4442982+09:00,0.0
2026-09-19T14:15:06.7248718+09:00,0.0
2026-09-19T14:15:07.0049922+09:00,0.0
2026-09-19T14:15:07.2694548+09:00,0.0
2026-09-19T14:15:07.5627290+09:00,0.0
2026-09-19T14:15:07.8298156+09:00,0.0
2026-09-19T14:15:08.1112564+09:00,0.0
2026-09-19T14:15:08.3913563+09:00,0.0
2026-09-19T14:15:08.6692939+09:00,0.0
2026-09-19T14:15:08.9496986+09:00,0.0
2026-09-19T14:15:09.2143787+09:00,0.0
2026-09-19T14:15:09.4933312+09:00,0.0
2026-09-19T14:15:09.7743933+09:00,0.0
2026-09-19T14:15:10.0408211+09:00,0.0
2026-09-19T14:15:10.3190161+09:00,0.0
2026-09-19T14:15:10.5862926+09:00,0.0
2026-09-19T14:15:10.8519445+09:00,0.0
2026-09-19T14:15:11.1156880+09:00,0.0
2026-09-19T14:15:11.3946493+09:00,0.0
2026-09-19T14:15:11.6761772+09:00,0.0
2026-09-19T14:15:11.9565373+09:00,0.0
2026-09-19T14:15:12.2382705+09:00,0.0
2026-09-19T14:15:12.5159652+09:00,0.0
2026-09-19T14:15:12.7792802+09:00,0.0
2026-09-19T14:15:13.0610797+09:00,0.0
2026-09-19T14:15:13.3408860+09:00,0.0
2026-09-19T14:15:13.6216218+09:00,0.0
2026-09-19T14:15:13.9031259+09:00,0.0
2026-09-19T14:15:14.1693088+09:00,0.0
2026-09-19T14:15:14.4508006+09:00,0.0
2026-09-19T14:15:14.7195031+09:00,0.0
2026-09-19T14:15:15.0009748+09:00,0.0
2026-09-19T14:15:15.2795663+09:00,0.0
2026-09-19T14:15:15.5592847+09:00,0.0
2026-09-19T14:15:15.8197904+09:00,0.0
2026-09-19T14:15:16.0638107+09:00,0.0
2026-09-19T14:15:16.3424610+09:00,0.0
2026-09-19T14:15:16.6209143+09:00,0.0
2026-09-19T14:15:16.8844899+09:00,0.0
2026-09-19T14:15:17.1629933+09:00,0.0
2026-09-19T14:15:17.4573346+09:00,0.0
2026-09-19T14:15:17.7220195+09:00,0.0
2026-09-19T14:15:18.0064233+09:00,0.0
2026-09-19T14:15:18.2856509+09:00,0.0
2026-09-19T14:15:18.5642803+09:00,0.0
2026-09-19T14:15:18.8318807+09:00,0.0
2026-09-19T14:15:19.1132631+09:00,0.0
2026-09-19T14:15:19.3920688+09:00,0.0
2026-09-19T14:15:19.6553133+09:00,0.0
2026-09-19T14:15:19.9349241+09:00,0.0
2026-09-19T14:15:20.2199306+09:00,0.0
2026-09-19T14:15:20.4835936+09:00,0.0
2026-09-19T14:15:20.7770260+09:00,0.0
2026-09-19T14:15:21.0434371+09:00,0.0
2026-09-19T14:15:21.3089627+09:00,0.0
2026-09-19T14:15:21.5730602+09:00,0.0
2026-09-19T14:15:21.8400676+09:00,0.0
2026-09-19T14:15:22.1061033+09:00,0.0
2026-09-19T14:15:22.3702077+09:00,0.0
2026-09-19T14:15:22.6229401+09:00,0.0
2026-09-19T14:15:22.9003242+09:00,0.0
2026-09-19T14:15:23.1659349+09:00,0.0
2026-09-19T14:15:23.4599372+09:00,0.0
2026-09-19T14:15:23.7256059+09:00,0.0
2026-09-19T14:15:24.0047442+09:00,0.0
2026-09-19T14:15:24.2707047+09:00,0.0
2026-09-19T14:15:24.5534841+09:00,0.0
2026-09-19T14:15:24.8175912+09:00,0.0
2026-09-19T14:15:25.0993800+09:00,0.0
2026-09-19T14:15:25.3794928+09:00,0.0
2026-09-19T14:15:25.6608464+09:00,0.0
2026-09-19T14:15:25.9418081+09:00,0.0
2026-09-19T14:15:26.2195271+09:00,0.0
2026-09-19T14:15:26.4846536+09:00,0.0
2026-09-19T14:15:26.7670255+09:00,0.0
2026-09-19T14:15:27.0414710+09:00,0.0
2026-09-19T14:15:27.3182005+09:00,0.0
2026-09-19T14:15:27.6105090+09:00,0.0
2026-09-19T14:15:27.8914310+09:00,0.0
2026-09-19T14:15:28.1713538+09:00,0.0
2026-09-19T14:15:28.4515692+09:00,0.0
2026-09-19T14:15:28.7489174+09:00,0.0
2026-09-19T14:15:29.0284414+09:00,0.0
2026-09-19T14:15:29.3099402+09:00,0.0
2026-09-19T14:15:29.6076532+09:00,0.0
2026-09-19T14:15:29.8723277+09:00,0.0
2026-09-19T14:15:30.1372734+09:00,0.0
2026-09-19T14:15:30.4019377+09:00,0.0
2026-09-19T14:15:30.6679270+09:00,0.0
2026-09-19T14:15:30.9478961+09:00,0.0
2026-09-19T14:15:31.1827194+09:00,0.0
2026-09-19T14:15:31.4795474+09:00,0.0
2026-09-19T14:15:31.7438241+09:00,0.0
2026-09-19T14:15:32.0091093+09:00,0.0
2026-09-19T14:15:32.2735351+09:00,0.0
2026-09-19T14:15:32.5224194+09:00,0.0
2026-09-19T14:15:32.8013829+09:00,0.0
2026-09-19T14:15:33.1166156+09:00,0.0
2026-09-19T14:15:33.4098584+09:00,0.0
2026-09-19T14:15:33.6878736+09:00,0.0
2026-09-19T14:15:33.9833725+09:00,0.0
2026-09-19T14:15:34.2501654+09:00,0.0
2026-09-19T14:15:34.5437074+09:00,0.0
2026-09-19T14:15:34.8087830+09:00,0.0
2026-09-19T14:15:35.0806520+09:00,0.0
2026-09-19T14:15:35.4074554+09:00,0.0
2026-09-19T14:15:35.6874086+09:00,0.0
2026-09-19T14:15:36.0149687+09:00,0.0
2026-09-19T14:15:36.2866812+09:00,0.0
2026-09-19T14:15:36.5500550+09:00,0.0
2026-09-19T14:15:36.8171705+09:00,0.0
2026-09-19T14:15:37.0920962+09:00,0.0
2026-09-19T14:15:37.3741321+09:00,0.0
2026-09-19T14:15:37.6545843+09:00,0.0
2026-09-19T14:15:37.9240926+09:00,0.0
2026-09-19T14:15:38.2216943+09:00,0.0
2026-09-19T14:15:38.5044064+09:00,0.0
2026-09-19T14:15:38.7856815+09:00,0.0
2026-09-19T14:15:39.0650676+09:00,0.0
2026-09-19T14:15:39.3482543+09:00,0.0
2026-09-19T14:15:39.6124408+09:00,0.0
2026-09-19T14:15:39.8932377+09:00,0.0
2026-09-19T14:15:40.1684574+09:00,0.0
2026-09-19T14:15:40.4434018+09:00,0.0
2026-09-19T14:15:40.7236804+09:00,0.0
2026-09-19T14:15:40.9889606+09:00,0.0
2026-09-19T14:15:41.2696825+09:00,0.0
2026-09-19T14:15:41.5371451+09:00,0.0
2026-09-19T14:15:41.8170380+09:00,0.0
2026-09-19T14:15:42.0964566+09:00,0.0
2026-09-19T14:15:42.3647803+09:00,0.0
2026-09-19T14:15:42.6515819+09:00,0.0
2026-09-19T14:15:42.9160103+09:00,0.0
2026-09-19T14:15:43.1954320+09:00,0.0
2026-09-19T14:15:43.4725422+09:00,0.0
2026-09-19T14:15:43.7404107+09:00,0.0
2026-09-19T14:15:44.0053787+09:00,0.0
2026-09-19T14:15:44.2567481+09:00,0.0
2026-09-19T14:15:44.5372600+09:00,0.0
2026-09-19T14:15:44.8263082+09:00,0.0
2026-09-19T14:15:45.1287838+09:00,0.0
2026-09-19T14:15:45.4578659+09:00,0.0
2026-09-19T14:15:45.7552971+09:00,0.0
2026-09-19T14:15:46.0340849+09:00,0.0
2026-09-19T14:15:46.3132770+09:00,0.0
2026-09-19T14:15:46.5788702+09:00,0.0
2026-09-19T14:15:46.8414689+09:00,0.0
2026-09-19T14:15:47.0914581+09:00,0.0
2026-09-19T14:15:47.3689854+09:00,0.0
2026-09-19T14:15:47.6485945+09:00,0.0
2026-09-19T14:15:47.9632809+09:00,0.0
2026-09-19T14:15:48.2513182+09:00,0.0
2026-09-19T14:15:48.5364302+09:00,0.0
2026-09-19T14:15:48.8161000+09:00,0.0
2026-09-19T14:15:49.0994901+09:00,0.0
2026-09-19T14:15:49.3842720+09:00,0.0
2026-09-19T14:15:49.6642178+09:00,0.0
2026-09-19T14:15:49.9614065+09:00,0.0
2026-09-19T14:15:50.2324827+09:00,0.0
2026-09-19T14:15:50.5019509+09:00,0.0
2026-09-19T14:15:50.7675362+09:00,0.0
2026-09-19T14:15:51.0493217+09:00,0.0
2026-09-19T14:15:51.3127745+09:00,0.0
2026-09-19T14:15:51.5832263+09:00,0.0
2026-09-19T14:15:51.8624788+09:00,0.0
2026-09-19T14:15:52.1496311+09:00,0.0
2026-09-19T14:15:52.4282184+09:00,0.0
2026-09-19T14:15:52.7013948+09:00,0.0
2026-09-19T14:15:52.9845770+09:00,0.0
2026-09-19T14:15:53.2630231+09:00,0.0
2026-09-19T14:15:53.5378635+09:00,0.0
2026-09-19T14:15:53.8147835+09:00,0.0
2026-09-19T14:15:54.0932118+09:00,0.0
2026-09-19T14:15:54.3612664+09:00,0.0
2026-09-19T14:15:54.6331008+09:00,0.0
2026-09-19T14:15:54.9138670+09:00,0.0
2026-09-19T14:15:55.1632507+09:00,0.0
2026-09-19T14:15:55.4266289+09:00,0.0
2026-09-19T14:15:55.7364521+09:00,0.0
2026-09-19T14:15:56.0164327+09:00,0.0
2026-09-19T14:15:56.2794719+09:00,0.0
2026-09-19T14:15:56.5598686+09:00,0.0
2026-09-19T14:15:56.8420815+09:00,0.0
2026-09-19T14:15:57.1207797+09:00,0.0
2026-09-19T14:15:57.3858054+09:00,0.0
2026-09-19T14:15:57.6656309+09:00,0.0
2026-09-19T14:15:57.9575625+09:00,0.0
2026-09-19T14:15:58.2374310+09:00,0.0
2026-09-19T14:15:58.5182036+09:00,0.0
2026-09-19T14:15:58.7998779+09:00,0.0
2026-09-19T14:15:59.0822597+09:00,0.0
2026-09-19T14:15:59.3647862+09:00,0.0
2026-09-19T14:15:59.6588927+09:00,0.0
2026-09-19T14:15:59.9551924+09:00,0.0
2026-09-19T14:16:00.2055779+09:00,0.0
2026-09-19T14:16:00.4863925+09:00,0.0
2026-09-19T14:16:00.7685395+09:00,0.0
2026-09-19T14:16:01.0491043+09:00,0.0
2026-09-19T14:16:01.3238973+09:00,0.0
2026-09-19T14:16:01.5948621+09:00,0.0
2026-09-19T14:16:01.8586620+09:00,0.0
2026-09-19T14:16:02.1234504+09:00,0.0
2026-09-19T14:16:02.3888958+09:00,0.0
2026-09-19T14:16:02.6536344+09:00,0.0
2026-09-19T14:16:02.9504646+09:00,0.0
2026-09-19T14:16:03.2301214+09:00,0.0
2026-09-19T14:16:03.5086829+09:00,0.0
2026-09-19T14:16:03.7719216+09:00,0.0
2026-09-19T14:16:04.0523606+09:00,0.0
2026-09-19T14:16:04.3339681+09:00,0.0
2026-09-19T14:16:04.6143529+09:00,0.0
2026-09-19T14:16:04.8881688+09:00,0.0
2026-09-19T14:16:05.1563813+09:00,0.0
2026-09-19T14:16:05.4374763+09:00,0.0
2026-09-19T14:16:05.7642015+09:00,0.0
2026-09-19T14:16:06.0285796+09:00,0.0
2026-09-19T14:16:06.3082693+09:00,0.0
2026-09-19T14:16:06.5946758+09:00,0.0
2026-09-19T14:16:06.8695440+09:00,0.0
2026-09-19T14:16:07.1430564+09:00,0.0
2026-09-19T14:16:07.4117992+09:00,0.0
2026-09-19T14:16:07.6869648+09:00,0.0
2026-09-19T14:16:07.9564438+09:00,0.0
2026-09-19T14:16:08.2380823+09:00,0.0
2026-09-19T14:16:08.5205631+09:00,0.0
2026-09-19T14:16:08.7930139+09:00,0.0
2026-09-19T14:16:09.0668585+09:00,0.0
2026-09-19T14:16:09.3467615+09:00,0.0
2026-09-19T14:16:09.6262387+09:00,0.0
2026-09-19T14:16:09.9034338+09:00,0.0
2026-09-19T14:16:10.1821835+09:00,0.0
2026-09-19T14:16:10.4627451+09:00,0.0
2026-09-19T14:16:10.7322872+09:00,0.0
2026-09-19T14:16:11.0291118+09:00,0.0
2026-09-19T14:16:11.3091108+09:00,0.0
2026-09-19T14:16:11.5777843+09:00,0.0
2026-09-19T14:16:11.8569979+09:00,0.0
2026-09-19T14:16:12.1329188+09:00,0.0
2026-09-19T14:16:12.4111214+09:00,0.0
2026-09-19T14:16:12.6883519+09:00,0.0
2026-09-19T14:16:12.9764973+09:00,0.0
2026-09-19T14:16:13.2551266+09:00,0.0
2026-09-19T14:16:13.5207893+09:00,0.0
2026-09-19T14:16:13.7966064+09:00,0.0
2026-09-19T14:16:14.0625012+09:00,0.0
2026-09-19T14:16:14.3329505+09:00,0.0
2026-09-19T14:16:14.5921144+09:00,0.0
2026-09-19T14:16:14.8561644+09:00,0.0
2026-09-19T14:16:15.1252399+09:00,0.0
2026-09-19T14:16:15.4052308+09:00,0.0
2026-09-19T14:16:15.6691210+09:00,0.0
2026-09-19T14:16:15.9485883+09:00,0.0
2026-09-19T14:16:16.2336665+09:00,0.0
2026-09-19T14:16:16.5082558+09:00,0.0
2026-09-19T14:16:16.7883981+09:00,0.0
2026-09-19T14:16:17.0704902+09:00,0.0
2026-09-19T14:16:17.3363796+09:00,0.0
2026-09-19T14:16:17.6094105+09:00,0.0
2026-09-19T14:16:17.8890276+09:00,0.0
2026-09-19T14:16:18.1852923+09:00,0.0
2026-09-19T14:16:18.4792512+09:00,0.0
2026-09-19T14:16:18.7451642+09:00,0.0
2026-09-19T14:16:19.0249461+09:00,0.0
2026-09-19T14:16:19.3025217+09:00,0.0
2026-09-19T14:16:19.5843385+09:00,0.0
2026-09-19T14:16:19.8631583+09:00,0.0
2026-09-19T14:16:20.1357234+09:00,0.0
2026-09-19T14:16:20.3982339+09:00,0.0
2026-09-19T14:16:20.6766474+09:00,0.0
2026-09-19T14:16:20.9633679+09:00,0.0
2026-09-19T14:16:21.2602652+09:00,0.0
2026-09-19T14:16:21.5265538+09:00,0.0
2026-09-19T14:16:21.8084842+09:00,0.0
2026-09-19T14:16:22.1065032+09:00,0.0
2026-09-19T14:16:22.3708408+09:00,0.0
2026-09-19T14:16:22.6384276+09:00,0.0
2026-09-19T14:16:22.9072276+09:00,0.0
2026-09-19T14:16:23.2002640+09:00,0.0
2026-09-19T14:16:23.4771448+09:00,0.0
2026-09-19T14:16:23.7485418+09:00,0.0
2026-09-19T14:16:24.0134055+09:00,0.0
2026-09-19T14:16:24.2647236+09:00,0.0
2026-09-19T14:16:24.5296771+09:00,0.0
2026-09-19T14:16:24.8090587+09:00,0.0
2026-09-19T14:16:25.0751772+09:00,0.0
2026-09-19T14:16:25.3435396+09:00,0.0
2026-09-19T14:16:25.6092677+09:00,0.0
2026-09-19T14:16:25.8777991+09:00,0.0
2026-09-19T14:16:26.1679719+09:00,0.0
2026-09-19T14:16:26.4344232+09:00,0.0
2026-09-19T14:16:26.7031037+09:00,0.0
2026-09-19T14:16:26.9855761+09:00,0.0
2026-09-19T14:16:27.2504482+09:00,0.0
2026-09-19T14:16:27.5313566+09:00,0.0
2026-09-19T14:16:27.7785673+09:00,0.0
2026-09-19T14:16:28.0502547+09:00,0.0
2026-09-19T14:16:28.3308916+09:00,0.0
2026-09-19T14:16:28.6006703+09:00,0.0
2026-09-19T14:16:28.8596117+09:00,0.0
2026-09-19T14:16:29.1291624+09:00,0.0
2026-09-19T14:16:29.4093718+09:00,0.0
2026-09-19T14:16:29.6826531+09:00,0.0
2026-09-19T14:16:29.9675257+09:00,0.0
2026-09-19T14:16:30.2479370+09:00,0.0
2026-09-19T14:16:30.5142780+09:00,0.0
2026-09-19T14:16:30.7959622+09:00,0.0
2026-09-19T14:16:31.0747764+09:00,0.0
2026-09-19T14:16:31.3617073+09:00,0.0
2026-09-19T14:16:31.6375479+09:00,0.0
2026-09-19T14:16:31.9178095+09:00,0.0
2026-09-19T14:16:32.1849631+09:00,0.0
2026-09-19T14:16:32.4348298+09:00,0.0
2026-09-19T14:16:32.7647090+09:00,0.0
2026-09-19T14:16:33.0312068+09:00,0.0
2026-09-19T14:16:33.3121800+09:00,0.0
2026-09-19T14:16:33.5852595+09:00,0.0
2026-09-19T14:16:33.8665111+09:00,0.0
2026-09-19T14:16:34.1432582+09:00,0.0
2026-09-19T14:16:34.4082404+09:00,0.0
2026-09-19T14:16:34.6888495+09:00,0.0
2026-09-19T14:16:34.9529746+09:00,0.0
2026-09-19T14:16:35.2136280+09:00,0.0
2026-09-19T14:16:35.4902379+09:00,0.0
2026-09-19T14:16:35.7829135+09:00,0.0
2026-09-19T14:16:36.0771282+09:00,0.0
2026-09-19T14:16:36.3675800+09:00,0.0
2026-09-19T14:16:36.6389578+09:00,0.0
2026-09-19T14:16:36.8880971+09:00,0.0
2026-09-19T14:16:37.1539465+09:00,0.0
2026-09-19T14:16:37.4033062+09:00,0.0
2026-09-19T14:16:37.6691339+09:00,0.0
2026-09-19T14:16:37.9445365+09:00,0.0
2026-09-19T14:16:38.2230701+09:00,0.0
2026-09-19T14:16:38.5031196+09:00,0.0
2026-09-19T14:16:38.7827616+09:00,0.0
2026-09-19T14:16:39.0631004+09:00,0.0
2026-09-19T14:16:39.3412671+09:00,0.0
2026-09-19T14:16:39.6203292+09:00,0.0
2026-09-19T14:16:39.8675002+09:00,0.0
2026-09-19T14:16:40.1475497+09:00,0.0
2026-09-19T14:16:40.4126859+09:00,0.0
2026-09-19T14:16:40.7237151+09:00,0.0
2026-09-19T14:16:41.0154554+09:00,0.0
2026-09-19T14:16:41.2948635+09:00,0.0
2026-09-19T14:16:41.5688860+09:00,0.0
2026-09-19T14:16:41.8509626+09:00,0.0
2026-09-19T14:16:42.1300093+09:00,0.0
2026-09-19T14:16:42.3986181+09:00,0.0
2026-09-19T14:16:42.6615502+09:00,0.0
2026-09-19T14:16:42.9690337+09:00,0.0
2026-09-19T14:16:43.2513514+09:00,0.0
2026-09-19T14:16:43.5280694+09:00,0.0
2026-09-19T14:16:43.7930053+09:00,0.0
2026-09-19T14:16:44.0570492+09:00,0.0
2026-09-19T14:16:44.3338659+09:00,0.0
2026-09-19T14:16:44.5821854+09:00,0.0
2026-09-19T14:16:44.8641269+09:00,0.0
2026-09-19T14:16:45.1425771+09:00,0.0
2026-09-19T14:16:45.3932886+09:00,0.0
2026-09-19T14:16:45.6751999+09:00,0.0
2026-09-19T14:16:45.9612981+09:00,0.0
2026-09-19T14:16:46.2418747+09:00,0.0
2026-09-19T14:16:46.5229910+09:00,0.0
2026-09-19T14:16:46.8037635+09:00,0.0
2026-09-19T14:16:47.0931488+09:00,0.0
2026-09-19T14:16:47.3709736+09:00,0.0
2026-09-19T14:16:47.6684400+09:00,0.0
2026-09-19T14:16:47.9498598+09:00,0.0
2026-09-19T14:16:48.2459387+09:00,0.0
2026-09-19T14:16:48.5103433+09:00,0.0
2026-09-19T14:16:48.7734464+09:00,0.0
2026-09-19T14:16:49.0466111+09:00,0.0
2026-09-19T14:16:49.3259133+09:00,0.0
2026-09-19T14:16:49.6055668+09:00,0.0
2026-09-19T14:16:49.8860755+09:00,0.0
2026-09-19T14:16:50.1530565+09:00,0.0
2026-09-19T14:16:50.4346543+09:00,0.0
2026-09-19T14:16:50.6828483+09:00,0.0
2026-09-19T14:16:50.9792841+09:00,0.0
2026-09-19T14:16:51.2412655+09:00,0.0
2026-09-19T14:16:51.5238969+09:00,0.0
2026-09-19T14:16:51.7697267+09:00,0.0
2026-09-19T14:16:52.0343815+09:00,0.0
2026-09-19T14:16:52.3174440+09:00,0.0
2026-09-19T14:16:52.5952895+09:00,0.0
2026-09-19T14:16:52.8287035+09:00,0.0
2026-09-19T14:16:53.0867247+09:00,0.0
2026-09-19T14:16:53.3651275+09:00,0.0
2026-09-19T14:16:53.6337206+09:00,0.0
2026-09-19T14:16:53.9138057+09:00,0.0
2026-09-19T14:16:54.1893571+09:00,0.0
2026-09-19T14:16:54.4384115+09:00,0.0
2026-09-19T14:16:54.7220453+09:00,0.0
2026-09-19T14:16:54.9869405+09:00,0.0
2026-09-19T14:16:55.2276199+09:00,0.0
2026-09-19T14:16:55.5059809+09:00,0.0
2026-09-19T14:16:55.7983329+09:00,0.0
2026-09-19T14:16:56.0618813+09:00,0.0
2026-09-19T14:16:56.3282426+09:00,0.0
2026-09-19T14:16:56.5909577+09:00,0.0
2026-09-19T14:16:56.8722915+09:00,0.0
2026-09-19T14:16:57.1383480+09:00,0.0
2026-09-19T14:16:57.4220207+09:00,0.0
2026-09-19T14:16:57.7076574+09:00,0.0
2026-09-19T14:16:58.0056908+09:00,0.0
2026-09-19T14:16:58.2851856+09:00,0.0
2026-09-19T14:16:58.5642013+09:00,0.0
2026-09-19T14:16:58.8417183+09:00,0.0
2026-09-19T14:16:59.1206265+09:00,0.0
2026-09-19T14:16:59.4345292+09:00,0.0
2026-09-19T14:16:59.7165881+09:00,0.0
2026-09-19T14:16:59.9945343+09:00,0.0
2026-09-19T14:17:00.2609456+09:00,0.0
2026-09-19T14:17:00.5272820+09:00,0.0
2026-09-19T14:17:00.7920129+09:00,0.0
2026-09-19T14:17:01.0277778+09:00,0.0
2026-09-19T14:17:01.2980807+09:00,0.0
2026-09-19T14:17:01.5710610+09:00,0.0
2026-09-19T14:17:01.8501795+09:00,0.0
2026-09-19T14:17:02.1444458+09:00,0.0
2026-09-19T14:17:02.4238902+09:00,0.0
2026-09-19T14:17:02.7059004+09:00,0.0
2026-09-19T14:17:02.9870559+09:00,0.0
2026-09-19T14:17:03.2864138+09:00,0.0
2026-09-19T14:17:03.5539939+09:00,0.0
2026-09-19T14:17:03.8214752+09:00,0.0
2026-09-19T14:17:04.1017682+09:00,0.0
2026-09-19T14:17:04.3487946+09:00,0.0
2026-09-19T14:17:04.5809626+09:00,0.0
2026-09-19T14:17:04.8298104+09:00,0.0
2026-09-19T14:17:05.0786334+09:00,0.0
2026-09-19T14:17:05.3126441+09:00,0.0
2026-09-19T14:17:05.5775394+09:00,0.0
2026-09-19T14:17:05.8551983+09:00,0.0
2026-09-19T14:17:06.1390958+09:00,0.0
2026-09-19T14:17:06.3885273+09:00,0.0
2026-09-19T14:17:06.6524746+09:00,0.0
2026-09-19T14:17:06.9512125+09:00,0.0
2026-09-19T14:17:07.2199280+09:00,0.0
2026-09-19T14:17:07.4865054+09:00,0.0
2026-09-19T14:17:07.7666519+09:00,0.0
2026-09-19T14:17:08.0301675+09:00,0.0
2026-09-19T14:17:08.3122175+09:00,0.0
2026-09-19T14:17:08.5921310+09:00,0.0
2026-09-19T14:17:08.8429602+09:00,0.0
2026-09-19T14:17:09.1165770+09:00,0.0
2026-09-19T14:17:09.3822318+09:00,0.0
2026-09-19T14:17:09.6775262+09:00,0.0
2026-09-19T14:17:09.9611709+09:00,0.0
2026-09-19T14:17:10.2287375+09:00,0.0
2026-09-19T14:17:10.4947561+09:00,0.0
2026-09-19T14:17:10.7638233+09:00,0.0
2026-09-19T14:17:11.0290841+09:00,0.0
2026-09-19T14:17:11.3091761+09:00,0.0
2026-09-19T14:17:11.5821557+09:00,0.0
2026-09-19T14:17:11.8643080+09:00,0.0
2026-09-19T14:17:12.1267155+09:00,0.0
2026-09-19T14:17:12.3765066+09:00,0.0
2026-09-19T14:17:12.6425973+09:00,0.0
2026-09-19T14:17:12.9356497+09:00,0.0
2026-09-19T14:17:13.2354804+09:00,0.0
2026-09-19T14:17:13.5185478+09:00,0.0
2026-09-19T14:17:13.8433792+09:00,0.0
2026-09-19T14:17:14.1090501+09:00,0.0
2026-09-19T14:17:14.3909430+09:00,0.0
2026-09-19T14:17:14.6705569+09:00,0.0
2026-09-19T14:17:14.9522570+09:00,0.0
2026-09-19T14:17:15.2236311+09:00,0.0
2026-09-19T14:17:15.5359759+09:00,0.0
2026-09-19T14:17:15.8316733+09:00,0.0
2026-09-19T14:17:16.1140385+09:00,0.0
2026-09-19T14:17:16.3903558+09:00,0.0
2026-09-19T14:17:16.6848275+09:00,0.0
2026-09-19T14:17:16.9643179+09:00,0.0
2026-09-19T14:17:17.2461770+09:00,0.0
2026-09-19T14:17:17.5256161+09:00,0.0
2026-09-19T14:17:17.8068470+09:00,0.0
2026-09-19T14:17:18.0908827+09:00,0.0
2026-09-19T14:17:18.3714292+09:00,0.0
2026-09-19T14:17:18.6540985+09:00,0.0
2026-09-19T14:17:18.9352130+09:00,0.0
2026-09-19T14:17:19.2083392+09:00,0.0
2026-09-19T14:17:19.4748641+09:00,0.0
2026-09-19T14:17:19.8037566+09:00,0.0
2026-09-19T14:17:20.1353537+09:00,0.0
2026-09-19T14:17:20.4383899+09:00,0.0
2026-09-19T14:17:20.7121909+09:00,0.0
2026-09-19T14:17:20.9924001+09:00,0.0
2026-09-19T14:17:21.2440858+09:00,0.0
2026-09-19T14:17:21.5253957+09:00,0.0
2026-09-19T14:17:21.8553434+09:00,0.0
2026-09-19T14:17:22.1309576+09:00,0.0
2026-09-19T14:17:22.4614152+09:00,0.0
2026-09-19T14:17:22.7278536+09:00,0.0
2026-09-19T14:17:22.9952579+09:00,0.0
2026-09-19T14:17:23.3100174+09:00,0.0
2026-09-19T14:17:23.5756787+09:00,0.0
2026-09-19T14:17:23.8595834+09:00,0.0
2026-09-19T14:17:24.1261061+09:00,0.0
2026-09-19T14:17:24.4076339+09:00,0.0
2026-09-19T14:17:24.6885686+09:00,0.0
2026-09-19T14:17:24.9724695+09:00,0.0
2026-09-19T14:17:25.2542357+09:00,0.0
2026-09-19T14:17:25.5208085+09:00,0.0
2026-09-19T14:17:25.8186201+09:00,0.0
2026-09-19T14:17:26.0790851+09:00,0.0
2026-09-19T14:17:26.3448196+09:00,0.0
2026-09-19T14:17:26.6253386+09:00,0.0
2026-09-19T14:17:26.8899373+09:00,0.0
2026-09-19T14:17:27.1394813+09:00,0.0
2026-09-19T14:17:27.4191524+09:00,0.0
2026-09-19T14:17:27.6900069+09:00,0.0
2026-09-19T14:17:28.0045376+09:00,0.0
2026-09-19T14:17:28.2856621+09:00,0.0
2026-09-19T14:17:28.5630291+09:00,0.0
2026-09-19T14:17:28.8540677+09:00,0.0
2026-09-19T14:17:29.1458230+09:00,0.0
2026-09-19T14:17:29.4274210+09:00,0.0
2026-09-19T14:17:29.7029421+09:00,0.0
2026-09-19T14:17:30.0132291+09:00,0.0
2026-09-19T14:17:30.2785819+09:00,0.0
2026-09-19T14:17:30.5575366+09:00,0.0
2026-09-19T14:17:30.8084613+09:00,0.0
2026-09-19T14:17:31.0738231+09:00,0.0
2026-09-19T14:17:31.3546162+09:00,0.0
2026-09-19T14:17:31.6399016+09:00,0.0
2026-09-19T14:17:31.9215187+09:00,0.0
2026-09-19T14:17:32.1868029+09:00,0.0
2026-09-19T14:17:32.4520433+09:00,0.0
2026-09-19T14:17:32.7020067+09:00,0.0
2026-09-19T14:17:32.9811936+09:00,0.0
2026-09-19T14:17:33.2419452+09:00,0.0
2026-09-19T14:17:33.5371220+09:00,0.0
2026-09-19T14:17:33.8037131+09:00,0.0
2026-09-19T14:17:34.0538995+09:00,0.0
2026-09-19T14:17:34.3197656+09:00,0.0
2026-09-19T14:17:34.5547740+09:00,0.0
2026-09-19T14:17:34.8358969+09:00,0.0
2026-09-19T14:17:35.1163266+09:00,0.0
2026-09-19T14:17:35.3817229+09:00,0.0
2026-09-19T14:17:35.6614489+09:00,0.0
2026-09-19T14:17:35.9451502+09:00,0.0
2026-09-19T14:17:36.2238700+09:00,0.0
2026-09-19T14:17:36.4879738+09:00,0.0
2026-09-19T14:17:36.7392678+09:00,0.0
2026-09-19T14:17:37.0047599+09:00,0.0
2026-09-19T14:17:37.2998012+09:00,0.0
2026-09-19T14:17:37.5820725+09:00,0.0
2026-09-19T14:17:37.8793810+09:00,0.0
2026-09-19T14:17:38.1597031+09:00,0.0
2026-09-19T14:17:38.4389859+09:00,0.0
2026-09-19T14:17:38.7029578+09:00,0.0
2026-09-19T14:17:38.9821195+09:00,0.0
2026-09-19T14:17:39.2484204+09:00,0.0
2026-09-19T14:17:39.5148334+09:00,0.0
2026-09-19T14:17:39.7815381+09:00,0.0
2026-09-19T14:17:40.0583147+09:00,0.0
2026-09-19T14:17:40.3570882+09:00,0.0
2026-09-19T14:17:40.6353247+09:00,0.0
2026-09-19T14:17:40.8826085+09:00,0.0
2026-09-19T14:17:41.1616165+09:00,0.0
2026-09-19T14:17:41.4277957+09:00,0.0
2026-09-19T14:17:41.7096409+09:00,0.0
2026-09-19T14:17:42.0235430+09:00,0.0
2026-09-19T14:17:42.3010876+09:00,0.0
2026-09-19T14:17:42.5650530+09:00,0.0
2026-09-19T14:17:42.8449846+09:00,0.0
2026-09-19T14:17:43.1252361+09:00,0.0
2026-09-19T14:17:43.3924815+09:00,0.0
2026-09-19T14:17:43.6881474+09:00,0.0
2026-09-19T14:17:44.0019638+09:00,0.0
2026-09-19T14:17:44.3273913+09:00,0.0
2026-09-19T14:17:44.6388602+09:00,0.0
2026-09-19T14:17:44.9346282+09:00,0.0
2026-09-19T14:17:45.2283591+09:00,0.0
2026-09-19T14:17:45.5109893+09:00,0.0
2026-09-19T14:17:45.7907797+09:00,0.0
2026-09-19T14:17:46.0757097+09:00,0.0
2026-09-19T14:17:46.3556178+09:00,0.0
2026-09-19T14:17:46.6512563+09:00,0.0
2026-09-19T14:17:46.9510322+09:00,0.0
2026-09-19T14:17:47.2646055+09:00,0.0
2026-09-19T14:17:47.5420085+09:00,0.0
2026-09-19T14:17:47.8077550+09:00,0.0
2026-09-19T14:17:48.0902830+09:00,0.0
2026-09-19T14:17:48.3688350+09:00,0.0
2026-09-19T14:17:48.6361029+09:00,0.0
2026-09-19T14:17:48.9011382+09:00,0.0
2026-09-19T14:17:49.1827534+09:00,0.0
2026-09-19T14:17:49.4464429+09:00,0.0
2026-09-19T14:17:49.7126193+09:00,0.0
2026-09-19T14:17:50.0061872+09:00,0.0
2026-09-19T14:17:50.2865671+09:00,0.0
2026-09-19T14:17:50.5822222+09:00,0.0
2026-09-19T14:17:50.8628007+09:00,0.0
2026-09-19T14:17:51.1272654+09:00,0.0
2026-09-19T14:17:51.4075592+09:00,0.0
2026-09-19T14:17:51.6881445+09:00,0.0
2026-09-19T14:17:51.9655332+09:00,0.0
2026-09-19T14:17:52.2301308+09:00,0.0
2026-09-19T14:17:52.4961288+09:00,0.0
2026-09-19T14:17:52.7438863+09:00,0.0
2026-09-19T14:17:53.0076204+09:00,0.0
2026-09-19T14:17:53.3069627+09:00,0.0
2026-09-19T14:17:53.5895219+09:00,0.0
2026-09-19T14:17:53.9025873+09:00,0.0
2026-09-19T14:17:54.1830870+09:00,0.0
2026-09-19T14:17:54.4763881+09:00,0.0
2026-09-19T14:17:54.7408809+09:00,0.0
2026-09-19T14:17:55.0199051+09:00,0.0
2026-09-19T14:17:55.2669421+09:00,0.0
2026-09-19T14:17:55.5321701+09:00,0.0
2026-09-19T14:17:55.8279920+09:00,0.0
2026-09-19T14:17:56.1061164+09:00,0.0
2026-09-19T14:17:56.3881011+09:00,0.0
2026-09-19T14:17:56.6540736+09:00,0.0
2026-09-19T14:17:56.9347856+09:00,0.0
2026-09-19T14:17:57.1823489+09:00,0.0
2026-09-19T14:17:57.4484358+09:00,0.0
2026-09-19T14:17:57.7296333+09:00,0.0
2026-09-19T14:17:58.0090488+09:00,0.0
2026-09-19T14:17:58.3241706+09:00,0.0
2026-09-19T14:17:58.6019273+09:00,0.0
2026-09-19T14:17:58.8660171+09:00,0.0
2026-09-19T14:17:59.1304102+09:00,0.0
2026-09-19T14:17:59.3968165+09:00,0.0
2026-09-19T14:17:59.6790343+09:00,0.0
2026-09-19T14:17:59.9724926+09:00,0.0
2026-09-19T14:18:00.2539332+09:00,0.0
2026-09-19T14:18:00.5363980+09:00,0.0
2026-09-19T14:18:00.8171606+09:00,0.0
2026-09-19T14:18:01.0653272+09:00,0.0
2026-09-19T14:18:01.3142386+09:00,0.0
2026-09-19T14:18:01.5645750+09:00,0.0
2026-09-19T14:18:01.8441158+09:00,0.0
2026-09-19T14:18:02.1588068+09:00,0.0
2026-09-19T14:18:02.4246366+09:00,0.0
2026-09-19T14:18:02.7050372+09:00,0.0
2026-09-19T14:18:02.9994051+09:00,0.0
2026-09-19T14:18:03.2813598+09:00,0.0
2026-09-19T14:18:03.5465224+09:00,0.0
2026-09-19T14:18:03.8101405+09:00,0.0
2026-09-19T14:18:04.0918618+09:00,0.0
2026-09-19T14:18:04.3713678+09:00,0.0
2026-09-19T14:18:04.6365796+09:00,0.0
2026-09-19T14:18:04.9178289+09:00,0.0
2026-09-19T14:18:05.1972538+09:00,0.0
2026-09-19T14:18:05.4901908+09:00,0.0
2026-09-19T14:18:05.8179743+09:00,0.0
2026-09-19T14:18:06.1127431+09:00,0.0
2026-09-19T14:18:06.3944893+09:00,0.0
2026-09-19T14:18:06.6733178+09:00,0.0
2026-09-19T14:18:06.9709869+09:00,0.0
2026-09-19T14:18:07.2503702+09:00,0.0
2026-09-19T14:18:07.5155645+09:00,0.0
2026-09-19T14:18:07.7947738+09:00,0.0
2026-09-19T14:18:08.0895357+09:00,0.0
2026-09-19T14:18:08.3875941+09:00,0.0
2026-09-19T14:18:08.6654795+09:00,0.0
2026-09-19T14:18:08.9478212+09:00,0.0
2026-09-19T14:18:09.2418686+09:00,0.0
2026-09-19T14:18:09.5251417+09:00,0.0
2026-09-19T14:18:09.8080318+09:00,0.0
2026-09-19T14:18:10.1023055+09:00,0.0
2026-09-19T14:18:10.3667569+09:00,0.0
2026-09-19T14:18:10.6454685+09:00,0.0
2026-09-19T14:18:10.9292592+09:00,0.0
2026-09-19T14:18:11.1786232+09:00,0.0
2026-09-19T14:18:11.4607423+09:00,0.0
2026-09-19T14:18:11.7100949+09:00,0.0
2026-09-19T14:18:11.9914404+09:00,0.0
2026-09-19T14:18:12.2569593+09:00,0.0
2026-09-19T14:18:12.5392925+09:00,0.0
2026-09-19T14:18:12.8033153+09:00,0.0
2026-09-19T14:18:13.0842776+09:00,0.0
2026-09-19T14:18:13.3640816+09:00,0.0
2026-09-19T14:18:13.6471726+09:00,0.0
2026-09-19T14:18:13.9272505+09:00,0.0
2026-09-19T14:18:14.1779062+09:00,0.0
2026-09-19T14:18:14.4722630+09:00,0.0
2026-09-19T14:18:14.7547856+09:00,0.0
2026-09-19T14:18:15.0372792+09:00,0.0
2026-09-19T14:18:15.3177925+09:00,0.0
2026-09-19T14:18:15.6127310+09:00,0.0
2026-09-19T14:18:15.8918853+09:00,0.0
2026-09-19T14:18:16.1576901+09:00,0.0
2026-09-19T14:18:16.4510343+09:00,0.0
2026-09-19T14:18:16.7313452+09:00,0.0
2026-09-19T14:18:17.0153844+09:00,0.0
2026-09-19T14:18:17.2928468+09:00,0.0
2026-09-19T14:18:17.5590245+09:00,0.0
2026-09-19T14:18:17.8401006+09:00,0.0
2026-09-19T14:18:18.1072963+09:00,0.0
2026-09-19T14:18:18.3906715+09:00,0.0
2026-09-19T14:18:18.6714061+09:00,0.0
2026-09-19T14:18:18.9539049+09:00,0.0
2026-09-19T14:18:19.2330848+09:00,0.0
2026-09-19T14:18:19.4990823+09:00,0.0
2026-09-19T14:18:19.7833465+09:00,0.0
2026-09-19T14:18:20.0466488+09:00,0.0
2026-09-19T14:18:20.3252112+09:00,0.0
2026-09-19T14:18:20.5896662+09:00,0.0
2026-09-19T14:18:20.8712034+09:00,0.0
2026-09-19T14:18:21.1542222+09:00,0.0
2026-09-19T14:18:21.4211679+09:00,0.0
2026-09-19T14:18:21.7012404+09:00,0.0
2026-09-19T14:18:21.9822498+09:00,0.0
2026-09-19T14:18:22.2620382+09:00,0.0
2026-09-19T14:18:22.5275286+09:00,0.0
2026-09-19T14:18:22.8104794+09:00,0.0
2026-09-19T14:18:23.1054042+09:00,0.0
2026-09-19T14:18:23.4014298+09:00,0.0
2026-09-19T14:18:23.6689729+09:00,0.0
2026-09-19T14:18:23.9631720+09:00,0.0
2026-09-19T14:18:24.2434714+09:00,0.0
2026-09-19T14:18:24.5213582+09:00,0.0
2026-09-19T14:18:24.8017549+09:00,0.0
2026-09-19T14:18:25.0659103+09:00,0.0
2026-09-19T14:18:25.3480161+09:00,0.0
2026-09-19T14:18:25.6096014+09:00,0.0
2026-09-19T14:18:25.9023624+09:00,0.0
2026-09-19T14:18:26.1682970+09:00,0.0
2026-09-19T14:18:26.4489536+09:00,0.0
2026-09-19T14:18:26.7271979+09:00,0.0
2026-09-19T14:18:26.9899948+09:00,0.0
2026-09-19T14:18:27.2694558+09:00,0.0
2026-09-19T14:18:27.5482104+09:00,0.0
2026-09-19T14:18:27.8448837+09:00,0.0
2026-09-19T14:18:28.1117989+09:00,0.0
2026-09-19T14:18:28.4065067+09:00,0.0
2026-09-19T14:18:28.6715822+09:00,0.0
2026-09-19T14:18:28.9693306+09:00,0.0
2026-09-19T14:18:29.2157720+09:00,0.0
2026-09-19T14:18:29.4935153+09:00,0.0
2026-09-19T14:18:29.7432465+09:00,0.0
2026-09-19T14:18:30.0220655+09:00,0.0
2026-09-19T14:18:30.3015462+09:00,0.0
2026-09-19T14:18:30.5656557+09:00,0.0
2026-09-19T14:18:30.8328403+09:00,0.0
2026-09-19T14:18:31.1124252+09:00,0.0
2026-09-19T14:18:31.4252181+09:00,0.0
2026-09-19T14:18:31.7046730+09:00,0.0
2026-09-19T14:18:31.9854528+09:00,0.0
2026-09-19T14:18:32.2688751+09:00,0.0
2026-09-19T14:18:32.5470606+09:00,0.0
2026-09-19T14:18:32.8271250+09:00,0.0
2026-09-19T14:18:33.1089680+09:00,0.0
2026-09-19T14:18:33.4209016+09:00,0.0
2026-09-19T14:18:33.7010618+09:00,0.0
2026-09-19T14:18:33.9903621+09:00,0.0
2026-09-19T14:18:34.2545112+09:00,0.0
2026-09-19T14:18:34.5168785+09:00,0.0
2026-09-19T14:18:34.7650867+09:00,0.0
2026-09-19T14:18:35.0393524+09:00,0.0
2026-09-19T14:18:35.3053721+09:00,0.0
2026-09-19T14:18:35.5848231+09:00,0.0
2026-09-19T14:18:35.8799622+09:00,0.0
2026-09-19T14:18:36.1288411+09:00,0.0
2026-09-19T14:18:36.3942310+09:00,0.0
2026-09-19T14:18:36.6782126+09:00,0.0
2026-09-19T14:18:36.9591271+09:00,0.0
2026-09-19T14:18:37.2080085+09:00,0.0
2026-09-19T14:18:37.4723634+09:00,0.0
2026-09-19T14:18:37.7498984+09:00,0.0
2026-09-19T14:18:38.0735266+09:00,0.0
2026-09-19T14:18:38.3515054+09:00,0.0
2026-09-19T14:18:38.6300854+09:00,0.0
2026-09-19T14:18:38.9104138+09:00,0.0
2026-09-19T14:18:39.1806426+09:00,0.0
2026-09-19T14:18:39.4622299+09:00,0.0
2026-09-19T14:18:39.7419532+09:00,0.0
2026-09-19T14:18:39.9979836+09:00,0.0
2026-09-19T14:18:40.2942765+09:00,0.0
2026-09-19T14:18:40.5755939+09:00,0.0
2026-09-19T14:18:40.8441533+09:00,0.0
2026-09-19T14:18:41.1250267+09:00,0.0
2026-09-19T14:18:41.4110835+09:00,0.0
2026-09-19T14:18:41.7110424+09:00,0.0
2026-09-19T14:18:41.9898822+09:00,0.0
2026-09-19T14:18:42.2547018+09:00,0.0
2026-09-19T14:18:42.5356283+09:00,0.0
2026-09-19T14:18:42.8164066+09:00,0.0
2026-09-19T14:18:43.0953489+09:00,0.0
2026-09-19T14:18:43.3860193+09:00,0.0
2026-09-19T14:18:43.6615688+09:00,0.0
2026-09-19T14:18:43.9147404+09:00,0.0
2026-09-19T14:18:44.1874319+09:00,0.0
2026-09-19T14:18:44.4593349+09:00,0.0
2026-09-19T14:18:44.7250057+09:00,0.0
2026-09-19T14:18:44.9910344+09:00,0.0
2026-09-19T14:18:45.2927852+09:00,0.0
2026-09-19T14:18:45.5426730+09:00,0.0
2026-09-19T14:18:45.8382862+09:00,0.0
2026-09-19T14:18:46.1231752+09:00,0.0
2026-09-19T14:18:46.4051497+09:00,0.0
2026-09-19T14:18:46.6737232+09:00,0.0
2026-09-19T14:18:46.9716707+09:00,0.0
2026-09-19T14:18:47.2420472+09:00,0.0
2026-09-19T14:18:47.5292686+09:00,0.0
2026-09-19T14:18:47.8084848+09:00,0.0
2026-09-19T14:18:48.0925787+09:00,0.0
2026-09-19T14:18:48.3624572+09:00,0.0
2026-09-19T14:18:48.6378319+09:00,0.0
2026-09-19T14:18:48.9187605+09:00,0.0
2026-09-19T14:18:49.1986077+09:00,0.0
2026-09-19T14:18:49.4791179+09:00,0.0
2026-09-19T14:18:49.7681582+09:00,0.0
2026-09-19T14:18:50.0474701+09:00,0.0
2026-09-19T14:18:50.3440007+09:00,0.0
2026-09-19T14:18:50.6239524+09:00,0.0
2026-09-19T14:18:50.9031811+09:00,0.0
2026-09-19T14:18:51.2124179+09:00,0.0
2026-09-19T14:18:51.4756995+09:00,0.0
2026-09-19T14:18:51.7410332+09:00,0.0
2026-09-19T14:18:52.0376039+09:00,0.0
2026-09-19T14:18:52.3184737+09:00,0.0
2026-09-19T14:18:52.5845086+09:00,0.0
2026-09-19T14:18:52.8588081+09:00,0.0
2026-09-19T14:18:53.1449809+09:00,0.0
2026-09-19T14:18:53.4405399+09:00,0.0
2026-09-19T14:18:53.6916155+09:00,0.0
2026-09-19T14:18:53.9675631+09:00,0.0
2026-09-19T14:18:54.2478876+09:00,0.0
2026-09-19T14:18:54.5274116+09:00,0.0
2026-09-19T14:18:54.8049280+09:00,0.0
2026-09-19T14:18:55.0720784+09:00,0.0
2026-09-19T14:18:55.3518968+09:00,0.0
2026-09-19T14:18:55.6185359+09:00,0.0
2026-09-19T14:18:55.9107773+09:00,0.0
2026-09-19T14:18:56.1921796+09:00,0.0
2026-09-19T14:18:56.4737008+09:00,0.0
2026-09-19T14:18:56.7736007+09:00,0.0
2026-09-19T14:18:57.0398784+09:00,0.0
2026-09-19T14:18:57.3222801+09:00,0.0
2026-09-19T14:18:57.5775822+09:00,0.0
2026-09-19T14:18:57.8453695+09:00,0.0
2026-09-19T14:18:58.1238649+09:00,0.0
2026-09-19T14:18:58.4375085+09:00,0.0
2026-09-19T14:18:58.6998231+09:00,0.0
2026-09-19T14:18:58.9955639+09:00,0.0
2026-09-19T14:18:59.2448116+09:00,0.0
2026-09-19T14:18:59.5168042+09:00,0.0
2026-09-19T14:18:59.7967761+09:00,0.0
2026-09-19T14:19:00.0783471+09:00,0.0
2026-09-19T14:19:00.3418784+09:00,0.0
2026-09-19T14:19:00.5925548+09:00,0.0
2026-09-19T14:19:00.8396947+09:00,0.0
2026-09-19T14:19:01.1205174+09:00,0.0
2026-09-19T14:19:01.3989744+09:00,0.0
2026-09-19T14:19:01.6587217+09:00,0.0
2026-09-19T14:19:01.9410498+09:00,0.0
2026-09-19T14:19:02.2372791+09:00,0.0
2026-09-19T14:19:02.5188388+09:00,0.0
2026-09-19T14:19:02.7991052+09:00,0.0
2026-09-19T14:19:03.0828604+09:00,0.0
2026-09-19T14:19:03.3537030+09:00,0.0
2026-09-19T14:19:03.6341083+09:00,0.0
2026-09-19T14:19:03.9128024+09:00,0.0
2026-09-19T14:19:04.1940882+09:00,0.0
2026-09-19T14:19:04.4768124+09:00,0.0
2026-09-19T14:19:04.7433731+09:00,0.0
2026-09-19T14:19:05.0214559+09:00,0.0
2026-09-19T14:19:05.3007473+09:00,0.0
2026-09-19T14:19:05.5653565+09:00,0.0
2026-09-19T14:19:05.8617263+09:00,0.0
2026-09-19T14:19:06.1219036+09:00,0.0
2026-09-19T14:19:06.3732374+09:00,0.0
2026-09-19T14:19:06.6550663+09:00,0.0
2026-09-19T14:19:06.9358985+09:00,0.0
2026-09-19T14:19:07.2151936+09:00,0.0
2026-09-19T14:19:07.4805617+09:00,0.0
2026-09-19T14:19:07.7636314+09:00,0.0
2026-09-19T14:19:08.0455785+09:00,0.0
2026-09-19T14:19:08.3099786+09:00,0.0
2026-09-19T14:19:08.5773527+09:00,0.0
2026-09-19T14:19:08.8505893+09:00,0.0
2026-09-19T14:19:09.1316704+09:00,0.0
2026-09-19T14:19:09.3987300+09:00,0.0
2026-09-19T14:19:09.6768105+09:00,0.0
2026-09-19T14:19:09.9717063+09:00,0.0
2026-09-19T14:19:10.2540595+09:00,0.0
2026-09-19T14:19:10.5352385+09:00,0.0
2026-09-19T14:19:10.8024072+09:00,0.0
2026-09-19T14:19:11.0957851+09:00,0.0
2026-09-19T14:19:11.3697769+09:00,0.0
2026-09-19T14:19:11.6296470+09:00,0.0
2026-09-19T14:19:11.9109651+09:00,0.0
2026-09-19T14:19:12.1922595+09:00,0.0
2026-09-19T14:19:12.4882240+09:00,0.0
2026-09-19T14:19:12.7856999+09:00,0.0
2026-09-19T14:19:13.0504208+09:00,0.0
2026-09-19T14:19:13.3184020+09:00,0.0
2026-09-19T14:19:13.5981594+09:00,0.0
2026-09-19T14:19:13.8788928+09:00,0.0
2026-09-19T14:19:14.1579638+09:00,0.0
2026-09-19T14:19:14.4235552+09:00,0.0
2026-09-19T14:19:14.7076842+09:00,0.0
2026-09-19T14:19:14.9884771+09:00,0.0
2026-09-19T14:19:15.2506601+09:00,0.0
2026-09-19T14:19:15.5174779+09:00,0.0
2026-09-19T14:19:15.7821052+09:00,0.0
2026-09-19T14:19:16.0624314+09:00,0.0
2026-09-19T14:19:16.3434123+09:00,0.0
2026-09-19T14:19:16.6261400+09:00,0.0
2026-09-19T14:19:16.9080786+09:00,0.0
2026-09-19T14:19:17.1872412+09:00,0.0
2026-09-19T14:19:17.4668193+09:00,0.0
2026-09-19T14:19:17.7451713+09:00,0.0
2026-09-19T14:19:18.0294055+09:00,0.0
2026-09-19T14:19:18.2938043+09:00,0.0
2026-09-19T14:19:18.5731847+09:00,0.0
2026-09-19T14:19:18.8409271+09:00,0.0
2026-09-19T14:19:19.1043008+09:00,0.0
2026-09-19T14:19:19.3853141+09:00,0.0
2026-09-19T14:19:19.6609291+09:00,0.0
2026-09-19T14:19:19.9568589+09:00,0.0
2026-09-19T14:19:20.2369263+09:00,0.0
2026-09-19T14:19:20.5491167+09:00,0.0
2026-09-19T14:19:20.8612804+09:00,0.0
2026-09-19T14:19:21.1583804+09:00,0.0
2026-09-19T14:19:21.4362712+09:00,0.0
2026-09-19T14:19:21.7035337+09:00,0.0
2026-09-19T14:19:21.9777191+09:00,0.0
2026-09-19T14:19:22.2439988+09:00,0.0
2026-09-19T14:19:22.4943039+09:00,0.0
2026-09-19T14:19:22.7632322+09:00,0.0
2026-09-19T14:19:23.0425982+09:00,0.0
2026-09-19T14:19:23.3069934+09:00,0.0
2026-09-19T14:19:23.5858037+09:00,0.0
2026-09-19T14:19:23.8513619+09:00,0.0
2026-09-19T14:19:24.1305472+09:00,0.0
2026-09-19T14:19:24.4111737+09:00,0.0
2026-09-19T14:19:24.6902177+09:00,0.0
2026-09-19T14:19:24.9566313+09:00,0.0
2026-09-19T14:19:25.2353573+09:00,0.0
2026-09-19T14:19:25.5181473+09:00,0.0
2026-09-19T14:19:25.8011358+09:00,0.0
2026-09-19T14:19:26.0964830+09:00,0.0
2026-09-19T14:19:26.3770508+09:00,0.0
2026-09-19T14:19:26.6550360+09:00,0.0
2026-09-19T14:19:26.9373895+09:00,0.0
2026-09-19T14:19:27.2140588+09:00,0.0
2026-09-19T14:19:27.5093576+09:00,0.0
2026-09-19T14:19:27.8063140+09:00,0.0
2026-09-19T14:19:28.0841572+09:00,0.0
2026-09-19T14:19:28.3630447+09:00,0.0
2026-09-19T14:19:28.6433113+09:00,0.0
2026-09-19T14:19:28.9213044+09:00,0.0
2026-09-19T14:19:29.1708592+09:00,0.0
2026-09-19T14:19:29.4528868+09:00,0.0
2026-09-19T14:19:29.7233638+09:00,0.0
2026-09-19T14:19:29.9906833+09:00,0.0
2026-09-19T14:19:30.2681631+09:00,0.0
2026-09-19T14:19:30.5650856+09:00,0.0
2026-09-19T14:19:30.8437112+09:00,0.0
2026-09-19T14:19:31.1251193+09:00,0.0
2026-09-19T14:19:31.4059595+09:00,0.0
2026-09-19T14:19:31.6875335+09:00,0.0
2026-09-19T14:19:31.9955759+09:00,0.0
2026-09-19T14:19:32.2632215+09:00,0.0
2026-09-19T14:19:32.5288071+09:00,0.0
2026-09-19T14:19:32.8120133+09:00,0.0
2026-09-19T14:19:33.1019632+09:00,0.0
2026-09-19T14:19:33.3770761+09:00,0.0
2026-09-19T14:19:33.6411892+09:00,0.0
2026-09-19T14:19:33.9057524+09:00,0.0
2026-09-19T14:19:34.2021380+09:00,0.0
2026-09-19T14:19:34.4832828+09:00,0.0
2026-09-19T14:19:34.7646654+09:00,0.0
2026-09-19T14:19:35.0454609+09:00,0.0
2026-09-19T14:19:35.3234923+09:00,0.0
2026-09-19T14:19:35.6050657+09:00,0.0
2026-09-19T14:19:35.9006319+09:00,0.0
2026-09-19T14:19:36.1717710+09:00,0.0
2026-09-19T14:19:36.4559028+09:00,0.0
2026-09-19T14:19:36.7213749+09:00,0.0
2026-09-19T14:19:36.9925689+09:00,0.0
2026-09-19T14:19:37.2755405+09:00,0.0
2026-09-19T14:19:37.5570485+09:00,0.0
2026-09-19T14:19:37.8051410+09:00,0.0
2026-09-19T14:19:38.0838007+09:00,0.0
2026-09-19T14:19:38.3645975+09:00,0.0
2026-09-19T14:19:38.6454693+09:00,0.0
2026-09-19T14:19:38.9405830+09:00,0.0
2026-09-19T14:19:39.2127561+09:00,0.0
2026-09-19T14:19:39.5041615+09:00,0.0
2026-09-19T14:19:39.7850769+09:00,0.0
2026-09-19T14:19:40.0513568+09:00,0.0
2026-09-19T14:19:40.3251417+09:00,0.0
2026-09-19T14:19:40.6192905+09:00,0.0
2026-09-19T14:19:40.8554465+09:00,0.0
2026-09-19T14:19:41.1366740+09:00,0.0
2026-09-19T14:19:41.4041891+09:00,0.0
2026-09-19T14:19:41.6824462+09:00,0.0
2026-09-19T14:19:41.9651948+09:00,0.0
2026-09-19T14:19:42.2696927+09:00,0.0
2026-09-19T14:19:42.5356548+09:00,0.0
2026-09-19T14:19:42.8156283+09:00,0.0
2026-09-19T14:19:43.0958316+09:00,0.0
2026-09-19T14:19:43.3739923+09:00,0.0
2026-09-19T14:19:43.6415323+09:00,0.0
2026-09-19T14:19:43.9199458+09:00,0.0
2026-09-19T14:19:44.1959384+09:00,0.0
2026-09-19T14:19:44.4755770+09:00,0.0
2026-09-19T14:19:44.7481057+09:00,0.0
2026-09-19T14:19:45.0283078+09:00,0.0
2026-09-19T14:19:45.3061044+09:00,0.0
2026-09-19T14:19:45.5744975+09:00,0.0
2026-09-19T14:19:45.8566251+09:00,0.0
2026-09-19T14:19:46.1455570+09:00,0.0
2026-09-19T14:19:46.4274919+09:00,0.0
2026-09-19T14:19:46.7112081+09:00,0.0
2026-09-19T14:19:46.9969261+09:00,0.0
2026-09-19T14:19:47.2783719+09:00,0.0
2026-09-19T14:19:47.5638113+09:00,0.0
2026-09-19T14:19:47.8118234+09:00,0.0
2026-09-19T14:19:48.1068366+09:00,0.0
2026-09-19T14:19:48.3877820+09:00,0.0
2026-09-19T14:19:48.6539898+09:00,0.0
2026-09-19T14:19:48.9390013+09:00,0.0
2026-09-19T14:19:49.2118199+09:00,0.0
2026-09-19T14:19:49.5059597+09:00,0.0
2026-09-19T14:19:49.7763940+09:00,0.0
2026-09-19T14:19:50.0574704+09:00,0.0
2026-09-19T14:19:50.3188099+09:00,0.0
2026-09-19T14:19:50.6105899+09:00,0.0
2026-09-19T14:19:50.9071176+09:00,0.0
2026-09-19T14:19:51.1964933+09:00,0.0
2026-09-19T14:19:51.4917807+09:00,0.0
2026-09-19T14:19:51.7724958+09:00,0.0
2026-09-19T14:19:52.0541862+09:00,0.0
2026-09-19T14:19:52.3415119+09:00,0.0
2026-09-19T14:19:52.6224565+09:00,0.0
2026-09-19T14:19:52.9039578+09:00,0.0
2026-09-19T14:19:53.1855666+09:00,0.0
2026-09-19T14:19:53.4671818+09:00,0.0
2026-09-19T14:19:53.7434078+09:00,0.0
2026-09-19T14:19:54.0128174+09:00,0.0
2026-09-19T14:19:54.2946898+09:00,0.0
2026-09-19T14:19:54.5762906+09:00,0.0
2026-09-19T14:19:54.8253458+09:00,0.0
2026-09-19T14:19:55.0892258+09:00,0.0
2026-09-19T14:19:55.3710739+09:00,0.0
2026-09-19T14:19:55.6605417+09:00,0.0
2026-09-19T14:19:55.9584135+09:00,0.0
2026-09-19T14:19:56.2224745+09:00,0.0
2026-09-19T14:19:56.4742945+09:00,0.0
2026-09-19T14:19:56.7257014+09:00,0.0
2026-09-19T14:19:57.0217638+09:00,0.0
2026-09-19T14:19:57.2724961+09:00,0.0
2026-09-19T14:19:57.5372200+09:00,0.0
2026-09-19T14:19:57.8026005+09:00,0.0
2026-09-19T14:19:58.0869181+09:00,0.0
2026-09-19T14:19:58.3605529+09:00,0.0
2026-09-19T14:19:58.6361609+09:00,0.0
2026-09-19T14:19:58.9023550+09:00,0.0
2026-09-19T14:19:59.1845936+09:00,0.0
2026-09-19T14:19:59.4613758+09:00,0.0
2026-09-19T14:19:59.7442185+09:00,0.0
2026-09-19T14:20:00.0201363+09:00,0.0
2026-09-19T14:20:00.2974291+09:00,0.0
2026-09-19T14:20:00.5698778+09:00,0.0
2026-09-19T14:20:00.8525948+09:00,0.0
2026-09-19T14:20:01.1328635+09:00,0.0
2026-09-19T14:20:01.4147590+09:00,0.0
2026-09-19T14:20:01.6841817+09:00,0.0
2026-09-19T14:20:01.9819435+09:00,0.0
2026-09-19T14:20:02.2953067+09:00,0.0
2026-09-19T14:20:02.5733068+09:00,0.0
2026-09-19T14:20:02.8553464+09:00,0.0
2026-09-19T14:20:03.1395143+09:00,0.0
2026-09-19T14:20:03.4369576+09:00,0.0
2026-09-19T14:20:03.6993855+09:00,0.0
2026-09-19T14:20:03.9937403+09:00,0.0
2026-09-19T14:20:04.2731490+09:00,0.0
2026-09-19T14:20:04.5222165+09:00,0.0
2026-09-19T14:20:04.7848639+09:00,0.0
2026-09-19T14:20:05.0575293+09:00,0.0
2026-09-19T14:20:05.3377904+09:00,0.0
2026-09-19T14:20:05.6205977+09:00,0.0
2026-09-19T14:20:05.9166154+09:00,0.0
2026-09-19T14:20:06.1980213+09:00,0.0
2026-09-19T14:20:06.4771486+09:00,0.0
2026-09-19T14:20:06.7447292+09:00,0.0
2026-09-19T14:20:07.0127081+09:00,0.0
2026-09-19T14:20:07.2472619+09:00,0.0
2026-09-19T14:20:07.5268848+09:00,0.0
2026-09-19T14:20:07.8086227+09:00,0.0
2026-09-19T14:20:08.0890549+09:00,0.0
2026-09-19T14:20:08.3606001+09:00,0.0
2026-09-19T14:20:08.6304052+09:00,0.0
2026-09-19T14:20:08.9090024+09:00,0.0
2026-09-19T14:20:09.1791501+09:00,0.0
2026-09-19T14:20:09.4597480+09:00,0.0
2026-09-19T14:20:09.7403139+09:00,0.0
2026-09-19T14:20:10.0206739+09:00,0.0
2026-09-19T14:20:10.3017705+09:00,0.0
2026-09-19T14:20:10.5517978+09:00,0.0
2026-09-19T14:20:10.8320197+09:00,0.0
2026-09-19T14:20:11.1158168+09:00,0.0
2026-09-19T14:20:11.3808472+09:00,0.0
2026-09-19T14:20:11.6507511+09:00,0.0
2026-09-19T14:20:11.9151016+09:00,0.0
2026-09-19T14:20:12.1962717+09:00,0.0
2026-09-19T14:20:12.4744209+09:00,0.0
2026-09-19T14:20:12.7582282+09:00,0.0
2026-09-19T14:20:13.0419056+09:00,0.0
2026-09-19T14:20:13.3201333+09:00,0.0
2026-09-19T14:20:13.6008367+09:00,0.0
2026-09-19T14:20:13.8973507+09:00,0.0
2026-09-19T14:20:14.1772044+09:00,0.0
2026-09-19T14:20:14.4562186+09:00,0.0
2026-09-19T14:20:14.7363850+09:00,0.0
2026-09-19T14:20:14.9849046+09:00,0.0
2026-09-19T14:20:15.2336215+09:00,0.0
2026-09-19T14:20:15.4990749+09:00,0.0
2026-09-19T14:20:15.7775948+09:00,0.0
2026-09-19T14:20:16.0576582+09:00,0.0
2026-09-19T14:20:16.3321648+09:00,0.0
2026-09-19T14:20:16.6027144+09:00,0.0
2026-09-19T14:20:16.8946613+09:00,0.0
2026-09-19T14:20:17.1756187+09:00,0.0
2026-09-19T14:20:17.4510557+09:00,0.0
2026-09-19T14:20:17.7162160+09:00,0.0
2026-09-19T14:20:18.0123127+09:00,0.0
2026-09-19T14:20:18.2768517+09:00,0.0
2026-09-19T14:20:18.5751958+09:00,0.0
2026-09-19T14:20:18.8706035+09:00,0.0
2026-09-19T14:20:19.1326390+09:00,0.0
2026-09-19T14:20:19.3806342+09:00,0.0
2026-09-19T14:20:19.6573361+09:00,0.0
2026-09-19T14:20:19.9421894+09:00,0.0
2026-09-19T14:20:20.2242413+09:00,0.0
2026-09-19T14:20:20.5204376+09:00,0.0
2026-09-19T14:20:20.8009531+09:00,0.0
2026-09-19T14:20:21.0514517+09:00,0.0
2026-09-19T14:20:21.3478049+09:00,0.0
2026-09-19T14:20:21.6279416+09:00,0.0
2026-09-19T14:20:21.8802452+09:00,0.0
2026-09-19T14:20:22.1679194+09:00,0.0
2026-09-19T14:20:22.4351391+09:00,0.0
2026-09-19T14:20:22.7119105+09:00,0.0
2026-09-19T14:20:22.9963640+09:00,0.0
2026-09-19T14:20:23.3243358+09:00,0.0
2026-09-19T14:20:23.6198431+09:00,0.0
2026-09-19T14:20:23.8941234+09:00,0.0
2026-09-19T14:20:24.1745703+09:00,0.0
2026-09-19T14:20:24.4545481+09:00,0.0
2026-09-19T14:20:24.7355293+09:00,0.0
2026-09-19T14:20:25.0318998+09:00,0.0
2026-09-19T14:20:25.3098104+09:00,0.0
2026-09-19T14:20:25.5866027+09:00,0.0
2026-09-19T14:20:25.8787765+09:00,0.0
2026-09-19T14:20:26.1733691+09:00,0.0
2026-09-19T14:20:26.4498249+09:00,0.0
2026-09-19T14:20:26.7274600+09:00,0.0
2026-09-19T14:20:27.0059290+09:00,0.0
2026-09-19T14:20:27.2566409+09:00,0.0
2026-09-19T14:20:27.5219574+09:00,0.0
2026-09-19T14:20:27.7690321+09:00,0.0
2026-09-19T14:20:28.0338279+09:00,0.0
2026-09-19T14:20:28.2987066+09:00,0.0
2026-09-19T14:20:28.5803818+09:00,0.0
2026-09-19T14:20:28.8751220+09:00,0.0
2026-09-19T14:20:29.1604835+09:00,0.0
2026-09-19T14:20:29.4398110+09:00,0.0
2026-09-19T14:20:29.7226117+09:00,0.0
2026-09-19T14:20:30.0055911+09:00,0.0
2026-09-19T14:20:30.2712378+09:00,0.0
2026-09-19T14:20:30.5380034+09:00,0.0
2026-09-19T14:20:30.8175592+09:00,0.0
2026-09-19T14:20:31.1226104+09:00,0.0
2026-09-19T14:20:31.4048208+09:00,0.0
2026-09-19T14:20:31.6687246+09:00,0.0
2026-09-19T14:20:31.9476073+09:00,0.0
2026-09-19T14:20:32.2154717+09:00,0.0
2026-09-19T14:20:32.4961417+09:00,0.0
2026-09-19T14:20:32.7773052+09:00,0.0
2026-09-19T14:20:33.0603061+09:00,0.0
2026-09-19T14:20:33.3416189+09:00,0.0
2026-09-19T14:20:33.6194597+09:00,0.0
2026-09-19T14:20:33.9164624+09:00,0.0
2026-09-19T14:20:34.1921148+09:00,0.0
2026-09-19T14:20:34.4734073+09:00,0.0
2026-09-19T14:20:34.7553733+09:00,0.0
2026-09-19T14:20:35.0429737+09:00,0.0
2026-09-19T14:20:35.3073608+09:00,0.0
2026-09-19T14:20:35.5720177+09:00,0.0
2026-09-19T14:20:35.8511128+09:00,0.0
2026-09-19T14:20:36.1259060+09:00,0.0
2026-09-19T14:20:36.3763155+09:00,0.0
2026-09-19T14:20:36.6406614+09:00,0.0
2026-09-19T14:20:36.9348856+09:00,0.0
2026-09-19T14:20:37.1998843+09:00,0.0
2026-09-19T14:20:37.4679508+09:00,0.0
2026-09-19T14:20:37.7503945+09:00,0.0
2026-09-19T14:20:38.0456759+09:00,0.0
2026-09-19T14:20:38.3255590+09:00,0.0
2026-09-19T14:20:38.6063728+09:00,0.0
2026-09-19T14:20:38.8853507+09:00,0.0
2026-09-19T14:20:39.1488220+09:00,0.0
2026-09-19T14:20:39.4250724+09:00,0.0
2026-09-19T14:20:39.6752486+09:00,0.0
2026-09-19T14:20:39.9709332+09:00,0.0
2026-09-19T14:20:40.2660308+09:00,0.0
2026-09-19T14:20:40.5431943+09:00,0.0
2026-09-19T14:20:40.8080512+09:00,0.0
2026-09-19T14:20:41.0726642+09:00,0.0
2026-09-19T14:20:41.3531476+09:00,0.0
2026-09-19T14:20:41.6306075+09:00,0.0
2026-09-19T14:20:41.9269905+09:00,0.0
2026-09-19T14:20:42.1791361+09:00,0.0
2026-09-19T14:20:42.4576061+09:00,0.0
2026-09-19T14:20:42.7395288+09:00,0.0
2026-09-19T14:20:43.0190379+09:00,0.0
2026-09-19T14:20:43.2865148+09:00,0.0
2026-09-19T14:20:43.5805370+09:00,0.0
2026-09-19T14:20:43.8457205+09:00,0.0
2026-09-19T14:20:44.1368596+09:00,0.0
2026-09-19T14:20:44.3795695+09:00,0.0
2026-09-19T14:20:44.6489132+09:00,0.0
2026-09-19T14:20:44.9298869+09:00,0.0
2026-09-19T14:20:45.2109223+09:00,0.0
2026-09-19T14:20:45.4908639+09:00,0.0
2026-09-19T14:20:45.7837814+09:00,0.0
2026-09-19T14:20:46.0500518+09:00,0.0
2026-09-19T14:20:46.3273370+09:00,0.0
2026-09-19T14:20:46.5935598+09:00,0.0
2026-09-19T14:20:46.8555522+09:00,0.0
2026-09-19T14:20:47.1363377+09:00,0.0
2026-09-19T14:20:47.4183079+09:00,0.0
2026-09-19T14:20:47.6835965+09:00,0.0
2026-09-19T14:20:47.9939627+09:00,0.0
2026-09-19T14:20:48.2589289+09:00,0.0
2026-09-19T14:20:48.5111792+09:00,0.0
2026-09-19T14:20:48.7914708+09:00,0.0
2026-09-19T14:20:49.0752016+09:00,0.0
2026-09-19T14:20:49.3411586+09:00,0.0
2026-09-19T14:20:49.6227227+09:00,0.0
2026-09-19T14:20:49.8886598+09:00,0.0
2026-09-19T14:20:50.1535867+09:00,0.0
2026-09-19T14:20:50.4184302+09:00,0.0
2026-09-19T14:20:50.6975992+09:00,0.0
2026-09-19T14:20:50.9827583+09:00,0.0
2026-09-19T14:20:51.2462920+09:00,0.0
2026-09-19T14:20:51.5141361+09:00,0.0
2026-09-19T14:20:51.7928361+09:00,0.0
2026-09-19T14:20:52.0705925+09:00,0.0
2026-09-19T14:20:52.3425320+09:00,0.0
2026-09-19T14:20:52.6325048+09:00,0.0
2026-09-19T14:20:52.9280172+09:00,0.0
2026-09-19T14:20:53.2105936+09:00,0.0
2026-09-19T14:20:53.4918568+09:00,0.0
2026-09-19T14:20:53.7695055+09:00,0.0
2026-09-19T14:20:54.0331967+09:00,0.0
2026-09-19T14:20:54.3160794+09:00,0.0
2026-09-19T14:20:54.5962986+09:00,0.0
2026-09-19T14:20:54.8781192+09:00,0.0
2026-09-19T14:20:55.1473905+09:00,0.0
2026-09-19T14:20:55.4250211+09:00,0.0
2026-09-19T14:20:55.7051776+09:00,0.0
2026-09-19T14:20:56.0010975+09:00,0.0
2026-09-19T14:20:56.2829737+09:00,0.0
2026-09-19T14:20:56.5603476+09:00,0.0
2026-09-19T14:20:56.8262509+09:00,0.0
2026-09-19T14:20:57.0992915+09:00,0.0
2026-09-19T14:20:57.3623909+09:00,0.0
2026-09-19T14:20:57.6097163+09:00,0.0
2026-09-19T14:20:57.8913171+09:00,0.0
2026-09-19T14:20:58.1722630+09:00,0.0
2026-09-19T14:20:58.4453741+09:00,0.0
2026-09-19T14:20:58.7265506+09:00,0.0
2026-09-19T14:20:58.9732455+09:00,0.0
2026-09-19T14:20:59.2569611+09:00,0.0
2026-09-19T14:20:59.5221609+09:00,0.0
2026-09-19T14:20:59.7937791+09:00,0.0
2026-09-19T14:21:00.0764242+09:00,0.0
2026-09-19T14:21:00.3543263+09:00,0.0
2026-09-19T14:21:00.6222322+09:00,0.0
2026-09-19T14:21:00.9033212+09:00,0.0
2026-09-19T14:21:01.1919333+09:00,0.0
2026-09-19T14:21:01.4592249+09:00,0.0
2026-09-19T14:21:01.7385410+09:00,0.0
2026-09-19T14:21:02.0182011+09:00,0.0
2026-09-19T14:21:02.2920751+09:00,0.0
2026-09-19T14:21:02.5651947+09:00,0.0
2026-09-19T14:21:02.8337848+09:00,0.0
2026-09-19T14:21:03.0975767+09:00,0.0
2026-09-19T14:21:03.3454215+09:00,0.0
2026-09-19T14:21:03.6262436+09:00,0.0
2026-09-19T14:21:03.9016760+09:00,0.0
2026-09-19T14:21:04.1512166+09:00,0.0
2026-09-19T14:21:04.4462514+09:00,0.0
2026-09-19T14:21:04.7112120+09:00,0.0
2026-09-19T14:21:04.9922252+09:00,0.0
2026-09-19T14:21:05.2578100+09:00,0.0
2026-09-19T14:21:05.5094070+09:00,0.0
2026-09-19T14:21:05.8009323+09:00,0.0
2026-09-19T14:21:06.0792718+09:00,0.0
2026-09-19T14:21:06.3608116+09:00,0.0
2026-09-19T14:21:06.6416366+09:00,0.0
2026-09-19T14:21:06.9095230+09:00,0.0
2026-09-19T14:21:07.1886826+09:00,0.0
2026-09-19T14:21:07.4693547+09:00,0.0
2026-09-19T14:21:07.7471607+09:00,0.0
2026-09-19T14:21:08.0382415+09:00,0.0
2026-09-19T14:21:08.2884296+09:00,0.0
2026-09-19T14:21:08.5692858+09:00,0.0
2026-09-19T14:21:08.8488402+09:00,0.0
2026-09-19T14:21:09.1204861+09:00,0.0
2026-09-19T14:21:09.3854587+09:00,0.0
2026-09-19T14:21:09.6656902+09:00,0.0
2026-09-19T14:21:09.9294877+09:00,0.0
2026-09-19T14:21:10.1953399+09:00,0.0
2026-09-19T14:21:10.4606331+09:00,0.0
2026-09-19T14:21:10.7420532+09:00,0.0
2026-09-19T14:21:11.0083331+09:00,0.0
2026-09-19T14:21:11.2561563+09:00,0.0
2026-09-19T14:21:11.5214435+09:00,0.0
2026-09-19T14:21:11.8173137+09:00,0.0
2026-09-19T14:21:12.0976985+09:00,0.0
2026-09-19T14:21:12.3640997+09:00,0.0
2026-09-19T14:21:12.6148217+09:00,0.0
2026-09-19T14:21:12.8925408+09:00,0.0
2026-09-19T14:21:13.1728585+09:00,0.0
2026-09-19T14:21:13.4351118+09:00,0.0
2026-09-19T14:21:13.7121685+09:00,0.0
2026-09-19T14:21:13.9919900+09:00,0.0
2026-09-19T14:21:14.2719219+09:00,0.0
2026-09-19T14:21:14.5380001+09:00,0.0
2026-09-19T14:21:14.8181520+09:00,0.0
2026-09-19T14:21:15.0915100+09:00,0.0
2026-09-19T14:21:15.3703279+09:00,0.0
2026-09-19T14:21:15.6650176+09:00,0.0
2026-09-19T14:21:15.9623535+09:00,0.0
2026-09-19T14:21:16.2411843+09:00,0.0
2026-09-19T14:21:16.5088212+09:00,0.0
2026-09-19T14:21:16.7990775+09:00,0.0
2026-09-19T14:21:17.0806785+09:00,0.0
2026-09-19T14:21:17.3619885+09:00,0.0
2026-09-19T14:21:17.6107376+09:00,0.0
2026-09-19T14:21:17.8925665+09:00,0.0
2026-09-19T14:21:18.1720341+09:00,0.0
2026-09-19T14:21:18.4492641+09:00,0.0
2026-09-19T14:21:18.7296569+09:00,0.0
2026-09-19T14:21:18.9796907+09:00,0.0
2026-09-19T14:21:19.2610981+09:00,0.0
2026-09-19T14:21:19.5379354+09:00,0.0
2026-09-19T14:21:19.8205642+09:00,0.0
2026-09-19T14:21:20.1174504+09:00,0.0
2026-09-19T14:21:20.3834707+09:00,0.0
2026-09-19T14:21:20.6657807+09:00,0.0
2026-09-19T14:21:20.9321199+09:00,0.0
2026-09-19T14:21:21.2133124+09:00,0.0
2026-09-19T14:21:21.4926810+09:00,0.0
2026-09-19T14:21:21.7733819+09:00,0.0
2026-09-19T14:21:22.0544210+09:00,0.0
2026-09-19T14:21:22.3354896+09:00,0.0
2026-09-19T14:21:22.6118435+09:00,0.0
2026-09-19T14:21:22.9192332+09:00,0.0
2026-09-19T14:21:23.1987555+09:00,0.0
2026-09-19T14:21:23.4667880+09:00,0.0
2026-09-19T14:21:23.7411213+09:00,0.0
2026-09-19T14:21:24.0102527+09:00,0.0
2026-09-19T14:21:24.2912000+09:00,0.0
2026-09-19T14:21:24.5703287+09:00,0.0
2026-09-19T14:21:24.8497217+09:00,0.0
2026-09-19T14:21:25.1296556+09:00,0.0
2026-09-19T14:21:25.4049841+09:00,0.0
2026-09-19T14:21:25.6823274+09:00,0.0
2026-09-19T14:21:25.9784778+09:00,0.0
2026-09-19T14:21:26.2619562+09:00,0.0
2026-09-19T14:21:26.5302433+09:00,0.0
2026-09-19T14:21:26.8132519+09:00,0.0
2026-09-19T14:21:27.0764780+09:00,0.0
2026-09-19T14:21:27.3126862+09:00,0.0
2026-09-19T14:21:27.5941325+09:00,0.0
2026-09-19T14:21:27.8709212+09:00,0.0
2026-09-19T14:21:28.1541304+09:00,0.0
2026-09-19T14:21:28.4441909+09:00,0.0
2026-09-19T14:21:28.7223541+09:00,0.0
2026-09-19T14:21:28.9717531+09:00,0.0
2026-09-19T14:21:29.2463758+09:00,0.0
2026-09-19T14:21:29.5246892+09:00,0.0
2026-09-19T14:21:29.8124108+09:00,0.0
2026-09-19T14:21:30.1000961+09:00,0.0
2026-09-19T14:21:30.3789519+09:00,0.0
2026-09-19T14:21:30.6575157+09:00,0.0
2026-09-19T14:21:30.9380704+09:00,0.0
2026-09-19T14:21:31.2044692+09:00,0.0
2026-09-19T14:21:31.4847034+09:00,0.0
2026-09-19T14:21:31.7478846+09:00,0.0
2026-09-19T14:21:32.0274974+09:00,0.0
2026-09-19T14:21:32.3062591+09:00,0.0
2026-09-19T14:21:32.5551909+09:00,0.0
2026-09-19T14:21:32.8219845+09:00,0.0
2026-09-19T14:21:33.1005083+09:00,0.0
2026-09-19T14:21:33.3818943+09:00,0.0
2026-09-19T14:21:33.6727008+09:00,0.0
2026-09-19T14:21:33.9495531+09:00,0.0
2026-09-19T14:21:34.2309809+09:00,0.0
2026-09-19T14:21:34.5109703+09:00,0.0
2026-09-19T14:21:34.7995831+09:00,0.0
2026-09-19T14:21:35.0632999+09:00,0.0
2026-09-19T14:21:35.3461346+09:00,0.0
2026-09-19T14:21:35.6250161+09:00,0.0
2026-09-19T14:21:35.9025481+09:00,0.0
2026-09-19T14:21:36.1806993+09:00,0.0
2026-09-19T14:21:36.4466953+09:00,0.0
2026-09-19T14:21:36.7109477+09:00,0.0
2026-09-19T14:21:36.9895971+09:00,0.0
2026-09-19T14:21:37.2534384+09:00,0.0
2026-09-19T14:21:37.5149419+09:00,0.0
2026-09-19T14:21:37.7936526+09:00,0.0
2026-09-19T14:21:38.0754126+09:00,0.0
2026-09-19T14:21:38.3465477+09:00,0.0
2026-09-19T14:21:38.6279117+09:00,0.0
2026-09-19T14:21:38.9130125+09:00,0.0
2026-09-19T14:21:39.1773653+09:00,0.0
2026-09-19T14:21:39.4748506+09:00,0.0
2026-09-19T14:21:39.7401560+09:00,0.0
2026-09-19T14:21:40.0049539+09:00,0.0
2026-09-19T14:21:40.2860675+09:00,0.0
2026-09-19T14:21:40.5600355+09:00,0.0
2026-09-19T14:21:40.8206276+09:00,0.0
2026-09-19T14:21:41.0589653+09:00,0.0
2026-09-19T14:21:41.3412831+09:00,0.0
2026-09-19T14:21:41.6201859+09:00,0.0
2026-09-19T14:21:41.9032364+09:00,0.0
2026-09-19T14:21:42.1710067+09:00,0.0
2026-09-19T14:21:42.4488218+09:00,0.0
2026-09-19T14:21:42.7302208+09:00,0.0
2026-09-19T14:21:43.0101330+09:00,0.0
2026-09-19T14:21:43.2747474+09:00,0.0
2026-09-19T14:21:43.5544383+09:00,0.0
2026-09-19T14:21:43.8308604+09:00,0.0
2026-09-19T14:21:44.0943850+09:00,0.0
2026-09-19T14:21:44.3749939+09:00,0.0
2026-09-19T14:21:44.6547539+09:00,0.0
2026-09-19T14:21:44.9330703+09:00,0.0
2026-09-19T14:21:45.2010210+09:00,0.0
2026-09-19T14:21:45.4798333+09:00,0.0
2026-09-19T14:21:45.7278046+09:00,0.0
2026-09-19T14:21:46.0211784+09:00,0.0
2026-09-19T14:21:46.2995913+09:00,0.0
2026-09-19T14:21:46.5799380+09:00,0.0
2026-09-19T14:21:46.8613845+09:00,0.0
2026-09-19T14:21:47.1241455+09:00,0.0
2026-09-19T14:21:47.3730021+09:00,0.0
2026-09-19T14:21:47.6374156+09:00,0.0
2026-09-19T14:21:47.9044109+09:00,0.0
2026-09-19T14:21:48.1848205+09:00,0.0
2026-09-19T14:21:48.4640793+09:00,0.0
2026-09-19T14:21:48.7433269+09:00,0.0
2026-09-19T14:21:49.0246385+09:00,0.0
2026-09-19T14:21:49.3220968+09:00,0.0
2026-09-19T14:21:49.6082946+09:00,0.0
2026-09-19T14:21:49.8882558+09:00,0.0
2026-09-19T14:21:50.1541627+09:00,0.0
2026-09-19T14:21:50.4022770+09:00,0.0
2026-09-19T14:21:50.6718345+09:00,0.0
2026-09-19T14:21:50.9351713+09:00,0.0
2026-09-19T14:21:51.2043347+09:00,0.0
2026-09-19T14:21:51.4834562+09:00,0.0
2026-09-19T14:21:51.7616960+09:00,0.0
2026-09-19T14:21:52.0247964+09:00,0.0
2026-09-19T14:21:52.3064453+09:00,0.0
2026-09-19T14:21:52.5714215+09:00,0.0
2026-09-19T14:21:52.8465171+09:00,0.0
2026-09-19T14:21:53.1165012+09:00,0.0
2026-09-19T14:21:53.3801668+09:00,0.0
2026-09-19T14:21:53.6551046+09:00,0.0
2026-09-19T14:21:53.9371505+09:00,0.0
2026-09-19T14:21:54.2225674+09:00,0.0
2026-09-19T14:21:54.5111182+09:00,0.0
2026-09-19T14:21:54.7929185+09:00,0.0
2026-09-19T14:21:55.0577810+09:00,0.0
2026-09-19T14:21:55.3349589+09:00,0.0
2026-09-19T14:21:55.6138910+09:00,0.0
2026-09-19T14:21:55.8907492+09:00,0.0
2026-09-19T14:21:56.1591359+09:00,0.0
2026-09-19T14:21:56.4583561+09:00,0.0
2026-09-19T14:21:56.7333363+09:00,0.0
2026-09-19T14:21:57.0229840+09:00,0.0
2026-09-19T14:21:57.3061494+09:00,0.0
2026-09-19T14:21:57.5838129+09:00,0.0
2026-09-19T14:21:57.8535682+09:00,0.0
2026-09-19T14:21:58.1407803+09:00,0.0
2026-09-19T14:21:58.4121847+09:00,0.0
2026-09-19T14:21:58.7281031+09:00,0.0
2026-09-19T14:21:59.0214347+09:00,0.0
2026-09-19T14:21:59.2980235+09:00,0.0
2026-09-19T14:21:59.5792233+09:00,0.0
2026-09-19T14:21:59.8611709+09:00,0.0
2026-09-19T14:22:00.1605146+09:00,0.0
2026-09-19T14:22:00.4441947+09:00,0.0
2026-09-19T14:22:00.7561184+09:00,0.0
2026-09-19T14:22:01.0979754+09:00,0.0
2026-09-19T14:22:01.3887246+09:00,0.0
2026-09-19T14:22:01.6809300+09:00,0.0
2026-09-19T14:22:01.9835787+09:00,0.0
2026-09-19T14:22:02.2976633+09:00,0.0
2026-09-19T14:22:02.6203585+09:00,0.0
2026-09-19T14:22:02.9562727+09:00,0.0
2026-09-19T14:22:03.2745617+09:00,0.0
2026-09-19T14:22:03.5660968+09:00,0.0
2026-09-19T14:22:03.8495489+09:00,0.0
2026-09-19T14:22:04.1334279+09:00,0.0
2026-09-19T14:22:04.3978202+09:00,0.0
2026-09-19T14:22:04.6683804+09:00,0.0
2026-09-19T14:22:04.9457314+09:00,0.0
2026-09-19T14:22:05.2191696+09:00,0.0
2026-09-19T14:22:05.5170742+09:00,0.0
2026-09-19T14:22:05.8312950+09:00,0.0
2026-09-19T14:22:06.1082477+09:00,0.0
2026-09-19T14:22:06.3903448+09:00,0.0
2026-09-19T14:22:06.6691362+09:00,0.0
2026-09-19T14:22:06.9653074+09:00,0.0
2026-09-19T14:22:07.2443304+09:00,0.0
2026-09-19T14:22:07.5097970+09:00,0.0
2026-09-19T14:22:07.7910318+09:00,0.0
2026-09-19T14:22:08.1049345+09:00,0.0
2026-09-19T14:22:08.3874046+09:00,0.0
2026-09-19T14:22:08.6379518+09:00,0.0
2026-09-19T14:22:08.9330828+09:00,0.0
2026-09-19T14:22:09.2009239+09:00,0.0
2026-09-19T14:22:09.4790435+09:00,0.0
2026-09-19T14:22:09.7533399+09:00,0.0
2026-09-19T14:22:10.0348415+09:00,0.0
2026-09-19T14:22:10.3083745+09:00,0.0
2026-09-19T14:22:10.5925993+09:00,0.0
2026-09-19T14:22:10.8722023+09:00,0.0
2026-09-19T14:22:11.1452259+09:00,0.0
2026-09-19T14:22:11.4054761+09:00,0.0
2026-09-19T14:22:11.6850349+09:00,0.0
2026-09-19T14:22:11.9647642+09:00,0.0
2026-09-19T14:22:12.2207994+09:00,0.0
2026-09-19T14:22:12.4854103+09:00,0.0
2026-09-19T14:22:12.7606424+09:00,0.0
2026-09-19T14:22:13.0475750+09:00,0.0
2026-09-19T14:22:13.3199467+09:00,0.0
2026-09-19T14:22:13.6034602+09:00,0.0
2026-09-19T14:22:13.8906402+09:00,0.0
2026-09-19T14:22:14.1883325+09:00,0.0
2026-09-19T14:22:14.4836330+09:00,0.0
2026-09-19T14:22:14.7502654+09:00,0.0
2026-09-19T14:22:14.9984283+09:00,0.0
2026-09-19T14:22:15.2726732+09:00,0.0
2026-09-19T14:22:15.5493256+09:00,0.0
2026-09-19T14:22:15.8280584+09:00,0.0
2026-09-19T14:22:16.1141126+09:00,0.0
2026-09-19T14:22:16.3872390+09:00,0.0
2026-09-19T14:22:16.6551158+09:00,0.0
2026-09-19T14:22:16.9353898+09:00,0.0
2026-09-19T14:22:17.2197970+09:00,0.0
2026-09-19T14:22:17.5047401+09:00,0.0
2026-09-19T14:22:17.7812069+09:00,0.0
2026-09-19T14:22:18.0617881+09:00,0.0
2026-09-19T14:22:18.3319521+09:00,0.0
2026-09-19T14:22:18.6096649+09:00,0.0
2026-09-19T14:22:18.8907461+09:00,0.0
2026-09-19T14:22:19.1688094+09:00,0.0
2026-09-19T14:22:19.4483910+09:00,0.0
2026-09-19T14:22:19.7147113+09:00,0.0
2026-09-19T14:22:19.9882644+09:00,0.0
2026-09-19T14:22:20.2664796+09:00,0.0
2026-09-19T14:22:20.5337081+09:00,0.0
2026-09-19T14:22:20.8145481+09:00,0.0
2026-09-19T14:22:21.0638762+09:00,0.0
2026-09-19T14:22:21.3363881+09:00,0.0
2026-09-19T14:22:21.5850260+09:00,0.0
2026-09-19T14:22:21.8581624+09:00,0.0
2026-09-19T14:22:22.1159772+09:00,0.0
2026-09-19T14:22:22.3917194+09:00,0.0
2026-09-19T14:22:22.6358485+09:00,0.0
2026-09-19T14:22:22.9705408+09:00,0.0
2026-09-19T14:22:23.3120078+09:00,0.0
2026-09-19T14:22:23.5893565+09:00,0.0
2026-09-19T14:22:23.8717159+09:00,0.0
2026-09-19T14:22:24.1575540+09:00,0.0
2026-09-19T14:22:24.4461688+09:00,0.0
2026-09-19T14:22:24.7223900+09:00,0.0
2026-09-19T14:22:25.0113091+09:00,0.0
2026-09-19T14:22:25.2452623+09:00,0.0
2026-09-19T14:22:25.5223086+09:00,0.0
2026-09-19T14:22:25.8026273+09:00,0.0
2026-09-19T14:22:26.0779077+09:00,0.0
2026-09-19T14:22:26.3892900+09:00,0.0
2026-09-19T14:22:26.6402144+09:00,0.0
2026-09-19T14:22:26.8801826+09:00,0.0
2026-09-19T14:22:27.1646305+09:00,0.0
2026-09-19T14:22:27.4358133+09:00,0.0
2026-09-19T14:22:27.7199410+09:00,0.0
2026-09-19T14:22:28.0236310+09:00,0.0
2026-09-19T14:22:28.3098856+09:00,0.0
2026-09-19T14:22:28.5809941+09:00,0.0
2026-09-19T14:22:28.8621062+09:00,0.0
2026-09-19T14:22:29.1333769+09:00,0.0
2026-09-19T14:22:29.3971520+09:00,0.0
2026-09-19T14:22:29.6625721+09:00,0.0
2026-09-19T14:22:29.9705388+09:00,0.0
2026-09-19T14:22:30.2684772+09:00,0.0
2026-09-19T14:22:30.5343294+09:00,0.0
2026-09-19T14:22:30.7945476+09:00,0.0
2026-09-19T14:22:31.0723229+09:00,0.0
2026-09-19T14:22:31.3517124+09:00,0.0
2026-09-19T14:22:31.6231522+09:00,0.0
2026-09-19T14:22:31.8920657+09:00,0.0
2026-09-19T14:22:32.1578787+09:00,0.0
2026-09-19T14:22:32.4522705+09:00,0.0
2026-09-19T14:22:32.7059802+09:00,0.0
2026-09-19T14:22:33.0198106+09:00,0.0
2026-09-19T14:22:33.2824697+09:00,0.0
2026-09-19T14:22:33.5493013+09:00,0.0
2026-09-19T14:22:33.8142446+09:00,0.0
2026-09-19T14:22:34.0850115+09:00,0.0
2026-09-19T14:22:34.4110169+09:00,0.0
2026-09-19T14:22:34.7390455+09:00,0.0
2026-09-19T14:22:35.0030692+09:00,0.0
2026-09-19T14:22:35.2901674+09:00,0.0
2026-09-19T14:22:35.5573020+09:00,0.0
2026-09-19T14:22:35.8357560+09:00,0.0
2026-09-19T14:22:36.1063320+09:00,0.0
2026-09-19T14:22:36.3677921+09:00,0.0
2026-09-19T14:22:36.6346173+09:00,0.0
2026-09-19T14:22:36.9192439+09:00,0.0
2026-09-19T14:22:37.1996660+09:00,0.0
2026-09-19T14:22:37.4737632+09:00,0.0
2026-09-19T14:22:37.7533293+09:00,0.0
2026-09-19T14:22:38.0225526+09:00,0.0
2026-09-19T14:22:38.3015148+09:00,0.0
2026-09-19T14:22:38.5800485+09:00,0.0
2026-09-19T14:22:38.8452990+09:00,0.0
2026-09-19T14:22:39.1233970+09:00,0.0
2026-09-19T14:22:39.4049241+09:00,0.0
2026-09-19T14:22:39.7045302+09:00,0.0
2026-09-19T14:22:40.0316843+09:00,0.0
2026-09-19T14:22:40.3144355+09:00,0.0
2026-09-19T14:22:40.5993231+09:00,0.0
2026-09-19T14:22:40.8719407+09:00,0.0
2026-09-19T14:22:41.1554166+09:00,0.0
2026-09-19T14:22:41.4020132+09:00,0.0
2026-09-19T14:22:41.6853421+09:00,0.0
2026-09-19T14:22:41.9659206+09:00,0.0
2026-09-19T14:22:42.2086054+09:00,0.0
2026-09-19T14:22:42.4568301+09:00,0.0
2026-09-19T14:22:42.7065677+09:00,0.0
2026-09-19T14:22:42.9720115+09:00,0.0
2026-09-19T14:22:43.2370955+09:00,0.0
2026-09-19T14:22:43.5201846+09:00,0.0
2026-09-19T14:22:43.8117085+09:00,0.0
2026-09-19T14:22:44.0899583+09:00,0.0
2026-09-19T14:22:44.3793932+09:00,0.0
2026-09-19T14:22:44.6724910+09:00,0.0
2026-09-19T14:22:44.9500557+09:00,0.0
2026-09-19T14:22:45.1983196+09:00,0.0
2026-09-19T14:22:45.5295675+09:00,0.0
2026-09-19T14:22:45.8664807+09:00,0.0
2026-09-19T14:22:46.1631958+09:00,0.0
2026-09-19T14:22:46.5041354+09:00,0.0
2026-09-19T14:22:46.7997646+09:00,0.0
2026-09-19T14:22:47.0919759+09:00,0.0
2026-09-19T14:22:47.4052966+09:00,0.0
2026-09-19T14:22:47.7169570+09:00,0.0
2026-09-19T14:22:47.9968629+09:00,0.0
2026-09-19T14:22:48.2948053+09:00,0.0
2026-09-19T14:22:48.6058972+09:00,0.0
2026-09-19T14:22:48.8817774+09:00,0.0
2026-09-19T14:22:49.1761944+09:00,0.0
2026-09-19T14:22:49.4690165+09:00,0.0
2026-09-19T14:22:49.7522959+09:00,0.0
2026-09-19T14:22:50.0017807+09:00,0.0
2026-09-19T14:22:50.2877612+09:00,0.0
2026-09-19T14:22:50.5668416+09:00,0.0
2026-09-19T14:22:50.8420225+09:00,0.0
2026-09-19T14:22:51.1085224+09:00,0.0
2026-09-19T14:22:51.3745152+09:00,0.0
2026-09-19T14:22:51.6451042+09:00,0.0
2026-09-19T14:22:51.9253937+09:00,0.0
2026-09-19T14:22:52.2073536+09:00,0.0
2026-09-19T14:22:52.4958094+09:00,0.0
2026-09-19T14:22:52.7721881+09:00,0.0
2026-09-19T14:22:53.0469357+09:00,0.0
2026-09-19T14:22:53.3489479+09:00,0.0
2026-09-19T14:22:53.6540141+09:00,0.0
2026-09-19T14:22:53.9355763+09:00,0.0
2026-09-19T14:22:54.2274162+09:00,0.0
2026-09-19T14:22:54.5074532+09:00,0.0
2026-09-19T14:22:54.7887569+09:00,0.0
2026-09-19T14:22:55.0654869+09:00,0.0
2026-09-19T14:22:55.3408881+09:00,0.0
2026-09-19T14:22:55.6248011+09:00,0.0
2026-09-19T14:22:55.8782861+09:00,0.0
2026-09-19T14:22:56.1478415+09:00,0.0
2026-09-19T14:22:56.4102300+09:00,0.0
2026-09-19T14:22:56.7191426+09:00,0.0
2026-09-19T14:22:57.0208055+09:00,0.0
2026-09-19T14:22:57.2965895+09:00,0.0
2026-09-19T14:22:57.5848351+09:00,0.0
2026-09-19T14:22:57.8669335+09:00,0.0
2026-09-19T14:22:58.1579248+09:00,0.0
2026-09-19T14:22:58.4306956+09:00,0.0
2026-09-19T14:22:58.7032143+09:00,0.0
2026-09-19T14:22:58.9976726+09:00,0.0
2026-09-19T14:22:59.2852915+09:00,0.0
2026-09-19T14:22:59.5513800+09:00,0.0
2026-09-19T14:22:59.8179832+09:00,0.0
2026-09-19T14:23:00.0980008+09:00,0.0
2026-09-19T14:23:00.3914610+09:00,0.0
2026-09-19T14:23:00.6555841+09:00,0.0
2026-09-19T14:23:00.9211260+09:00,0.0
2026-09-19T14:23:01.2200324+09:00,0.0
2026-09-19T14:23:01.4989466+09:00,0.0
2026-09-19T14:23:01.7796199+09:00,0.0
2026-09-19T14:23:02.0619119+09:00,0.0
2026-09-19T14:23:02.3227089+09:00,0.0
2026-09-19T14:23:02.5940591+09:00,0.0
2026-09-19T14:23:02.8762787+09:00,0.0
2026-09-19T14:23:03.1566202+09:00,0.0
2026-09-19T14:23:03.4217205+09:00,0.0
2026-09-19T14:23:03.6910690+09:00,0.0
2026-09-19T14:23:03.9805135+09:00,0.0
2026-09-19T14:23:04.2582564+09:00,0.0
2026-09-19T14:23:04.5248646+09:00,0.0
2026-09-19T14:23:04.8004641+09:00,0.0
2026-09-19T14:23:05.1081790+09:00,0.0
2026-09-19T14:23:05.4023728+09:00,0.0
2026-09-19T14:23:05.6881479+09:00,0.0
2026-09-19T14:23:06.0129624+09:00,0.0
2026-09-19T14:23:06.2876781+09:00,0.0
2026-09-19T14:23:06.5578272+09:00,0.0
2026-09-19T14:23:06.8323951+09:00,0.0
2026-09-19T14:23:07.1226123+09:00,0.0
2026-09-19T14:23:07.4078054+09:00,0.0
2026-09-19T14:23:07.6784167+09:00,0.0
2026-09-19T14:23:07.9266198+09:00,0.0
2026-09-19T14:23:08.2086751+09:00,0.0
2026-09-19T14:23:08.4814063+09:00,0.0
2026-09-19T14:23:08.7635633+09:00,0.0
2026-09-19T14:23:09.0422193+09:00,0.0
2026-09-19T14:23:09.3298919+09:00,0.0
2026-09-19T14:23:09.6075874+09:00,0.0
2026-09-19T14:23:09.8840874+09:00,0.0
2026-09-19T14:23:10.1565663+09:00,0.0
2026-09-19T14:23:10.4174890+09:00,0.0
2026-09-19T14:23:10.6804405+09:00,0.0
2026-09-19T14:23:10.9840303+09:00,0.0
2026-09-19T14:23:11.2585551+09:00,0.0
2026-09-19T14:23:11.5382552+09:00,0.0
2026-09-19T14:23:11.8248889+09:00,0.0
2026-09-19T14:23:12.0954974+09:00,0.0
2026-09-19T14:23:12.3779222+09:00,0.0
2026-09-19T14:23:12.6391062+09:00,0.0
2026-09-19T14:23:12.9216524+09:00,0.0
2026-09-19T14:23:13.2135458+09:00,0.0
2026-09-19T14:23:13.4937073+09:00,0.0
2026-09-19T14:23:13.7630067+09:00,0.0
2026-09-19T14:23:14.0425959+09:00,0.0
2026-09-19T14:23:14.3186848+09:00,0.0
2026-09-19T14:23:14.5952507+09:00,0.0
2026-09-19T14:23:14.8706973+09:00,0.0
2026-09-19T14:23:15.1581920+09:00,0.0
2026-09-19T14:23:15.4550724+09:00,0.0
2026-09-19T14:23:15.7460791+09:00,0.0
2026-09-19T14:23:16.0421841+09:00,0.0
2026-09-19T14:23:16.3184534+09:00,0.0
2026-09-19T14:23:16.5855402+09:00,0.0
2026-09-19T14:23:16.8822464+09:00,0.0
2026-09-19T14:23:17.1680476+09:00,0.0
2026-09-19T14:23:17.4587149+09:00,0.0
2026-09-19T14:23:17.7414109+09:00,0.0
2026-09-19T14:23:18.0229277+09:00,0.0
2026-09-19T14:23:18.3101092+09:00,0.0
2026-09-19T14:23:18.5912991+09:00,0.0
2026-09-19T14:23:18.8696108+09:00,0.0
2026-09-19T14:23:19.1566927+09:00,0.0
2026-09-19T14:23:19.4223599+09:00,0.0
2026-09-19T14:23:19.6992459+09:00,0.0
2026-09-19T14:23:19.9860707+09:00,0.0
2026-09-19T14:23:20.2650751+09:00,0.0
2026-09-19T14:23:20.5437831+09:00,0.0
2026-09-19T14:23:20.8211629+09:00,0.0
2026-09-19T14:23:21.0995472+09:00,0.0
2026-09-19T14:23:21.3724019+09:00,0.0
2026-09-19T14:23:21.6482921+09:00,0.0
2026-09-19T14:23:21.9388482+09:00,0.0
2026-09-19T14:23:22.2262379+09:00,0.0
2026-09-19T14:23:22.5064268+09:00,0.0
2026-09-19T14:23:22.8147458+09:00,0.0
2026-09-19T14:23:23.1123501+09:00,0.0
2026-09-19T14:23:23.3883989+09:00,0.0
2026-09-19T14:23:23.6816852+09:00,0.0
2026-09-19T14:23:23.9780543+09:00,0.0
2026-09-19T14:23:24.2587220+09:00,0.0
2026-09-19T14:23:24.5528060+09:00,0.0
2026-09-19T14:23:24.8294467+09:00,0.0
2026-09-19T14:23:25.1077293+09:00,0.0
2026-09-19T14:23:25.3711401+09:00,0.0
2026-09-19T14:23:25.6527154+09:00,0.0
2026-09-19T14:23:25.9296678+09:00,0.0
2026-09-19T14:23:26.1989266+09:00,0.0
2026-09-19T14:23:26.4790611+09:00,0.0
2026-09-19T14:23:26.7209766+09:00,0.0
2026-09-19T14:23:26.9865297+09:00,0.0
2026-09-19T14:23:27.2641906+09:00,0.0
2026-09-19T14:23:27.5313382+09:00,0.0
2026-09-19T14:23:27.8184058+09:00,0.0
2026-09-19T14:23:28.1300379+09:00,0.0
2026-09-19T14:23:28.4047253+09:00,0.0
2026-09-19T14:23:28.6872899+09:00,0.0
2026-09-19T14:23:28.9685752+09:00,0.0
2026-09-19T14:23:29.2468318+09:00,0.0
2026-09-19T14:23:29.5212943+09:00,0.0
2026-09-19T14:23:29.7999880+09:00,0.0
2026-09-19T14:23:30.0758373+09:00,0.0
2026-09-19T14:23:30.3503215+09:00,0.0
2026-09-19T14:23:30.6207843+09:00,0.0
2026-09-19T14:23:30.8924371+09:00,0.0
2026-09-19T14:23:31.1711662+09:00,0.0
2026-09-19T14:23:31.4302938+09:00,0.0
2026-09-19T14:23:31.6972959+09:00,0.0
2026-09-19T14:23:31.9819179+09:00,0.0
2026-09-19T14:23:32.2488919+09:00,0.0
2026-09-19T14:23:32.5417884+09:00,0.0
2026-09-19T14:23:32.8076724+09:00,0.0
2026-09-19T14:23:33.0884054+09:00,0.0
2026-09-19T14:23:33.3562503+09:00,0.0
2026-09-19T14:23:33.6267787+09:00,0.0
2026-09-19T14:23:33.9169910+09:00,0.0
2026-09-19T14:23:34.1958122+09:00,0.0
2026-09-19T14:23:34.4831092+09:00,0.0
2026-09-19T14:23:34.7682321+09:00,0.0
2026-09-19T14:23:35.0488478+09:00,0.0
2026-09-19T14:23:35.3193607+09:00,0.0
2026-09-19T14:23:35.5952951+09:00,0.0
2026-09-19T14:23:35.8635641+09:00,0.0
2026-09-19T14:23:36.1547156+09:00,0.0
2026-09-19T14:23:36.4417561+09:00,0.0
2026-09-19T14:23:36.6953444+09:00,0.0
2026-09-19T14:23:36.9780542+09:00,0.0
2026-09-19T14:23:37.2597654+09:00,0.0
2026-09-19T14:23:37.5085322+09:00,0.0
2026-09-19T14:23:37.7761431+09:00,0.0
2026-09-19T14:23:38.0718211+09:00,0.0
2026-09-19T14:23:38.3529493+09:00,0.0
2026-09-19T14:23:38.6235153+09:00,0.0
2026-09-19T14:23:38.9038891+09:00,0.0
2026-09-19T14:23:39.1815937+09:00,0.0
2026-09-19T14:23:39.4573086+09:00,0.0
2026-09-19T14:23:39.7384527+09:00,0.0
2026-09-19T14:23:40.0188603+09:00,0.0
2026-09-19T14:23:40.3158558+09:00,0.0
2026-09-19T14:23:40.6113779+09:00,0.0
2026-09-19T14:23:40.9264983+09:00,0.0
2026-09-19T14:23:41.2608407+09:00,0.0
2026-09-19T14:23:41.5316308+09:00,0.0
2026-09-19T14:23:41.7802476+09:00,0.0
2026-09-19T14:23:42.0479984+09:00,0.0
2026-09-19T14:23:42.3165304+09:00,0.0
2026-09-19T14:23:42.5937496+09:00,0.0
2026-09-19T14:23:42.8742728+09:00,0.0
2026-09-19T14:23:43.1691619+09:00,0.0
2026-09-19T14:23:43.4494444+09:00,0.0
2026-09-19T14:23:43.7302423+09:00,0.0
2026-09-19T14:23:44.0073832+09:00,0.0
2026-09-19T14:23:44.2736858+09:00,0.0
2026-09-19T14:23:44.5359484+09:00,0.0
2026-09-19T14:23:44.8151634+09:00,0.0
2026-09-19T14:23:45.0959401+09:00,0.0
2026-09-19T14:23:45.3751133+09:00,0.0
2026-09-19T14:23:45.6579576+09:00,0.0
2026-09-19T14:23:45.9523207+09:00,0.0
2026-09-19T14:23:46.2244784+09:00,0.0
2026-09-19T14:23:46.4985448+09:00,0.0
2026-09-19T14:23:46.8246435+09:00,0.0
2026-09-19T14:23:47.1108902+09:00,0.0
2026-09-19T14:23:47.3876083+09:00,0.0
2026-09-19T14:23:47.6677146+09:00,0.0
2026-09-19T14:23:47.9457811+09:00,0.0
2026-09-19T14:23:48.2245855+09:00,0.0
2026-09-19T14:23:48.5122528+09:00,0.0
2026-09-19T14:23:48.7850892+09:00,0.0
2026-09-19T14:23:49.0594170+09:00,0.0
2026-09-19T14:23:49.3360629+09:00,0.0
2026-09-19T14:23:49.6147546+09:00,0.0
2026-09-19T14:23:49.9075556+09:00,0.0
2026-09-19T14:23:50.1923407+09:00,0.0
2026-09-19T14:23:50.4385063+09:00,0.0
2026-09-19T14:23:50.7068514+09:00,0.0
2026-09-19T14:23:51.0004582+09:00,0.0
2026-09-19T14:23:51.2685824+09:00,0.0
2026-09-19T14:23:51.5523971+09:00,0.0
2026-09-19T14:23:51.8119377+09:00,0.0
2026-09-19T14:23:52.0800866+09:00,0.0
2026-09-19T14:23:52.4059942+09:00,0.0
2026-09-19T14:23:52.7075599+09:00,0.0
2026-09-19T14:23:52.9953367+09:00,0.0
2026-09-19T14:23:53.2693034+09:00,0.0
2026-09-19T14:23:53.5440094+09:00,0.0
2026-09-19T14:23:53.8218874+09:00,0.0
2026-09-19T14:23:54.1034425+09:00,0.0
2026-09-19T14:23:54.3903005+09:00,0.0
2026-09-19T14:23:54.6750730+09:00,0.0
2026-09-19T14:23:54.9581372+09:00,0.0
2026-09-19T14:23:55.2447456+09:00,0.0
2026-09-19T14:23:55.5194723+09:00,0.0
2026-09-19T14:23:55.7998852+09:00,0.0
2026-09-19T14:23:56.1086208+09:00,0.0
2026-09-19T14:23:56.3903635+09:00,0.0
2026-09-19T14:23:56.6582783+09:00,0.0
2026-09-19T14:23:56.9310335+09:00,0.0
2026-09-19T14:23:57.2062348+09:00,0.0
2026-09-19T14:23:57.4753959+09:00,0.0
2026-09-19T14:23:57.7415886+09:00,0.0
2026-09-19T14:23:58.0148869+09:00,0.0
2026-09-19T14:23:58.3010825+09:00,0.0
2026-09-19T14:23:58.5949070+09:00,0.0
2026-09-19T14:23:58.8933058+09:00,0.0
2026-09-19T14:23:59.2157528+09:00,0.0
2026-09-19T14:23:59.4956483+09:00,0.0
2026-09-19T14:23:59.7827654+09:00,0.0
2026-09-19T14:24:00.0744192+09:00,0.0
2026-09-19T14:24:00.3594043+09:00,0.0
2026-09-19T14:24:00.6308852+09:00,0.0
2026-09-19T14:24:00.9061655+09:00,0.0
2026-09-19T14:24:01.2165814+09:00,0.0
2026-09-19T14:24:01.4969807+09:00,0.0
2026-09-19T14:24:01.7336484+09:00,0.0
2026-09-19T14:24:02.0077194+09:00,0.0
2026-09-19T14:24:02.3124205+09:00,0.0
2026-09-19T14:24:02.5766083+09:00,0.0
2026-09-19T14:24:02.8621674+09:00,0.0
2026-09-19T14:24:03.1955713+09:00,0.0
2026-09-19T14:24:03.5374227+09:00,0.0
2026-09-19T14:24:03.8182481+09:00,0.0
2026-09-19T14:24:04.0918083+09:00,0.0
2026-09-19T14:24:04.3402869+09:00,0.0
2026-09-19T14:24:04.5917567+09:00,0.0
2026-09-19T14:24:04.8593997+09:00,0.0
2026-09-19T14:24:05.1501859+09:00,0.0
2026-09-19T14:24:05.4248704+09:00,0.0
2026-09-19T14:24:05.6965804+09:00,0.0
2026-09-19T14:24:05.9920577+09:00,0.0
2026-09-19T14:24:06.2809380+09:00,0.0
2026-09-19T14:24:06.5625596+09:00,0.0
2026-09-19T14:24:06.8431585+09:00,0.0
2026-09-19T14:24:07.1245758+09:00,0.0
2026-09-19T14:24:07.4084218+09:00,0.0
2026-09-19T14:24:07.6782610+09:00,0.0
2026-09-19T14:24:07.9528076+09:00,0.0
2026-09-19T14:24:08.2440207+09:00,0.0
2026-09-19T14:24:08.5254781+09:00,0.0
2026-09-19T14:24:08.8302167+09:00,0.0
2026-09-19T14:24:09.1004848+09:00,0.0
2026-09-19T14:24:09.4040303+09:00,0.0
2026-09-19T14:24:09.6970758+09:00,0.0
2026-09-19T14:24:09.9851106+09:00,0.0
2026-09-19T14:24:10.2758231+09:00,0.0
2026-09-19T14:24:10.5752639+09:00,0.0
2026-09-19T14:24:10.8437870+09:00,0.0
2026-09-19T14:24:11.1132399+09:00,0.0
2026-09-19T14:24:11.4004123+09:00,0.0
2026-09-19T14:24:11.6755333+09:00,0.0
2026-09-19T14:24:11.9692063+09:00,0.0
2026-09-19T14:24:12.2345901+09:00,0.0
2026-09-19T14:24:12.5311927+09:00,0.0
2026-09-19T14:24:12.8599026+09:00,0.0
2026-09-19T14:24:13.2031773+09:00,0.0
2026-09-19T14:24:13.4849363+09:00,0.0
2026-09-19T14:24:13.7331907+09:00,0.0
2026-09-19T14:24:13.9978335+09:00,0.0
2026-09-19T14:24:14.2777938+09:00,0.0
2026-09-19T14:24:14.5576493+09:00,0.0
2026-09-19T14:24:14.8430927+09:00,0.0
2026-09-19T14:24:15.1370832+09:00,0.0
2026-09-19T14:24:15.4271029+09:00,0.0
2026-09-19T14:24:15.7287772+09:00,0.0
2026-09-19T14:24:16.0130542+09:00,0.0
2026-09-19T14:24:16.2933957+09:00,0.0
2026-09-19T14:24:16.5704930+09:00,0.0
2026-09-19T14:24:16.8544852+09:00,0.0
2026-09-19T14:24:17.1343864+09:00,0.0
2026-09-19T14:24:17.3967675+09:00,0.0
2026-09-19T14:24:17.6795323+09:00,0.0
2026-09-19T14:24:17.9614003+09:00,0.0
2026-09-19T14:24:18.2091533+09:00,0.0
2026-09-19T14:24:18.4760453+09:00,0.0
2026-09-19T14:24:18.7688495+09:00,0.0
2026-09-19T14:24:19.0507910+09:00,0.0
2026-09-19T14:24:19.3346236+09:00,0.0
2026-09-19T14:24:19.6168567+09:00,0.0
2026-09-19T14:24:19.9017503+09:00,0.0
2026-09-19T14:24:20.1930666+09:00,0.0
2026-09-19T14:24:20.4731142+09:00,0.0
2026-09-19T14:24:20.7478320+09:00,0.0
2026-09-19T14:24:21.0340858+09:00,0.0
2026-09-19T14:24:21.3066055+09:00,0.0
2026-09-19T14:24:21.5552694+09:00,0.0
2026-09-19T14:24:21.8310598+09:00,0.0
2026-09-19T14:24:22.0855532+09:00,0.0
2026-09-19T14:24:22.3700604+09:00,0.0
2026-09-19T14:24:22.6494089+09:00,0.0
2026-09-19T14:24:22.9099114+09:00,0.0
2026-09-19T14:24:23.1922434+09:00,0.0
2026-09-19T14:24:23.4756594+09:00,0.0
2026-09-19T14:24:23.7623376+09:00,0.0
2026-09-19T14:24:24.0280187+09:00,0.0
2026-09-19T14:24:24.3120208+09:00,0.0
2026-09-19T14:24:24.6085213+09:00,0.0
2026-09-19T14:24:24.8932158+09:00,0.0
2026-09-19T14:24:25.1842719+09:00,0.0
2026-09-19T14:24:25.4539817+09:00,0.0
2026-09-19T14:24:25.7453999+09:00,0.0
2026-09-19T14:24:26.0477346+09:00,0.0
2026-09-19T14:24:26.3428774+09:00,0.0
2026-09-19T14:24:26.6412265+09:00,0.0
2026-09-19T14:24:26.9151241+09:00,0.0
2026-09-19T14:24:27.1835050+09:00,0.0
2026-09-19T14:24:27.4620489+09:00,0.0
2026-09-19T14:24:27.7376919+09:00,0.0
2026-09-19T14:24:28.0171841+09:00,0.0
2026-09-19T14:24:28.2934743+09:00,0.0
2026-09-19T14:24:28.5636227+09:00,0.0
2026-09-19T14:24:28.8347273+09:00,0.0
2026-09-19T14:24:29.1341752+09:00,0.0
2026-09-19T14:24:29.4458402+09:00,0.0
2026-09-19T14:24:29.7326061+09:00,0.0
2026-09-19T14:24:30.0208063+09:00,0.0
2026-09-19T14:24:30.2985499+09:00,0.0
2026-09-19T14:24:30.5753600+09:00,0.0
2026-09-19T14:24:30.8578764+09:00,0.0
2026-09-19T14:24:31.1313580+09:00,0.0
2026-09-19T14:24:31.4114833+09:00,0.0
2026-09-19T14:24:31.6861964+09:00,0.0
2026-09-19T14:24:31.9466110+09:00,0.0
2026-09-19T14:24:32.2258423+09:00,0.0
2026-09-19T14:24:32.5015370+09:00,0.0
2026-09-19T14:24:32.7830934+09:00,0.0
2026-09-19T14:24:33.0862494+09:00,0.0
2026-09-19T14:24:33.3764293+09:00,0.0
2026-09-19T14:24:33.6422464+09:00,0.0
2026-09-19T14:24:33.9249188+09:00,0.0
2026-09-19T14:24:34.2169066+09:00,0.0
2026-09-19T14:24:34.4892345+09:00,0.0
2026-09-19T14:24:34.7721647+09:00,0.0
2026-09-19T14:24:35.0544873+09:00,0.0
2026-09-19T14:24:35.3230864+09:00,0.0
2026-09-19T14:24:35.6046582+09:00,0.0
2026-09-19T14:24:35.8835743+09:00,0.0
2026-09-19T14:24:36.1484717+09:00,0.0
2026-09-19T14:24:36.3989603+09:00,0.0
2026-09-19T14:24:36.6579395+09:00,0.0
2026-09-19T14:24:36.9412794+09:00,0.0
2026-09-19T14:24:37.2315040+09:00,0.0
2026-09-19T14:24:37.5122949+09:00,0.0
2026-09-19T14:24:37.7830392+09:00,0.0
2026-09-19T14:24:38.0651583+09:00,0.0
2026-09-19T14:24:38.3466656+09:00,0.0
2026-09-19T14:24:38.6278461+09:00,0.0
2026-09-19T14:24:38.9071917+09:00,0.0
2026-09-19T14:24:39.2046376+09:00,0.0
2026-09-19T14:24:39.4812373+09:00,0.0
2026-09-19T14:24:39.7471101+09:00,0.0
2026-09-19T14:24:40.0432478+09:00,0.0
2026-09-19T14:24:40.3295563+09:00,0.0
2026-09-19T14:24:40.6253757+09:00,0.0
2026-09-19T14:24:40.9289273+09:00,0.0
2026-09-19T14:24:41.2225480+09:00,0.0
2026-09-19T14:24:41.4891303+09:00,0.0
2026-09-19T14:24:41.7650036+09:00,0.0
2026-09-19T14:24:42.0393491+09:00,0.0
2026-09-19T14:24:42.3134554+09:00,0.0
2026-09-19T14:24:42.5900275+09:00,0.0
2026-09-19T14:24:42.8583198+09:00,0.0
2026-09-19T14:24:43.1642676+09:00,0.0
2026-09-19T14:24:43.4458516+09:00,0.0
2026-09-19T14:24:43.6900708+09:00,0.0
2026-09-19T14:24:43.9906830+09:00,0.0
2026-09-19T14:24:44.2428741+09:00,0.0
2026-09-19T14:24:44.5562704+09:00,0.0
2026-09-19T14:24:44.8082263+09:00,0.0
2026-09-19T14:24:45.0550503+09:00,0.0
2026-09-19T14:24:45.3227291+09:00,0.0
2026-09-19T14:24:45.6052827+09:00,0.0
2026-09-19T14:24:45.9167223+09:00,0.0
2026-09-19T14:24:46.1856429+09:00,0.0
2026-09-19T14:24:46.4574283+09:00,0.0
2026-09-19T14:24:46.7403019+09:00,0.0
2026-09-19T14:24:47.0129825+09:00,0.0
2026-09-19T14:24:47.2774056+09:00,0.0
2026-09-19T14:24:47.5423369+09:00,0.0
2026-09-19T14:24:47.8077553+09:00,0.0
2026-09-19T14:24:48.0941497+09:00,0.0
2026-09-19T14:24:48.3720149+09:00,0.0
2026-09-19T14:24:48.6556503+09:00,0.0
2026-09-19T14:24:48.9460280+09:00,0.0
2026-09-19T14:24:49.2109914+09:00,0.0
2026-09-19T14:24:49.4795519+09:00,0.0
2026-09-19T14:24:49.7858234+09:00,0.0
2026-09-19T14:24:50.0520140+09:00,0.0
2026-09-19T14:24:50.3486357+09:00,0.0
2026-09-19T14:24:50.6313863+09:00,0.0
2026-09-19T14:24:50.8821795+09:00,0.0
2026-09-19T14:24:51.1666514+09:00,0.0
2026-09-19T14:24:51.4242390+09:00,0.0
2026-09-19T14:24:51.6917856+09:00,0.0
2026-09-19T14:24:51.9976211+09:00,0.0
2026-09-19T14:24:52.2483419+09:00,0.0
2026-09-19T14:24:52.4982408+09:00,0.0
2026-09-19T14:24:52.7815152+09:00,0.0
2026-09-19T14:24:53.0547447+09:00,0.0
2026-09-19T14:24:53.3253182+09:00,0.0
2026-09-19T14:24:53.6067284+09:00,0.0
2026-09-19T14:24:53.8958916+09:00,0.0
2026-09-19T14:24:54.1841019+09:00,0.0
2026-09-19T14:24:54.4453108+09:00,0.0
2026-09-19T14:24:54.7281812+09:00,0.0
2026-09-19T14:24:55.0267687+09:00,0.0
2026-09-19T14:24:55.3135187+09:00,0.0
2026-09-19T14:24:55.5786013+09:00,0.0
2026-09-19T14:24:55.8464764+09:00,0.0
2026-09-19T14:24:56.1136145+09:00,0.0
2026-09-19T14:24:56.3812233+09:00,0.0
2026-09-19T14:24:56.6665801+09:00,0.0
2026-09-19T14:24:56.9621701+09:00,0.0
2026-09-19T14:24:57.2231933+09:00,0.0
2026-09-19T14:24:57.5056744+09:00,0.0
2026-09-19T14:24:57.7783594+09:00,0.0
2026-09-19T14:24:58.0582668+09:00,0.0
2026-09-19T14:24:58.3447198+09:00,0.0
2026-09-19T14:24:58.6297059+09:00,0.0
2026-09-19T14:24:58.9183414+09:00,0.0
2026-09-19T14:24:59.2025452+09:00,0.0
2026-09-19T14:24:59.4868338+09:00,0.0
2026-09-19T14:24:59.7364443+09:00,0.0
2026-09-19T14:25:00.0372713+09:00,0.0
2026-09-19T14:25:00.3172189+09:00,0.0
2026-09-19T14:25:00.5924969+09:00,0.0
2026-09-19T14:25:00.8901990+09:00,0.0
2026-09-19T14:25:01.1711298+09:00,0.0
2026-09-19T14:25:01.4578772+09:00,0.0
2026-09-19T14:25:01.7404910+09:00,0.0
2026-09-19T14:25:02.0239461+09:00,0.0
2026-09-19T14:25:02.3002908+09:00,0.0
2026-09-19T14:25:02.5939816+09:00,0.0
2026-09-19T14:25:02.8617063+09:00,0.0
2026-09-19T14:25:03.1515503+09:00,0.0
2026-09-19T14:25:03.4247671+09:00,0.0
2026-09-19T14:25:03.6870901+09:00,0.0
2026-09-19T14:25:03.9839740+09:00,0.0
2026-09-19T14:25:04.2804691+09:00,0.0
2026-09-19T14:25:04.5647682+09:00,0.0
2026-09-19T14:25:04.8365686+09:00,0.0
2026-09-19T14:25:05.1196555+09:00,0.0
2026-09-19T14:25:05.3670697+09:00,0.0
2026-09-19T14:25:05.6451042+09:00,0.0
2026-09-19T14:25:05.9089532+09:00,0.0
2026-09-19T14:25:06.1887068+09:00,0.0
2026-09-19T14:25:06.4518633+09:00,0.0
2026-09-19T14:25:06.7360841+09:00,0.0
2026-09-19T14:25:07.0241542+09:00,0.0
2026-09-19T14:25:07.2957930+09:00,0.0
2026-09-19T14:25:07.5596084+09:00,0.0
2026-09-19T14:25:07.8073338+09:00,0.0
2026-09-19T14:25:08.0900764+09:00,0.0
2026-09-19T14:25:08.3659430+09:00,0.0
2026-09-19T14:25:08.6423195+09:00,0.0
2026-09-19T14:25:08.9224337+09:00,0.0
2026-09-19T14:25:09.2115639+09:00,0.0
2026-09-19T14:25:09.5108550+09:00,0.0
2026-09-19T14:25:09.7947460+09:00,0.0
2026-09-19T14:25:10.0728812+09:00,0.0
2026-09-19T14:25:10.3642475+09:00,0.0
2026-09-19T14:25:10.6297780+09:00,0.0
2026-09-19T14:25:10.8679081+09:00,0.0
2026-09-19T14:25:11.1350798+09:00,0.0
2026-09-19T14:25:11.4093791+09:00,0.0
2026-09-19T14:25:11.6781087+09:00,0.0
2026-09-19T14:25:11.9388189+09:00,0.0
2026-09-19T14:25:12.2258885+09:00,0.0
2026-09-19T14:25:12.4977919+09:00,0.0
2026-09-19T14:25:12.7779560+09:00,0.0
2026-09-19T14:25:13.0673341+09:00,0.0
2026-09-19T14:25:13.3639130+09:00,0.0
2026-09-19T14:25:13.6428821+09:00,0.0
2026-09-19T14:25:13.8771253+09:00,0.0
2026-09-19T14:25:14.1570985+09:00,0.0
2026-09-19T14:25:14.4318769+09:00,0.0
2026-09-19T14:25:14.7040773+09:00,0.0
2026-09-19T14:25:14.9980762+09:00,0.0
2026-09-19T14:25:15.2686139+09:00,0.0
2026-09-19T14:25:15.5388626+09:00,0.0
2026-09-19T14:25:15.8221254+09:00,0.0
2026-09-19T14:25:16.1074091+09:00,0.0
2026-09-19T14:25:16.4078076+09:00,0.0
2026-09-19T14:25:16.6837242+09:00,0.0
2026-09-19T14:25:16.9961966+09:00,0.0
2026-09-19T14:25:17.2843686+09:00,0.0
2026-09-19T14:25:17.5539382+09:00,0.0
2026-09-19T14:25:17.8399583+09:00,0.0
2026-09-19T14:25:18.1252833+09:00,0.0
2026-09-19T14:25:18.4646488+09:00,0.0
2026-09-19T14:25:18.8153286+09:00,0.0
2026-09-19T14:25:19.0952143+09:00,0.0
2026-09-19T14:25:19.3676775+09:00,0.0
2026-09-19T14:25:19.6400416+09:00,0.0
2026-09-19T14:25:19.8885725+09:00,0.0
2026-09-19T14:25:20.1546697+09:00,0.0
2026-09-19T14:25:20.4380420+09:00,0.0
2026-09-19T14:25:20.7320074+09:00,0.0
2026-09-19T14:25:21.0125974+09:00,0.0
2026-09-19T14:25:21.2465763+09:00,0.0
2026-09-19T14:25:21.5185810+09:00,0.0
2026-09-19T14:25:21.7999332+09:00,0.0
2026-09-19T14:25:22.0808321+09:00,0.0
2026-09-19T14:25:22.3608137+09:00,0.0
2026-09-19T14:25:22.6360315+09:00,0.0
2026-09-19T14:25:22.9186349+09:00,0.0
2026-09-19T14:25:23.2126981+09:00,0.0
2026-09-19T14:25:23.4954579+09:00,0.0
2026-09-19T14:25:23.7693103+09:00,0.0
2026-09-19T14:25:24.0685040+09:00,0.0
2026-09-19T14:25:24.3452501+09:00,0.0
2026-09-19T14:25:24.6464729+09:00,0.0
2026-09-19T14:25:24.9386133+09:00,0.0
2026-09-19T14:25:25.2071921+09:00,0.0
2026-09-19T14:25:25.4792343+09:00,0.0
2026-09-19T14:25:25.7476936+09:00,0.0
2026-09-19T14:25:26.0385950+09:00,0.0
2026-09-19T14:25:26.3129164+09:00,0.0
2026-09-19T14:25:26.5759311+09:00,0.0
2026-09-19T14:25:26.8577570+09:00,0.0
2026-09-19T14:25:27.1378976+09:00,0.0
2026-09-19T14:25:27.4263662+09:00,0.0
2026-09-19T14:25:27.6748254+09:00,0.0
2026-09-19T14:25:27.9584359+09:00,0.0
2026-09-19T14:25:28.2488184+09:00,0.0
2026-09-19T14:25:28.5337186+09:00,0.0
2026-09-19T14:25:28.7916169+09:00,0.0
2026-09-19T14:25:29.0664272+09:00,0.0
2026-09-19T14:25:29.3545844+09:00,0.0
2026-09-19T14:25:29.6925312+09:00,0.0
2026-09-19T14:25:30.0321464+09:00,0.0
2026-09-19T14:25:30.3013166+09:00,0.0
2026-09-19T14:25:30.5806134+09:00,0.0
2026-09-19T14:25:30.8686078+09:00,0.0
2026-09-19T14:25:31.1491995+09:00,0.0
2026-09-19T14:25:31.4486509+09:00,0.0
2026-09-19T14:25:31.7216355+09:00,0.0
2026-09-19T14:25:31.9964829+09:00,0.0
2026-09-19T14:25:32.2462838+09:00,0.0
2026-09-19T14:25:32.5438298+09:00,0.0
2026-09-19T14:25:32.8635333+09:00,0.0
2026-09-19T14:25:33.1340507+09:00,0.0
2026-09-19T14:25:33.4132947+09:00,0.0
2026-09-19T14:25:33.6984544+09:00,0.0
2026-09-19T14:25:33.9967756+09:00,0.0
2026-09-19T14:25:34.2774945+09:00,0.0
2026-09-19T14:25:34.5449804+09:00,0.0
2026-09-19T14:25:34.8242527+09:00,0.0
2026-09-19T14:25:35.1022556+09:00,0.0
2026-09-19T14:25:35.3809135+09:00,0.0
2026-09-19T14:25:35.6706949+09:00,0.0
2026-09-19T14:25:35.9511495+09:00,0.0
2026-09-19T14:25:36.2330409+09:00,0.0
2026-09-19T14:25:36.5134438+09:00,0.0
2026-09-19T14:25:36.7986868+09:00,0.0
2026-09-19T14:25:37.0772909+09:00,0.0
2026-09-19T14:25:37.3511280+09:00,0.0
2026-09-19T14:25:37.6018065+09:00,0.0
2026-09-19T14:25:37.8865416+09:00,0.0
2026-09-19T14:25:38.1799201+09:00,0.0
2026-09-19T14:25:38.4601525+09:00,0.0
2026-09-19T14:25:38.7385190+09:00,0.0
2026-09-19T14:25:39.0502133+09:00,0.0
2026-09-19T14:25:39.2968250+09:00,0.0
2026-09-19T14:25:39.5805927+09:00,0.0
2026-09-19T14:25:39.8656217+09:00,0.0
2026-09-19T14:25:40.1490591+09:00,0.0
2026-09-19T14:25:40.4116374+09:00,0.0
2026-09-19T14:25:40.6994789+09:00,0.0
2026-09-19T14:25:40.9883009+09:00,0.0
2026-09-19T14:25:41.3256718+09:00,0.0
2026-09-19T14:25:41.6066437+09:00,0.0
2026-09-19T14:25:41.8883113+09:00,0.0
2026-09-19T14:25:42.1802760+09:00,0.0
2026-09-19T14:25:42.4665235+09:00,0.0
2026-09-19T14:25:42.7384429+09:00,0.0
2026-09-19T14:25:43.0199231+09:00,0.0
2026-09-19T14:25:43.2996972+09:00,0.0
2026-09-19T14:25:43.5833643+09:00,0.0
2026-09-19T14:25:43.8731141+09:00,0.0
2026-09-19T14:25:44.1387188+09:00,0.0
2026-09-19T14:25:44.4278288+09:00,0.0
2026-09-19T14:25:44.7094323+09:00,0.0
2026-09-19T14:25:44.9958451+09:00,0.0
2026-09-19T14:25:45.2875402+09:00,0.0
2026-09-19T14:25:45.5675033+09:00,0.0
2026-09-19T14:25:45.8594037+09:00,0.0
2026-09-19T14:25:46.1621965+09:00,0.0
2026-09-19T14:25:46.4425269+09:00,0.0
2026-09-19T14:25:46.7099085+09:00,0.0
2026-09-19T14:25:46.9902050+09:00,0.0
2026-09-19T14:25:47.2551864+09:00,0.0
2026-09-19T14:25:47.5408560+09:00,0.0
2026-09-19T14:25:47.7874854+09:00,0.0
2026-09-19T14:25:48.1229835+09:00,0.0
2026-09-19T14:25:48.4001861+09:00,0.0
2026-09-19T14:25:48.6733912+09:00,0.0
2026-09-19T14:25:48.9571417+09:00,0.0
2026-09-19T14:25:49.2432586+09:00,0.0
2026-09-19T14:25:49.4876376+09:00,0.0
2026-09-19T14:25:49.7557172+09:00,0.0
2026-09-19T14:25:50.0452072+09:00,0.0
2026-09-19T14:25:50.3324575+09:00,0.0
2026-09-19T14:25:50.6160223+09:00,0.0
2026-09-19T14:25:50.8962192+09:00,0.0
2026-09-19T14:25:51.1803392+09:00,0.0
2026-09-19T14:25:51.4690232+09:00,0.0
2026-09-19T14:25:51.7382261+09:00,0.0
2026-09-19T14:25:52.0202201+09:00,0.0
2026-09-19T14:25:52.3165379+09:00,0.0
2026-09-19T14:25:52.6208915+09:00,0.0
2026-09-19T14:25:52.8935251+09:00,0.0
2026-09-19T14:25:53.1871221+09:00,0.0
2026-09-19T14:25:53.5023668+09:00,0.0
2026-09-19T14:25:53.7977720+09:00,0.0
2026-09-19T14:25:54.0939784+09:00,0.0
2026-09-19T14:25:54.3832855+09:00,0.0
2026-09-19T14:25:54.6618216+09:00,0.0
2026-09-19T14:25:54.9351615+09:00,0.0
2026-09-19T14:25:55.2205834+09:00,0.0
2026-09-19T14:25:55.5032907+09:00,0.0
2026-09-19T14:25:55.7835223+09:00,0.0
2026-09-19T14:25:56.0641021+09:00,0.0
2026-09-19T14:25:56.3529599+09:00,0.0
2026-09-19T14:25:56.6336649+09:00,0.0
2026-09-19T14:25:56.9234978+09:00,0.0
2026-09-19T14:25:57.2207012+09:00,0.0
2026-09-19T14:25:57.5197979+09:00,0.0
2026-09-19T14:25:57.7885335+09:00,0.0
2026-09-19T14:25:58.0801128+09:00,0.0
2026-09-19T14:25:58.3573895+09:00,0.0
2026-09-19T14:25:58.6385550+09:00,0.0
2026-09-19T14:25:58.9283556+09:00,0.0
2026-09-19T14:25:59.2150950+09:00,0.0
2026-09-19T14:25:59.5122105+09:00,0.0
2026-09-19T14:25:59.7820902+09:00,0.0
2026-09-19T14:26:00.0838871+09:00,0.0
2026-09-19T14:26:00.3521298+09:00,0.0
2026-09-19T14:26:00.6313798+09:00,0.0
2026-09-19T14:26:00.9035910+09:00,0.0
2026-09-19T14:26:01.1951683+09:00,0.0
2026-09-19T14:26:01.4936747+09:00,0.0
2026-09-19T14:26:01.7732864+09:00,0.0
2026-09-19T14:26:02.0487334+09:00,0.0
2026-09-19T14:26:02.3191514+09:00,0.0
2026-09-19T14:26:02.6154803+09:00,0.0
2026-09-19T14:26:02.9027288+09:00,0.0
2026-09-19T14:26:03.1841594+09:00,0.0
2026-09-19T14:26:03.4502242+09:00,0.0
2026-09-19T14:26:03.7113122+09:00,0.0
2026-09-19T14:26:04.0547131+09:00,0.0
2026-09-19T14:26:04.3541455+09:00,0.0
2026-09-19T14:26:04.6435000+09:00,0.0
2026-09-19T14:26:04.9237994+09:00,0.0
2026-09-19T14:26:05.2029958+09:00,0.0
2026-09-19T14:26:05.4902630+09:00,0.0
2026-09-19T14:26:05.7876178+09:00,0.0
2026-09-19T14:26:06.0808452+09:00,0.0
2026-09-19T14:26:06.3632470+09:00,0.0
2026-09-19T14:26:06.6345054+09:00,0.0
2026-09-19T14:26:06.9024778+09:00,0.0
2026-09-19T14:26:07.1813900+09:00,0.0
2026-09-19T14:26:07.4657783+09:00,0.0
2026-09-19T14:26:07.7281520+09:00,0.0
2026-09-19T14:26:08.0154380+09:00,0.0
2026-09-19T14:26:08.2832097+09:00,0.0
2026-09-19T14:26:08.5775617+09:00,0.0
2026-09-19T14:26:08.8359691+09:00,0.0
2026-09-19T14:26:09.1243181+09:00,0.0
2026-09-19T14:26:09.4105801+09:00,0.0
2026-09-19T14:26:09.6924244+09:00,0.0
2026-09-19T14:26:09.9743312+09:00,0.0
2026-09-19T14:26:10.2364079+09:00,0.0
2026-09-19T14:26:10.5209062+09:00,0.0
2026-09-19T14:26:10.7994549+09:00,0.0
2026-09-19T14:26:11.0475654+09:00,0.0
2026-09-19T14:26:11.3247429+09:00,0.0
2026-09-19T14:26:11.6051459+09:00,0.0
2026-09-19T14:26:11.9158159+09:00,0.0
2026-09-19T14:26:12.2098384+09:00,0.0
2026-09-19T14:26:12.4959367+09:00,0.0
2026-09-19T14:26:12.7851667+09:00,0.0
2026-09-19T14:26:13.0695595+09:00,0.0
2026-09-19T14:26:13.3564524+09:00,0.0
2026-09-19T14:26:13.6252091+09:00,0.0
2026-09-19T14:26:13.9163539+09:00,0.0
2026-09-19T14:26:14.1800504+09:00,0.0
2026-09-19T14:26:14.4615023+09:00,0.0
2026-09-19T14:26:14.7382719+09:00,0.0
2026-09-19T14:26:15.0287606+09:00,0.0
2026-09-19T14:26:15.2957921+09:00,0.0
2026-09-19T14:26:15.5751299+09:00,0.0
2026-09-19T14:26:15.8669401+09:00,0.0
2026-09-19T14:26:16.1482272+09:00,0.0
2026-09-19T14:26:16.4381734+09:00,0.0
2026-09-19T14:26:16.7012398+09:00,0.0
2026-09-19T14:26:16.9939521+09:00,0.0
2026-09-19T14:26:17.2716223+09:00,0.0
2026-09-19T14:26:17.5521565+09:00,0.0
2026-09-19T14:26:17.8478840+09:00,0.0
2026-09-19T14:26:18.1244180+09:00,0.0
2026-09-19T14:26:18.4070302+09:00,0.0
2026-09-19T14:26:18.6898128+09:00,0.0
2026-09-19T14:26:18.9766923+09:00,0.0
2026-09-19T14:26:19.2474356+09:00,0.0
2026-09-19T14:26:19.5178025+09:00,0.0
2026-09-19T14:26:19.7926855+09:00,0.0
2026-09-19T14:26:20.0596512+09:00,0.0
2026-09-19T14:26:20.3324464+09:00,0.0
2026-09-19T14:26:20.6164033+09:00,0.0
2026-09-19T14:26:20.8853038+09:00,0.0
2026-09-19T14:26:21.1680661+09:00,0.0
2026-09-19T14:26:21.4510852+09:00,0.0
2026-09-19T14:26:21.7368224+09:00,0.0
2026-09-19T14:26:22.0099433+09:00,0.0
2026-09-19T14:26:22.2962258+09:00,0.0
2026-09-19T14:26:22.5825558+09:00,0.0
2026-09-19T14:26:22.8317128+09:00,0.0
2026-09-19T14:26:23.1068424+09:00,0.0
2026-09-19T14:26:23.3714660+09:00,0.0
2026-09-19T14:26:23.6442513+09:00,0.0
2026-09-19T14:26:23.9214815+09:00,0.0
2026-09-19T14:26:24.1998316+09:00,0.0
2026-09-19T14:26:24.4670293+09:00,0.0
2026-09-19T14:26:24.7067601+09:00,0.0
2026-09-19T14:26:24.9818924+09:00,0.0
2026-09-19T14:26:25.2688588+09:00,0.0
2026-09-19T14:26:25.5608931+09:00,0.0
2026-09-19T14:26:25.8463536+09:00,0.0
2026-09-19T14:26:26.1469913+09:00,0.0
2026-09-19T14:26:26.4895534+09:00,0.0
2026-09-19T14:26:26.7916615+09:00,0.0
2026-09-19T14:26:27.0869843+09:00,0.0
2026-09-19T14:26:27.3613400+09:00,0.0
2026-09-19T14:26:27.6363447+09:00,0.0
2026-09-19T14:26:27.9123569+09:00,0.0
2026-09-19T14:26:28.2066949+09:00,0.0
2026-09-19T14:26:28.4850219+09:00,0.0
2026-09-19T14:26:28.7473807+09:00,0.0
2026-09-19T14:26:29.0298800+09:00,0.0
2026-09-19T14:26:29.3054254+09:00,0.0
2026-09-19T14:26:29.5842389+09:00,0.0
2026-09-19T14:26:29.8485047+09:00,0.0
2026-09-19T14:26:30.1156292+09:00,0.0
2026-09-19T14:26:30.3969116+09:00,0.0
2026-09-19T14:26:30.6765195+09:00,0.0
2026-09-19T14:26:30.9516561+09:00,0.0
2026-09-19T14:26:31.2278558+09:00,0.0
2026-09-19T14:26:31.4997798+09:00,0.0
2026-09-19T14:26:31.7681840+09:00,0.0
2026-09-19T14:26:32.0670818+09:00,0.0
2026-09-19T14:26:32.3708281+09:00,0.0
2026-09-19T14:26:32.6665131+09:00,0.0
2026-09-19T14:26:32.9615517+09:00,0.0
2026-09-19T14:26:33.2590693+09:00,0.0
2026-09-19T14:26:33.5237737+09:00,0.0
2026-09-19T14:26:33.7913945+09:00,0.0
2026-09-19T14:26:34.0627884+09:00,0.0
2026-09-19T14:26:34.3488506+09:00,0.0
2026-09-19T14:26:34.6283347+09:00,0.0
2026-09-19T14:26:34.9115737+09:00,0.0
2026-09-19T14:26:35.2245805+09:00,0.0
2026-09-19T14:26:35.4916994+09:00,0.0
2026-09-19T14:26:35.7728388+09:00,0.0
2026-09-19T14:26:36.0752804+09:00,0.0
2026-09-19T14:26:36.3416792+09:00,0.0
2026-09-19T14:26:36.6382742+09:00,0.0
2026-09-19T14:26:36.9184410+09:00,0.0
2026-09-19T14:26:37.2088015+09:00,0.0
2026-09-19T14:26:37.4898023+09:00,0.0
2026-09-19T14:26:37.8267539+09:00,0.0
2026-09-19T14:26:38.1526622+09:00,0.0
2026-09-19T14:26:38.4083347+09:00,0.0
2026-09-19T14:26:38.6944671+09:00,0.0
2026-09-19T14:26:38.9879576+09:00,0.0
2026-09-19T14:26:39.2673341+09:00,0.0
2026-09-19T14:26:39.5327209+09:00,0.0
2026-09-19T14:26:39.8450242+09:00,0.0
2026-09-19T14:26:40.1322412+09:00,0.0
2026-09-19T14:26:40.4067309+09:00,0.0
2026-09-19T14:26:40.6865609+09:00,0.0
2026-09-19T14:26:40.9750846+09:00,0.0
2026-09-19T14:26:41.2558977+09:00,0.0
2026-09-19T14:26:41.5350953+09:00,0.0
2026-09-19T14:26:41.7982134+09:00,0.0
2026-09-19T14:26:42.0712451+09:00,0.0
2026-09-19T14:26:42.3375403+09:00,0.0
2026-09-19T14:26:42.6327580+09:00,0.0
2026-09-19T14:26:42.9071012+09:00,0.0
2026-09-19T14:26:43.2035356+09:00,0.0
2026-09-19T14:26:43.4855290+09:00,0.0
2026-09-19T14:26:43.7622436+09:00,0.0
2026-09-19T14:26:44.0472598+09:00,0.0
2026-09-19T14:26:44.3171450+09:00,0.0
2026-09-19T14:26:44.5894413+09:00,0.0
2026-09-19T14:26:44.8723283+09:00,0.0
2026-09-19T14:26:45.1623971+09:00,0.0
2026-09-19T14:26:45.4443050+09:00,0.0
2026-09-19T14:26:45.7171147+09:00,0.0
2026-09-19T14:26:46.0019851+09:00,0.0
2026-09-19T14:26:46.2727540+09:00,0.0
2026-09-19T14:26:46.5550336+09:00,0.0
2026-09-19T14:26:46.8326687+09:00,0.0
2026-09-19T14:26:47.1120235+09:00,0.0
2026-09-19T14:26:47.3793172+09:00,0.0
2026-09-19T14:26:47.6741767+09:00,0.0
2026-09-19T14:26:47.9515272+09:00,0.0
2026-09-19T14:26:48.2471875+09:00,0.0
2026-09-19T14:26:48.5219890+09:00,0.0
2026-09-19T14:26:48.7949490+09:00,0.0
2026-09-19T14:26:49.0773331+09:00,0.0
2026-09-19T14:26:49.3641914+09:00,0.0
2026-09-19T14:26:49.6167875+09:00,0.0
2026-09-19T14:26:49.9041812+09:00,0.0
2026-09-19T14:26:50.1732844+09:00,0.0
2026-09-19T14:26:50.4567518+09:00,0.0
2026-09-19T14:26:50.6984521+09:00,0.0
2026-09-19T14:26:50.9768575+09:00,0.0
2026-09-19T14:26:51.2524538+09:00,0.0
2026-09-19T14:26:51.5020216+09:00,0.0
2026-09-19T14:26:51.7605436+09:00,0.0
2026-09-19T14:26:52.0357567+09:00,0.0
2026-09-19T14:26:52.3005922+09:00,0.0
2026-09-19T14:26:52.5956013+09:00,0.0
2026-09-19T14:26:52.8715204+09:00,0.0
2026-09-19T14:26:53.1439035+09:00,0.0
2026-09-19T14:26:53.4097587+09:00,0.0
2026-09-19T14:26:53.6791690+09:00,0.0
2026-09-19T14:26:53.9545749+09:00,0.0
2026-09-19T14:26:54.2291052+09:00,0.0
2026-09-19T14:26:54.4979416+09:00,0.0
2026-09-19T14:26:54.7804654+09:00,0.0
2026-09-19T14:26:55.0528956+09:00,0.0
2026-09-19T14:26:55.2933924+09:00,0.0
2026-09-19T14:26:55.5749476+09:00,0.0
2026-09-19T14:26:55.8535587+09:00,0.0
2026-09-19T14:26:56.1515781+09:00,0.0
2026-09-19T14:26:56.4243393+09:00,0.0
2026-09-19T14:26:56.6687849+09:00,0.0
2026-09-19T14:26:56.9393411+09:00,0.0
2026-09-19T14:26:57.2198862+09:00,0.0
2026-09-19T14:26:57.4903869+09:00,0.0
2026-09-19T14:26:57.7605180+09:00,0.0
2026-09-19T14:26:58.0251808+09:00,0.0
2026-09-19T14:26:58.3212779+09:00,0.0
2026-09-19T14:26:58.5657841+09:00,0.0
2026-09-19T14:26:58.8330173+09:00,0.0
2026-09-19T14:26:59.1097135+09:00,0.0
2026-09-19T14:26:59.3720950+09:00,0.0
2026-09-19T14:26:59.6549576+09:00,0.0
2026-09-19T14:26:59.9297101+09:00,0.0
2026-09-19T14:27:00.2292522+09:00,0.0
2026-09-19T14:27:00.5023010+09:00,0.0
2026-09-19T14:27:00.7678399+09:00,0.0
2026-09-19T14:27:01.0684842+09:00,0.0
2026-09-19T14:27:01.3436008+09:00,0.0
2026-09-19T14:27:01.6146242+09:00,0.0
2026-09-19T14:27:01.8954986+09:00,0.0
2026-09-19T14:27:02.1803105+09:00,0.0
2026-09-19T14:27:02.4638709+09:00,0.0
2026-09-19T14:27:02.7388496+09:00,0.0
2026-09-19T14:27:03.0453917+09:00,0.0
2026-09-19T14:27:03.3537541+09:00,0.0
2026-09-19T14:27:03.6271592+09:00,0.0
2026-09-19T14:27:03.9005919+09:00,0.0
2026-09-19T14:27:04.2059978+09:00,0.0
2026-09-19T14:27:04.4840161+09:00,0.0
2026-09-19T14:27:04.7604988+09:00,0.0
2026-09-19T14:27:05.0319967+09:00,0.0
2026-09-19T14:27:05.2976652+09:00,0.0
2026-09-19T14:27:05.5737341+09:00,0.0
2026-09-19T14:27:05.8604066+09:00,0.0
2026-09-19T14:27:06.1426826+09:00,0.0
2026-09-19T14:27:06.4232895+09:00,0.0
2026-09-19T14:27:06.7040086+09:00,0.0
2026-09-19T14:27:07.0015804+09:00,0.0
2026-09-19T14:27:07.2732050+09:00,0.0
2026-09-19T14:27:07.5456019+09:00,0.0
2026-09-19T14:27:07.8381681+09:00,0.0
2026-09-19T14:27:08.1236975+09:00,0.0
2026-09-19T14:27:08.3762834+09:00,0.0
2026-09-19T14:27:08.6757273+09:00,0.0
2026-09-19T14:27:08.9568840+09:00,0.0
2026-09-19T14:27:09.2417307+09:00,0.0
2026-09-19T14:27:09.5142527+09:00,0.0
2026-09-19T14:27:09.7996525+09:00,0.0
2026-09-19T14:27:10.0792360+09:00,0.0
2026-09-19T14:27:10.3515792+09:00,0.0
2026-09-19T14:27:10.6208361+09:00,0.0
2026-09-19T14:27:10.9434571+09:00,0.0
2026-09-19T14:27:11.2228419+09:00,0.0
2026-09-19T14:27:11.4956316+09:00,0.0
2026-09-19T14:27:11.7828459+09:00,0.0
2026-09-19T14:27:12.0542903+09:00,0.0
2026-09-19T14:27:12.3340262+09:00,0.0
2026-09-19T14:27:12.6136460+09:00,0.0
2026-09-19T14:27:12.8946333+09:00,0.0
2026-09-19T14:27:13.1870098+09:00,0.0
2026-09-19T14:27:13.4722506+09:00,0.0
2026-09-19T14:27:13.7489150+09:00,0.0
2026-09-19T14:27:14.0124627+09:00,0.0
2026-09-19T14:27:14.2860404+09:00,0.0
2026-09-19T14:27:14.5549582+09:00,0.0
2026-09-19T14:27:14.8807309+09:00,0.0
2026-09-19T14:27:15.1754487+09:00,0.0
2026-09-19T14:27:15.4550544+09:00,0.0
2026-09-19T14:27:15.7360977+09:00,0.0
2026-09-19T14:27:16.0237880+09:00,0.0
2026-09-19T14:27:16.3041868+09:00,0.0
2026-09-19T14:27:16.5826590+09:00,0.0
2026-09-19T14:27:16.8631539+09:00,0.0
2026-09-19T14:27:17.1514815+09:00,0.0
2026-09-19T14:27:17.4413110+09:00,0.0
2026-09-19T14:27:17.7064954+09:00,0.0
2026-09-19T14:27:17.9786651+09:00,0.0
2026-09-19T14:27:18.2675643+09:00,0.0
2026-09-19T14:27:18.5292224+09:00,0.0
2026-09-19T14:27:18.8036363+09:00,0.0
2026-09-19T14:27:19.0770712+09:00,0.0
2026-09-19T14:27:19.3580244+09:00,0.0
2026-09-19T14:27:19.6450808+09:00,0.0
2026-09-19T14:27:19.9104627+09:00,0.0
2026-09-19T14:27:20.1915296+09:00,0.0
2026-09-19T14:27:20.4653728+09:00,0.0
2026-09-19T14:27:20.7191979+09:00,0.0
2026-09-19T14:27:20.9982848+09:00,0.0
2026-09-19T14:27:21.2926448+09:00,0.0
2026-09-19T14:27:21.5716097+09:00,0.0
2026-09-19T14:27:21.8488313+09:00,0.0
2026-09-19T14:27:22.1285465+09:00,0.0
2026-09-19T14:27:22.3986310+09:00,0.0
2026-09-19T14:27:22.7446200+09:00,0.0
2026-09-19T14:27:23.0408518+09:00,0.0
2026-09-19T14:27:23.3299499+09:00,0.0
2026-09-19T14:27:23.6027230+09:00,0.0
2026-09-19T14:27:23.8726541+09:00,0.0
2026-09-19T14:27:24.1464058+09:00,0.0
2026-09-19T14:27:24.4210441+09:00,0.0
2026-09-19T14:27:24.6968760+09:00,0.0
2026-09-19T14:27:24.9913893+09:00,0.0
2026-09-19T14:27:25.2834674+09:00,0.0
2026-09-19T14:27:25.5547655+09:00,0.0
2026-09-19T14:27:25.8521594+09:00,0.0
2026-09-19T14:27:26.1621750+09:00,0.0
2026-09-19T14:27:26.4417314+09:00,0.0
2026-09-19T14:27:26.7042787+09:00,0.0
2026-09-19T14:27:27.0022729+09:00,0.0
2026-09-19T14:27:27.2754577+09:00,0.0
2026-09-19T14:27:27.5537142+09:00,0.0
2026-09-19T14:27:27.8192533+09:00,0.0
2026-09-19T14:27:28.0678764+09:00,0.0
2026-09-19T14:27:28.3456500+09:00,0.0
2026-09-19T14:27:28.6281381+09:00,0.0
2026-09-19T14:27:28.9028223+09:00,0.0
2026-09-19T14:27:29.1622906+09:00,0.0
2026-09-19T14:27:29.4345673+09:00,0.0
2026-09-19T14:27:29.7155909+09:00,0.0
2026-09-19T14:27:29.9972928+09:00,0.0
2026-09-19T14:27:30.2770017+09:00,0.0
2026-09-19T14:27:30.5401474+09:00,0.0
2026-09-19T14:27:30.8278018+09:00,0.0
2026-09-19T14:27:31.1133678+09:00,0.0
2026-09-19T14:27:31.3924061+09:00,0.0
2026-09-19T14:27:31.6894649+09:00,0.0
2026-09-19T14:27:31.9611204+09:00,0.0
2026-09-19T14:27:32.2354014+09:00,0.0
2026-09-19T14:27:32.5193992+09:00,0.0
2026-09-19T14:27:32.7936935+09:00,0.0
2026-09-19T14:27:33.0626106+09:00,0.0
2026-09-19T14:27:33.3105545+09:00,0.0
2026-09-19T14:27:33.5824190+09:00,0.0
2026-09-19T14:27:33.9005550+09:00,0.0
2026-09-19T14:27:34.2469045+09:00,0.0
2026-09-19T14:27:34.5896851+09:00,0.0
2026-09-19T14:27:34.8722423+09:00,0.0
2026-09-19T14:27:35.1667668+09:00,0.0
2026-09-19T14:27:35.4167649+09:00,0.0
2026-09-19T14:27:35.6950852+09:00,0.0
2026-09-19T14:27:35.9902803+09:00,0.0
2026-09-19T14:27:36.2867418+09:00,0.0
2026-09-19T14:27:36.5651091+09:00,0.0
2026-09-19T14:27:36.8543404+09:00,0.0
2026-09-19T14:27:37.1316137+09:00,0.0
2026-09-19T14:27:37.4128073+09:00,0.0
2026-09-19T14:27:37.6915420+09:00,0.0
2026-09-19T14:27:37.9778914+09:00,0.0
2026-09-19T14:27:38.3160002+09:00,0.0
2026-09-19T14:27:38.5959595+09:00,0.0
2026-09-19T14:27:38.8615019+09:00,0.0
2026-09-19T14:27:39.1139802+09:00,0.0
2026-09-19T14:27:39.3937388+09:00,0.0
2026-09-19T14:27:39.6729627+09:00,0.0
2026-09-19T14:27:39.9462200+09:00,0.0
2026-09-19T14:27:40.2220016+09:00,0.0
2026-09-19T14:27:40.4849928+09:00,0.0
2026-09-19T14:27:40.7621642+09:00,0.0
2026-09-19T14:27:41.0510693+09:00,0.0
2026-09-19T14:27:41.3608156+09:00,0.0
2026-09-19T14:27:41.6397676+09:00,0.0
2026-09-19T14:27:41.8762280+09:00,0.0
2026-09-19T14:27:42.1893621+09:00,0.0
2026-09-19T14:27:42.4601954+09:00,0.0
2026-09-19T14:27:42.7416104+09:00,0.0
2026-09-19T14:27:43.0367020+09:00,0.0
2026-09-19T14:27:43.3182270+09:00,0.0
2026-09-19T14:27:43.6003329+09:00,0.0
2026-09-19T14:27:43.8828063+09:00,0.0
2026-09-19T14:27:44.1576565+09:00,0.0
2026-09-19T14:27:44.4274718+09:00,0.0
2026-09-19T14:27:44.6936270+09:00,0.0
2026-09-19T14:27:44.9674013+09:00,0.0
2026-09-19T14:27:45.2463436+09:00,0.0
2026-09-19T14:27:45.5141630+09:00,0.0
2026-09-19T14:27:45.8179674+09:00,0.0
2026-09-19T14:27:46.0973845+09:00,0.0
2026-09-19T14:27:46.3758383+09:00,0.0
2026-09-19T14:27:46.6499492+09:00,0.0
2026-09-19T14:27:46.9586550+09:00,0.0
2026-09-19T14:27:47.2520219+09:00,0.0
2026-09-19T14:27:47.5760383+09:00,0.0
2026-09-19T14:27:47.8833761+09:00,0.0
2026-09-19T14:27:48.1656293+09:00,0.0
2026-09-19T14:27:48.4487114+09:00,0.0
2026-09-19T14:27:48.7181915+09:00,0.0
2026-09-19T14:27:48.9942299+09:00,0.0
2026-09-19T14:27:49.2955719+09:00,0.0
2026-09-19T14:27:49.5890964+09:00,0.0
2026-09-19T14:27:49.8792828+09:00,0.0
2026-09-19T14:27:50.1496447+09:00,0.0
2026-09-19T14:27:50.3902373+09:00,0.0
2026-09-19T14:27:50.6718633+09:00,0.0
2026-09-19T14:27:50.9534989+09:00,0.0
2026-09-19T14:27:51.2299183+09:00,0.0
2026-09-19T14:27:51.4946833+09:00,0.0
2026-09-19T14:27:51.7873229+09:00,0.0
2026-09-19T14:27:52.0552799+09:00,0.0
2026-09-19T14:27:52.3182844+09:00,0.0
2026-09-19T14:27:52.6001010+09:00,0.0
2026-09-19T14:27:52.8976656+09:00,0.0
2026-09-19T14:27:53.1895603+09:00,0.0
2026-09-19T14:27:53.4711651+09:00,0.0
2026-09-19T14:27:53.7550144+09:00,0.0
2026-09-19T14:27:54.0346387+09:00,0.0
2026-09-19T14:27:54.3303340+09:00,0.0
2026-09-19T14:27:54.6232074+09:00,0.0
2026-09-19T14:27:54.9057679+09:00,0.0
2026-09-19T14:27:55.1811818+09:00,0.0
2026-09-19T14:27:55.4480741+09:00,0.0
2026-09-19T14:27:55.7390863+09:00,0.0
2026-09-19T14:27:56.0420952+09:00,0.0
2026-09-19T14:27:56.3085282+09:00,0.0
2026-09-19T14:27:56.5930422+09:00,0.0
2026-09-19T14:27:56.8798566+09:00,0.0
2026-09-19T14:27:57.2154065+09:00,0.0
2026-09-19T14:27:57.5560326+09:00,0.0
2026-09-19T14:27:57.8363899+09:00,0.0
2026-09-19T14:27:58.1379231+09:00,0.0
2026-09-19T14:27:58.4175091+09:00,0.0
2026-09-19T14:27:58.7028404+09:00,0.0
2026-09-19T14:27:58.9846678+09:00,0.0
2026-09-19T14:27:59.2575222+09:00,0.0
2026-09-19T14:27:59.5361801+09:00,0.0
2026-09-19T14:27:59.8239682+09:00,0.0
2026-09-19T14:28:00.0944526+09:00,0.0
2026-09-19T14:28:00.3900817+09:00,0.0
2026-09-19T14:28:00.6642316+09:00,0.0
2026-09-19T14:28:00.9251554+09:00,0.0
2026-09-19T14:28:01.2112422+09:00,0.0
2026-09-19T14:28:01.4927621+09:00,0.0
2026-09-19T14:28:01.7543690+09:00,0.0
2026-09-19T14:28:02.0218172+09:00,0.0
2026-09-19T14:28:02.2928956+09:00,0.0
2026-09-19T14:28:02.5799206+09:00,0.0
2026-09-19T14:28:02.8507303+09:00,0.0
2026-09-19T14:28:03.1326915+09:00,0.0
2026-09-19T14:28:03.3970202+09:00,0.0
2026-09-19T14:28:03.6791049+09:00,0.0
2026-09-19T14:28:03.9602547+09:00,0.0
2026-09-19T14:28:04.2539616+09:00,0.0
2026-09-19T14:28:04.5018478+09:00,0.0
2026-09-19T14:28:04.8021890+09:00,0.0
2026-09-19T14:28:05.0905394+09:00,0.0
2026-09-19T14:28:05.3827149+09:00,0.0
2026-09-19T14:28:05.6480541+09:00,0.0
2026-09-19T14:28:05.9120029+09:00,0.0
2026-09-19T14:28:06.2082220+09:00,0.0
2026-09-19T14:28:06.4914097+09:00,0.0
2026-09-19T14:28:06.7727786+09:00,0.0
2026-09-19T14:28:07.0541531+09:00,0.0
2026-09-19T14:28:07.3179319+09:00,0.0
2026-09-19T14:28:07.5881455+09:00,0.0
2026-09-19T14:28:07.8700534+09:00,0.0
2026-09-19T14:28:08.1408320+09:00,0.0
2026-09-19T14:28:08.4311491+09:00,0.0
2026-09-19T14:28:08.7552112+09:00,0.0
2026-09-19T14:28:09.0532202+09:00,0.0
2026-09-19T14:28:09.3473075+09:00,0.0
2026-09-19T14:28:09.6432365+09:00,0.0
2026-09-19T14:28:09.9408796+09:00,0.0
2026-09-19T14:28:10.2257110+09:00,0.0
2026-09-19T14:28:10.5110257+09:00,0.0
2026-09-19T14:28:10.7936054+09:00,0.0
2026-09-19T14:28:11.1092348+09:00,0.0
2026-09-19T14:28:11.3862417+09:00,0.0
2026-09-19T14:28:11.6570346+09:00,0.0
2026-09-19T14:28:11.9408227+09:00,0.0
2026-09-19T14:28:12.2086458+09:00,0.0
2026-09-19T14:28:12.5094218+09:00,0.0
2026-09-19T14:28:12.7664270+09:00,0.0
2026-09-19T14:28:13.0749310+09:00,0.0
2026-09-19T14:28:13.3557842+09:00,0.0
2026-09-19T14:28:13.6404698+09:00,0.0
2026-09-19T14:28:13.9182341+09:00,0.0
2026-09-19T14:28:14.2322973+09:00,0.0
2026-09-19T14:28:14.5120516+09:00,0.0
2026-09-19T14:28:14.7908361+09:00,0.0
2026-09-19T14:28:15.0722975+09:00,0.0
2026-09-19T14:28:15.3575827+09:00,0.0
2026-09-19T14:28:15.6395948+09:00,0.0
2026-09-19T14:28:15.9182849+09:00,0.0
2026-09-19T14:28:16.1969238+09:00,0.0
2026-09-19T14:28:16.4846331+09:00,0.0
2026-09-19T14:28:16.7602751+09:00,0.0
2026-09-19T14:28:17.0105195+09:00,0.0
2026-09-19T14:28:17.2748873+09:00,0.0
2026-09-19T14:28:17.5402839+09:00,0.0
2026-09-19T14:28:17.8186139+09:00,0.0
2026-09-19T14:28:18.0951608+09:00,0.0
2026-09-19T14:28:18.4064921+09:00,0.0
2026-09-19T14:28:18.7088913+09:00,0.0
2026-09-19T14:28:18.9956928+09:00,0.0
2026-09-19T14:28:19.2778083+09:00,0.0
2026-09-19T14:28:19.5609334+09:00,0.0
2026-09-19T14:28:19.8821452+09:00,0.0
2026-09-19T14:28:20.1592307+09:00,0.0
2026-09-19T14:28:20.4535175+09:00,0.0
2026-09-19T14:28:20.7566422+09:00,0.0
2026-09-19T14:28:21.0384917+09:00,0.0
2026-09-19T14:28:21.3079064+09:00,0.0
2026-09-19T14:28:21.5913086+09:00,0.0
2026-09-19T14:28:21.8815266+09:00,0.0
2026-09-19T14:28:22.1255911+09:00,0.0
2026-09-19T14:28:22.3705007+09:00,0.0
2026-09-19T14:28:22.6394106+09:00,0.0
2026-09-19T14:28:22.9338645+09:00,0.0
2026-09-19T14:28:23.2103446+09:00,0.0
2026-09-19T14:28:23.4936356+09:00,0.0
2026-09-19T14:28:23.7641355+09:00,0.0
2026-09-19T14:28:24.0390901+09:00,0.0
2026-09-19T14:28:24.3403016+09:00,0.0
2026-09-19T14:28:24.6313852+09:00,0.0
2026-09-19T14:28:24.9174608+09:00,0.0
2026-09-19T14:28:25.2198700+09:00,0.0
2026-09-19T14:28:25.4686668+09:00,0.0
2026-09-19T14:28:25.7353093+09:00,0.0
2026-09-19T14:28:26.0452795+09:00,0.0
2026-09-19T14:28:26.3320626+09:00,0.0
2026-09-19T14:28:26.6048205+09:00,0.0
2026-09-19T14:28:26.9317555+09:00,0.0
2026-09-19T14:28:27.1962941+09:00,0.0
2026-09-19T14:28:27.4562019+09:00,0.0
2026-09-19T14:28:27.7297647+09:00,0.0
2026-09-19T14:28:27.9939318+09:00,0.0
2026-09-19T14:28:28.2801413+09:00,0.0
2026-09-19T14:28:28.5487909+09:00,0.0
2026-09-19T14:28:28.8266769+09:00,0.0
2026-09-19T14:28:29.1022795+09:00,0.0
2026-09-19T14:28:29.4023386+09:00,0.0
2026-09-19T14:28:29.6800424+09:00,0.0
2026-09-19T14:28:29.9604945+09:00,0.0
2026-09-19T14:28:30.2198289+09:00,0.0
2026-09-19T14:28:30.5034945+09:00,0.0
2026-09-19T14:28:30.7843729+09:00,0.0
2026-09-19T14:28:31.0643204+09:00,0.0
2026-09-19T14:28:31.3369555+09:00,0.0
2026-09-19T14:28:31.6039347+09:00,0.0
2026-09-19T14:28:31.8385954+09:00,0.0
2026-09-19T14:28:32.0887763+09:00,0.0
2026-09-19T14:28:32.3643584+09:00,0.0
2026-09-19T14:28:32.6603815+09:00,0.0
2026-09-19T14:28:32.9414125+09:00,0.0
2026-09-19T14:28:33.2375029+09:00,0.0
2026-09-19T14:28:33.5183510+09:00,0.0
2026-09-19T14:28:33.7972214+09:00,0.0
2026-09-19T14:28:34.0728486+09:00,0.0
2026-09-19T14:28:34.3730711+09:00,0.0
2026-09-19T14:28:34.6200776+09:00,0.0
2026-09-19T14:28:34.8940240+09:00,0.0
2026-09-19T14:28:35.1738151+09:00,0.0
2026-09-19T14:28:35.4368143+09:00,0.0
2026-09-19T14:28:35.6862155+09:00,0.0
2026-09-19T14:28:35.9708710+09:00,0.0
2026-09-19T14:28:36.2673752+09:00,0.0
2026-09-19T14:28:36.5497048+09:00,0.0
2026-09-19T14:28:36.8336538+09:00,0.0
2026-09-19T14:28:37.1247928+09:00,0.0
2026-09-19T14:28:37.4056262+09:00,0.0
2026-09-19T14:28:37.6866937+09:00,0.0
2026-09-19T14:28:37.9515951+09:00,0.0
2026-09-19T14:28:38.2290470+09:00,0.0
2026-09-19T14:28:38.4953049+09:00,0.0
2026-09-19T14:28:38.7707825+09:00,0.0
2026-09-19T14:28:39.0608032+09:00,0.0
2026-09-19T14:28:39.3598380+09:00,0.0
2026-09-19T14:28:39.6516622+09:00,0.0
2026-09-19T14:28:39.9276972+09:00,0.0
2026-09-19T14:28:40.2004320+09:00,0.0
2026-09-19T14:28:40.4701751+09:00,0.0
2026-09-19T14:28:40.7408296+09:00,0.0
2026-09-19T14:28:41.0154750+09:00,0.0
2026-09-19T14:28:41.2942291+09:00,0.0
2026-09-19T14:28:41.5743135+09:00,0.0
2026-09-19T14:28:41.8521074+09:00,0.0
2026-09-19T14:28:42.1228071+09:00,0.0
2026-09-19T14:28:42.4011812+09:00,0.0
2026-09-19T14:28:42.6486983+09:00,0.0
2026-09-19T14:28:42.9233398+09:00,0.0
2026-09-19T14:28:43.2269271+09:00,0.0
2026-09-19T14:28:43.5009860+09:00,0.0
2026-09-19T14:28:43.7769429+09:00,0.0
2026-09-19T14:28:44.0334743+09:00,0.0
2026-09-19T14:28:44.3138817+09:00,0.0
2026-09-19T14:28:44.5942551+09:00,0.0
2026-09-19T14:28:44.9207143+09:00,0.0
2026-09-19T14:28:45.2169893+09:00,0.0
2026-09-19T14:28:45.5287184+09:00,0.0
2026-09-19T14:28:45.8285809+09:00,0.0
2026-09-19T14:28:46.1089990+09:00,0.0
2026-09-19T14:28:46.3918532+09:00,0.0
2026-09-19T14:28:46.6661688+09:00,0.0
2026-09-19T14:28:46.9537441+09:00,0.0
2026-09-19T14:28:47.2457187+09:00,0.0
2026-09-19T14:28:47.4978318+09:00,0.0
2026-09-19T14:28:47.7571696+09:00,0.0
2026-09-19T14:28:48.0418496+09:00,0.0
2026-09-19T14:28:48.3207700+09:00,0.0
2026-09-19T14:28:48.5854766+09:00,0.0
2026-09-19T14:28:48.8577687+09:00,0.0
2026-09-19T14:28:49.1338252+09:00,0.0
2026-09-19T14:28:49.4304332+09:00,0.0
2026-09-19T14:28:49.7261738+09:00,0.0
2026-09-19T14:28:49.9991869+09:00,0.0
2026-09-19T14:28:50.2804605+09:00,0.0
2026-09-19T14:28:50.5616695+09:00,0.0
2026-09-19T14:28:50.8407977+09:00,0.0
2026-09-19T14:28:51.0928639+09:00,0.0
2026-09-19T14:28:51.3350536+09:00,0.0
2026-09-19T14:28:51.6194850+09:00,0.0
2026-09-19T14:28:51.9034856+09:00,0.0
2026-09-19T14:28:52.1848939+09:00,0.0
2026-09-19T14:28:52.4487744+09:00,0.0
2026-09-19T14:28:52.7488262+09:00,0.0
2026-09-19T14:28:53.0261268+09:00,0.0
2026-09-19T14:28:53.3249419+09:00,0.0
2026-09-19T14:28:53.6164796+09:00,0.0
2026-09-19T14:28:53.8995543+09:00,0.0
2026-09-19T14:28:54.1793880+09:00,0.0
2026-09-19T14:28:54.4576143+09:00,0.0
2026-09-19T14:28:54.7166753+09:00,0.0
2026-09-19T14:28:55.0003818+09:00,0.0
2026-09-19T14:28:55.2965063+09:00,0.0
2026-09-19T14:28:55.5396952+09:00,0.0
2026-09-19T14:28:55.8678767+09:00,0.0
2026-09-19T14:28:56.1486657+09:00,0.0
2026-09-19T14:28:56.4317681+09:00,0.0
2026-09-19T14:28:56.7183212+09:00,0.0
2026-09-19T14:28:57.0147623+09:00,0.0
2026-09-19T14:28:57.2957364+09:00,0.0
2026-09-19T14:28:57.5736563+09:00,0.0
2026-09-19T14:28:57.8627140+09:00,0.0
2026-09-19T14:28:58.1416806+09:00,0.0
2026-09-19T14:28:58.4224347+09:00,0.0
2026-09-19T14:28:58.7026512+09:00,0.0
2026-09-19T14:28:58.9809381+09:00,0.0
2026-09-19T14:28:59.2617580+09:00,0.0
2026-09-19T14:28:59.5535500+09:00,0.0
2026-09-19T14:28:59.8213890+09:00,0.0
2026-09-19T14:29:00.1207009+09:00,0.0
2026-09-19T14:29:00.4212087+09:00,0.0
2026-09-19T14:29:00.7094299+09:00,0.0
2026-09-19T14:29:01.0205617+09:00,0.0
2026-09-19T14:29:01.2933987+09:00,0.0
2026-09-19T14:29:01.5662531+09:00,0.0
2026-09-19T14:29:01.8487736+09:00,0.0
2026-09-19T14:29:02.1456133+09:00,0.0
2026-09-19T14:29:02.4278200+09:00,0.0
2026-09-19T14:29:02.7254439+09:00,0.0
2026-09-19T14:29:03.0197871+09:00,0.0
2026-09-19T14:29:03.2932053+09:00,0.0
2026-09-19T14:29:03.5637064+09:00,0.0
2026-09-19T14:29:03.8498510+09:00,0.0
2026-09-19T14:29:04.1068665+09:00,0.0
2026-09-19T14:29:04.4215691+09:00,0.0
2026-09-19T14:29:04.6926240+09:00,0.0
2026-09-19T14:29:04.9787610+09:00,0.0
2026-09-19T14:29:05.2750871+09:00,0.0
2026-09-19T14:29:05.5547750+09:00,0.0
2026-09-19T14:29:05.8522017+09:00,0.0
2026-09-19T14:29:06.1918452+09:00,0.0
2026-09-19T14:29:06.4760667+09:00,0.0
2026-09-19T14:29:06.7566556+09:00,0.0
2026-09-19T14:29:07.0269084+09:00,0.0
2026-09-19T14:29:07.3086139+09:00,0.0
2026-09-19T14:29:07.5762980+09:00,0.0
2026-09-19T14:29:07.8535224+09:00,0.0
2026-09-19T14:29:08.1061091+09:00,0.0
2026-09-19T14:29:08.3728485+09:00,0.0
2026-09-19T14:29:08.6539016+09:00,0.0
2026-09-19T14:29:08.9287181+09:00,0.0
2026-09-19T14:29:09.1898835+09:00,0.0
2026-09-19T14:29:09.4522831+09:00,0.0
2026-09-19T14:29:09.7361614+09:00,0.0
2026-09-19T14:29:10.0043417+09:00,0.0
2026-09-19T14:29:10.2685382+09:00,0.0
2026-09-19T14:29:10.5497976+09:00,0.0
2026-09-19T14:29:10.8414554+09:00,0.0
2026-09-19T14:29:11.1217072+09:00,0.0
2026-09-19T14:29:11.3948607+09:00,0.0
2026-09-19T14:29:11.6684854+09:00,0.0
2026-09-19T14:29:11.9545872+09:00,0.0
2026-09-19T14:29:12.2617823+09:00,0.0
2026-09-19T14:29:12.5495464+09:00,0.0
2026-09-19T14:29:12.8302195+09:00,0.0
2026-09-19T14:29:13.1252339+09:00,0.0
2026-09-19T14:29:13.4072684+09:00,0.0
2026-09-19T14:29:13.6861924+09:00,0.0
2026-09-19T14:29:13.9684233+09:00,0.0
2026-09-19T14:29:14.2444018+09:00,0.0
2026-09-19T14:29:14.5116362+09:00,0.0
2026-09-19T14:29:14.7949918+09:00,0.0
2026-09-19T14:29:15.0751261+09:00,0.0
2026-09-19T14:29:15.3559500+09:00,0.0
2026-09-19T14:29:15.6538287+09:00,0.0
2026-09-19T14:29:15.9355368+09:00,0.0
2026-09-19T14:29:16.2128714+09:00,0.0
2026-09-19T14:29:16.4962658+09:00,0.0
2026-09-19T14:29:16.7754064+09:00,0.0
2026-09-19T14:29:17.0431775+09:00,0.0
2026-09-19T14:29:17.3144908+09:00,0.0
2026-09-19T14:29:17.5948017+09:00,0.0
2026-09-19T14:29:17.8747179+09:00,0.0
2026-09-19T14:29:18.1510613+09:00,0.0
2026-09-19T14:29:18.4501645+09:00,0.0
2026-09-19T14:29:18.7150361+09:00,0.0
2026-09-19T14:29:19.0110778+09:00,0.0
2026-09-19T14:29:19.2944242+09:00,0.0
2026-09-19T14:29:19.5648026+09:00,0.0
2026-09-19T14:29:19.8601579+09:00,0.0
2026-09-19T14:29:20.1270076+09:00,0.0
2026-09-19T14:29:20.4189679+09:00,0.0
2026-09-19T14:29:20.6990132+09:00,0.0
2026-09-19T14:29:20.9771516+09:00,0.0
2026-09-19T14:29:21.2634563+09:00,0.0
2026-09-19T14:29:21.5339667+09:00,0.0
2026-09-19T14:29:21.7967576+09:00,0.0
2026-09-19T14:29:22.0464848+09:00,0.0
2026-09-19T14:29:22.3464608+09:00,0.0
2026-09-19T14:29:22.6305037+09:00,0.0
2026-09-19T14:29:22.9128432+09:00,0.0
2026-09-19T14:29:23.1606674+09:00,0.0
2026-09-19T14:29:23.4386619+09:00,0.0
2026-09-19T14:29:23.7202872+09:00,0.0
2026-09-19T14:29:24.0058673+09:00,0.0
2026-09-19T14:29:24.2805644+09:00,0.0
2026-09-19T14:29:24.5691414+09:00,0.0
2026-09-19T14:29:24.8490118+09:00,0.0
2026-09-19T14:29:25.1338671+09:00,0.0
2026-09-19T14:29:25.3867849+09:00,0.0
2026-09-19T14:29:25.6648771+09:00,0.0
2026-09-19T14:29:25.9254490+09:00,0.0
2026-09-19T14:29:26.1961467+09:00,0.0
2026-09-19T14:29:26.4754124+09:00,0.0
2026-09-19T14:29:26.7874516+09:00,0.0
2026-09-19T14:29:27.0939797+09:00,0.0
2026-09-19T14:29:27.3656850+09:00,0.0
2026-09-19T14:29:27.6292189+09:00,0.0
2026-09-19T14:29:27.8939193+09:00,0.0
2026-09-19T14:29:28.1701052+09:00,0.0
2026-09-19T14:29:28.4278684+09:00,0.0
2026-09-19T14:29:28.7153964+09:00,0.0
2026-09-19T14:29:29.0153535+09:00,0.0
2026-09-19T14:29:29.2985047+09:00,0.0
2026-09-19T14:29:29.5913375+09:00,0.0
2026-09-19T14:29:29.8793007+09:00,0.0
2026-09-19T14:29:30.1677279+09:00,0.0
2026-09-19T14:29:30.4270633+09:00,0.0
2026-09-19T14:29:30.7226571+09:00,0.0
2026-09-19T14:29:31.0177875+09:00,0.0
2026-09-19T14:29:31.2967685+09:00,0.0
2026-09-19T14:29:31.5738888+09:00,0.0
2026-09-19T14:29:31.8713287+09:00,0.0
2026-09-19T14:29:32.1690672+09:00,0.0
2026-09-19T14:29:32.4364174+09:00,0.0
2026-09-19T14:29:32.7110695+09:00,0.0
2026-09-19T14:29:32.9855105+09:00,0.0
2026-09-19T14:29:33.2616555+09:00,0.0
2026-09-19T14:29:33.5544088+09:00,0.0
2026-09-19T14:29:33.8321601+09:00,0.0
2026-09-19T14:29:34.1018810+09:00,0.0
2026-09-19T14:29:34.3870661+09:00,0.0
2026-09-19T14:29:34.6576827+09:00,0.0
2026-09-19T14:29:34.9312041+09:00,0.0
2026-09-19T14:29:35.2043711+09:00,0.0
2026-09-19T14:29:35.4998686+09:00,0.0
2026-09-19T14:29:35.7892548+09:00,0.0
2026-09-19T14:29:36.0955165+09:00,0.0
2026-09-19T14:29:36.3745277+09:00,0.0
2026-09-19T14:29:36.6555076+09:00,0.0
2026-09-19T14:29:36.9361894+09:00,0.0
2026-09-19T14:29:37.2109231+09:00,0.0
2026-09-19T14:29:37.4845278+09:00,0.0
2026-09-19T14:29:37.7563997+09:00,0.0
2026-09-19T14:29:38.0293624+09:00,0.0
2026-09-19T14:29:38.2757197+09:00,0.0
2026-09-19T14:29:38.5462737+09:00,0.0
2026-09-19T14:29:38.8193193+09:00,0.0
2026-09-19T14:29:39.1085490+09:00,0.0
2026-09-19T14:29:39.3942269+09:00,0.0
2026-09-19T14:29:39.6504543+09:00,0.0
2026-09-19T14:29:39.9277903+09:00,0.0
2026-09-19T14:29:40.1958469+09:00,0.0
2026-09-19T14:29:40.4770590+09:00,0.0
2026-09-19T14:29:40.7419619+09:00,0.0
2026-09-19T14:29:41.0366449+09:00,0.0
2026-09-19T14:29:41.3168448+09:00,0.0
2026-09-19T14:29:41.6069732+09:00,0.0
2026-09-19T14:29:41.9020550+09:00,0.0
2026-09-19T14:29:42.1825484+09:00,0.0
2026-09-19T14:29:42.4603790+09:00,0.0
2026-09-19T14:29:42.7546079+09:00,0.0
2026-09-19T14:29:43.0334174+09:00,0.0
2026-09-19T14:29:43.3026061+09:00,0.0
2026-09-19T14:29:43.5849613+09:00,0.0
2026-09-19T14:29:43.8786364+09:00,0.0
2026-09-19T14:29:44.1451741+09:00,0.0
2026-09-19T14:29:44.4344474+09:00,0.0
2026-09-19T14:29:44.7130805+09:00,0.0
2026-09-19T14:29:44.9869519+09:00,0.0
2026-09-19T14:29:45.2678402+09:00,0.0
2026-09-19T14:29:45.5825431+09:00,0.0
2026-09-19T14:29:45.8476367+09:00,0.0
2026-09-19T14:29:46.1261101+09:00,0.0
2026-09-19T14:29:46.4064814+09:00,0.0
2026-09-19T14:29:46.7301061+09:00,0.0
2026-09-19T14:29:46.9799580+09:00,0.0
2026-09-19T14:29:47.2517485+09:00,0.0
2026-09-19T14:29:47.5207457+09:00,0.0
2026-09-19T14:29:47.8032405+09:00,0.0
2026-09-19T14:29:48.0979765+09:00,0.0
2026-09-19T14:29:48.4093448+09:00,0.0
2026-09-19T14:29:48.7066325+09:00,0.0
2026-09-19T14:29:48.9846063+09:00,0.0
2026-09-19T14:29:49.2826330+09:00,0.0
2026-09-19T14:29:49.5548402+09:00,0.0
2026-09-19T14:29:49.8405127+09:00,0.0
2026-09-19T14:29:50.1339745+09:00,0.0
2026-09-19T14:29:50.4289366+09:00,0.0
2026-09-19T14:29:50.7126316+09:00,0.0
2026-09-19T14:29:50.9941795+09:00,0.0
2026-09-19T14:29:51.2697069+09:00,0.0
2026-09-19T14:29:51.5363119+09:00,0.0
2026-09-19T14:29:51.8169964+09:00,0.0
2026-09-19T14:29:52.0848835+09:00,0.0
2026-09-19T14:29:52.3654348+09:00,0.0
2026-09-19T14:29:52.6399235+09:00,0.0
2026-09-19T14:29:52.9202206+09:00,0.0
2026-09-19T14:29:53.2017545+09:00,0.0
2026-09-19T14:29:53.4936746+09:00,0.0
2026-09-19T14:29:53.7678673+09:00,0.0
2026-09-19T14:29:54.0405657+09:00,0.0
2026-09-19T14:29:54.3112782+09:00,0.0
2026-09-19T14:29:54.5905426+09:00,0.0
2026-09-19T14:29:54.8752210+09:00,0.0
2026-09-19T14:29:55.1600236+09:00,0.0
2026-09-19T14:29:55.4552087+09:00,0.0
2026-09-19T14:29:55.7476469+09:00,0.0
2026-09-19T14:29:56.0458437+09:00,0.0
2026-09-19T14:29:56.3540135+09:00,0.0
2026-09-19T14:29:56.6350024+09:00,0.0
2026-09-19T14:29:56.9084521+09:00,0.0
2026-09-19T14:29:57.1702325+09:00,0.0
2026-09-19T14:29:57.4799122+09:00,0.0
2026-09-19T14:29:57.8009768+09:00,0.0
2026-09-19T14:29:58.0823953+09:00,0.0
2026-09-19T14:29:58.3783267+09:00,0.0
2026-09-19T14:29:58.6517418+09:00,0.0
2026-09-19T14:29:58.9435288+09:00,0.0
2026-09-19T14:29:59.2196433+09:00,0.0
2026-09-19T14:29:59.5076451+09:00,0.0
2026-09-19T14:29:59.7903225+09:00,0.0
2026-09-19T14:30:00.0884087+09:00,0.0
2026-09-19T14:30:00.3594723+09:00,0.0
2026-09-19T14:30:00.6335084+09:00,0.0
2026-09-19T14:30:00.9041654+09:00,0.0
2026-09-19T14:30:01.1733828+09:00,0.0
2026-09-19T14:30:01.4709002+09:00,0.0
2026-09-19T14:30:01.7489113+09:00,0.0
2026-09-19T14:30:02.0305035+09:00,0.0
2026-09-19T14:30:02.3019646+09:00,0.0
2026-09-19T14:30:02.5513317+09:00,0.0
2026-09-19T14:30:02.8698715+09:00,0.0
2026-09-19T14:30:03.1596658+09:00,0.0
2026-09-19T14:30:03.4382431+09:00,0.0
2026-09-19T14:30:03.7354704+09:00,0.0
2026-09-19T14:30:04.0187604+09:00,0.0
2026-09-19T14:30:04.3015463+09:00,0.0
2026-09-19T14:30:04.5823439+09:00,0.0
2026-09-19T14:30:04.8539779+09:00,0.0
2026-09-19T14:30:05.1316543+09:00,0.0
2026-09-19T14:30:05.3964524+09:00,0.0
2026-09-19T14:30:05.6756252+09:00,0.0
2026-09-19T14:30:05.9593561+09:00,0.0
2026-09-19T14:30:06.2692552+09:00,0.0
2026-09-19T14:30:06.5550551+09:00,0.0
2026-09-19T14:30:06.8441951+09:00,0.0
2026-09-19T14:30:07.1202249+09:00,0.0
2026-09-19T14:30:07.3937940+09:00,0.0
2026-09-19T14:30:07.6899846+09:00,0.0
2026-09-19T14:30:07.9710051+09:00,0.0
2026-09-19T14:30:08.2416748+09:00,0.0
2026-09-19T14:30:08.5311228+09:00,0.0
2026-09-19T14:30:08.8109068+09:00,0.0
2026-09-19T14:30:09.0782217+09:00,0.0
2026-09-19T14:30:09.3500261+09:00,0.0
2026-09-19T14:30:09.6276231+09:00,0.0
2026-09-19T14:30:09.9128603+09:00,0.0
2026-09-19T14:30:10.1940739+09:00,0.0
2026-09-19T14:30:10.4772068+09:00,0.0
2026-09-19T14:30:10.7442819+09:00,0.0
2026-09-19T14:30:10.9845664+09:00,0.0
2026-09-19T14:30:11.2365218+09:00,0.0
2026-09-19T14:30:11.5120354+09:00,0.0
2026-09-19T14:30:11.7909550+09:00,0.0
2026-09-19T14:30:12.0773565+09:00,0.0
2026-09-19T14:30:12.3425141+09:00,0.0
2026-09-19T14:30:12.6299498+09:00,0.0
2026-09-19T14:30:12.9173357+09:00,0.0
2026-09-19T14:30:13.2136914+09:00,0.0
2026-09-19T14:30:13.4690646+09:00,0.0
2026-09-19T14:30:13.7652217+09:00,0.0
2026-09-19T14:30:14.0454994+09:00,0.0
2026-09-19T14:30:14.2932844+09:00,0.0
2026-09-19T14:30:14.5587188+09:00,0.0
2026-09-19T14:30:14.8325157+09:00,0.0
2026-09-19T14:30:15.1068741+09:00,0.0
2026-09-19T14:30:15.3824431+09:00,0.0
2026-09-19T14:30:15.6941864+09:00,0.0
2026-09-19T14:30:15.9600509+09:00,0.0
2026-09-19T14:30:16.2546593+09:00,0.0
2026-09-19T14:30:16.5346674+09:00,0.0
2026-09-19T14:30:16.7996019+09:00,0.0
2026-09-19T14:30:17.0789846+09:00,0.0
2026-09-19T14:30:17.3460980+09:00,0.0
2026-09-19T14:30:17.6478669+09:00,0.0
2026-09-19T14:30:17.9429566+09:00,0.0
2026-09-19T14:30:18.2226781+09:00,0.0
2026-09-19T14:30:18.5003728+09:00,0.0
2026-09-19T14:30:18.7802893+09:00,0.0
2026-09-19T14:30:19.1264174+09:00,0.0
2026-09-19T14:30:19.4703844+09:00,0.0
2026-09-19T14:30:19.7572121+09:00,0.0
2026-09-19T14:30:20.0420737+09:00,0.0
2026-09-19T14:30:20.3329383+09:00,0.0
2026-09-19T14:30:20.6322869+09:00,0.0
2026-09-19T14:30:20.9516004+09:00,0.0
2026-09-19T14:30:21.2258000+09:00,0.0
2026-09-19T14:30:21.5022745+09:00,0.0
2026-09-19T14:30:21.7916604+09:00,0.0
2026-09-19T14:30:22.0924383+09:00,0.0
2026-09-19T14:30:22.3686323+09:00,0.0
2026-09-19T14:30:22.6418668+09:00,0.0
2026-09-19T14:30:22.9372853+09:00,0.0
2026-09-19T14:30:23.2415719+09:00,0.0
2026-09-19T14:30:23.5361432+09:00,0.0
2026-09-19T14:30:23.8337026+09:00,0.0
2026-09-19T14:30:24.1336615+09:00,0.0
2026-09-19T14:30:24.4113057+09:00,0.0
2026-09-19T14:30:24.6757719+09:00,0.0
2026-09-19T14:30:24.9529109+09:00,0.0
2026-09-19T14:30:25.2292935+09:00,0.0
2026-09-19T14:30:25.5144500+09:00,0.0
2026-09-19T14:30:25.7879866+09:00,0.0
2026-09-19T14:30:26.0547372+09:00,0.0
2026-09-19T14:30:26.3480767+09:00,0.0
2026-09-19T14:30:26.6235641+09:00,0.0
2026-09-19T14:30:26.9041948+09:00,0.0
2026-09-19T14:30:27.1851188+09:00,0.0
2026-09-19T14:30:27.4481052+09:00,0.0
2026-09-19T14:30:27.7250752+09:00,0.0
2026-09-19T14:30:28.0003794+09:00,0.0
2026-09-19T14:30:28.2791187+09:00,0.0
2026-09-19T14:30:28.5700294+09:00,0.0
2026-09-19T14:30:28.8344725+09:00,0.0
2026-09-19T14:30:29.0871712+09:00,0.0
2026-09-19T14:30:29.3670568+09:00,0.0
2026-09-19T14:30:29.6571813+09:00,0.0
2026-09-19T14:30:29.9453874+09:00,0.0
2026-09-19T14:30:30.2249243+09:00,0.0
2026-09-19T14:30:30.5275799+09:00,0.0
2026-09-19T14:30:30.8522683+09:00,0.0
2026-09-19T14:30:31.1261126+09:00,0.0
2026-09-19T14:30:31.4055456+09:00,0.0
2026-09-19T14:30:31.6699286+09:00,0.0
2026-09-19T14:30:31.9365648+09:00,0.0
2026-09-19T14:30:32.2326321+09:00,0.0
2026-09-19T14:30:32.4970409+09:00,0.0
2026-09-19T14:30:32.7660444+09:00,0.0
2026-09-19T14:30:33.0503509+09:00,0.0
2026-09-19T14:30:33.3354972+09:00,0.0
2026-09-19T14:30:33.6144790+09:00,0.0
2026-09-19T14:30:33.8937597+09:00,0.0
2026-09-19T14:30:34.1613774+09:00,0.0
2026-09-19T14:30:34.4210936+09:00,0.0
2026-09-19T14:30:34.6988670+09:00,0.0
2026-09-19T14:30:34.9797252+09:00,0.0
2026-09-19T14:30:35.2492266+09:00,0.0
2026-09-19T14:30:35.5227072+09:00,0.0
2026-09-19T14:30:35.8217298+09:00,0.0
2026-09-19T14:30:36.0921604+09:00,0.0
2026-09-19T14:30:36.3709402+09:00,0.0
2026-09-19T14:30:36.6575919+09:00,0.0
2026-09-19T14:30:36.9360888+09:00,0.0
2026-09-19T14:30:37.2127330+09:00,0.0
2026-09-19T14:30:37.4933677+09:00,0.0
2026-09-19T14:30:37.7736963+09:00,0.0
2026-09-19T14:30:38.0629090+09:00,0.0
2026-09-19T14:30:38.3322399+09:00,0.0
2026-09-19T14:30:38.6136100+09:00,0.0
2026-09-19T14:30:38.9130562+09:00,0.0
2026-09-19T14:30:39.2035539+09:00,0.0
2026-09-19T14:30:39.5202324+09:00,0.0
2026-09-19T14:30:39.8113869+09:00,0.0
2026-09-19T14:30:40.0963794+09:00,0.0
2026-09-19T14:30:40.3788621+09:00,0.0
2026-09-19T14:30:40.6686699+09:00,0.0
2026-09-19T14:30:40.9443460+09:00,0.0
2026-09-19T14:30:41.2156246+09:00,0.0
2026-09-19T14:30:41.5159980+09:00,0.0
2026-09-19T14:30:41.7850280+09:00,0.0
2026-09-19T14:30:42.0547053+09:00,0.0
2026-09-19T14:30:42.3633258+09:00,0.0
2026-09-19T14:30:42.6751845+09:00,0.0
2026-09-19T14:30:42.9584059+09:00,0.0
2026-09-19T14:30:43.2519996+09:00,0.0
2026-09-19T14:30:43.5331864+09:00,0.0
2026-09-19T14:30:43.8287455+09:00,0.0
2026-09-19T14:30:44.1093823+09:00,0.0
2026-09-19T14:30:44.3838010+09:00,0.0
2026-09-19T14:30:44.6688651+09:00,0.0
2026-09-19T14:30:44.9400297+09:00,0.0
2026-09-19T14:30:45.2052569+09:00,0.0
2026-09-19T14:30:45.4977114+09:00,0.0
2026-09-19T14:30:45.7963577+09:00,0.0
2026-09-19T14:30:46.0596490+09:00,0.0
2026-09-19T14:30:46.3536337+09:00,0.0
2026-09-19T14:30:46.6417707+09:00,0.0
2026-09-19T14:30:46.9184498+09:00,0.0
2026-09-19T14:30:47.1825778+09:00,0.0
2026-09-19T14:30:47.4600450+09:00,0.0
2026-09-19T14:30:47.7281177+09:00,0.0
2026-09-19T14:30:47.9964016+09:00,0.0
2026-09-19T14:30:48.2901483+09:00,0.0
2026-09-19T14:30:48.5697368+09:00,0.0
2026-09-19T14:30:48.8526303+09:00,0.0
2026-09-19T14:30:49.1183149+09:00,0.0
2026-09-19T14:30:49.3758161+09:00,0.0
2026-09-19T14:30:49.6406410+09:00,0.0
2026-09-19T14:30:49.9299713+09:00,0.0
2026-09-19T14:30:50.1972452+09:00,0.0
2026-09-19T14:30:50.4796353+09:00,0.0
2026-09-19T14:30:50.7713245+09:00,0.0
2026-09-19T14:30:51.0636525+09:00,0.0
2026-09-19T14:30:51.3412531+09:00,0.0
2026-09-19T14:30:51.6056390+09:00,0.0
2026-09-19T14:30:51.8908291+09:00,0.0
2026-09-19T14:30:52.1875422+09:00,0.0
2026-09-19T14:30:52.4592364+09:00,0.0
2026-09-19T14:30:52.7311271+09:00,0.0
2026-09-19T14:30:53.0131659+09:00,0.0
2026-09-19T14:30:53.2988239+09:00,0.0
2026-09-19T14:30:53.5814936+09:00,0.0
2026-09-19T14:30:53.8506754+09:00,0.0
2026-09-19T14:30:54.1340362+09:00,0.0
2026-09-19T14:30:54.4112503+09:00,0.0
2026-09-19T14:30:54.6838101+09:00,0.0
2026-09-19T14:30:54.9654928+09:00,0.0
2026-09-19T14:30:55.2513565+09:00,0.0
2026-09-19T14:30:55.5465654+09:00,0.0
2026-09-19T14:30:55.8252642+09:00,0.0
2026-09-19T14:30:56.1026056+09:00,0.0
2026-09-19T14:30:56.3805237+09:00,0.0
2026-09-19T14:30:56.6701916+09:00,0.0
2026-09-19T14:30:56.9637265+09:00,0.0
2026-09-19T14:30:57.2612913+09:00,0.0
2026-09-19T14:30:57.5472549+09:00,0.0
2026-09-19T14:30:57.8326108+09:00,0.0
2026-09-19T14:30:58.0908828+09:00,0.0
2026-09-19T14:30:58.3328318+09:00,0.0
2026-09-19T14:30:58.6129745+09:00,0.0
2026-09-19T14:30:58.9030459+09:00,0.0
2026-09-19T14:30:59.1866394+09:00,0.0
2026-09-19T14:30:59.4581869+09:00,0.0
2026-09-19T14:30:59.7209714+09:00,0.0
2026-09-19T14:31:00.0072265+09:00,0.0
2026-09-19T14:31:00.2986686+09:00,0.0
2026-09-19T14:31:00.5756275+09:00,0.0
2026-09-19T14:31:00.8339484+09:00,0.0
2026-09-19T14:31:01.0835250+09:00,0.0
2026-09-19T14:31:01.3665521+09:00,0.0
2026-09-19T14:31:01.6316625+09:00,0.0
2026-09-19T14:31:01.9119221+09:00,0.0
2026-09-19T14:31:02.1867128+09:00,0.0
2026-09-19T14:31:02.4638204+09:00,0.0
2026-09-19T14:31:02.7519664+09:00,0.0
2026-09-19T14:31:03.0348275+09:00,0.0
2026-09-19T14:31:03.3068128+09:00,0.0
2026-09-19T14:31:03.5745848+09:00,0.0
2026-09-19T14:31:03.8536705+09:00,0.0
2026-09-19T14:31:04.1268422+09:00,0.0
2026-09-19T14:31:04.3746956+09:00,0.0
2026-09-19T14:31:04.6616085+09:00,0.0
2026-09-19T14:31:04.9927344+09:00,0.0
2026-09-19T14:31:05.2679403+09:00,0.0
2026-09-19T14:31:05.5647825+09:00,0.0
2026-09-19T14:31:05.8452587+09:00,0.0
2026-09-19T14:31:06.1140965+09:00,0.0
2026-09-19T14:31:06.3990562+09:00,0.0
2026-09-19T14:31:06.6694842+09:00,0.0
2026-09-19T14:31:06.9555419+09:00,0.0
2026-09-19T14:31:07.2281796+09:00,0.0
2026-09-19T14:31:07.4963770+09:00,0.0
2026-09-19T14:31:07.7872272+09:00,0.0
2026-09-19T14:31:08.0520882+09:00,0.0
2026-09-19T14:31:08.3167362+09:00,0.0
2026-09-19T14:31:08.5666567+09:00,0.0
2026-09-19T14:31:08.8309924+09:00,0.0
2026-09-19T14:31:09.1129629+09:00,0.0
2026-09-19T14:31:09.4017764+09:00,0.0
2026-09-19T14:31:09.7091356+09:00,0.0
2026-09-19T14:31:09.9745412+09:00,0.0
2026-09-19T14:31:10.2452449+09:00,0.0
2026-09-19T14:31:10.5184277+09:00,0.0
2026-09-19T14:31:10.8048151+09:00,0.0
2026-09-19T14:31:11.0706677+09:00,0.0
2026-09-19T14:31:11.3390696+09:00,0.0
2026-09-19T14:31:11.6195809+09:00,0.0
2026-09-19T14:31:11.8672469+09:00,0.0
2026-09-19T14:31:12.1481101+09:00,0.0
2026-09-19T14:31:12.4263878+09:00,0.0
2026-09-19T14:31:12.7067030+09:00,0.0
2026-09-19T14:31:12.9851263+09:00,0.0
2026-09-19T14:31:13.2646101+09:00,0.0
2026-09-19T14:31:13.5461599+09:00,0.0
2026-09-19T14:31:13.8189158+09:00,0.0
2026-09-19T14:31:14.0856663+09:00,0.0
2026-09-19T14:31:14.3681934+09:00,0.0
2026-09-19T14:31:14.6437110+09:00,0.0
2026-09-19T14:31:14.9247133+09:00,0.0
2026-09-19T14:31:15.1946732+09:00,0.0
2026-09-19T14:31:15.4713026+09:00,0.0
2026-09-19T14:31:15.7430063+09:00,0.0
2026-09-19T14:31:16.0164595+09:00,0.0
2026-09-19T14:31:16.3034894+09:00,0.0
2026-09-19T14:31:16.5878004+09:00,0.0
2026-09-19T14:31:16.8692083+09:00,0.0
2026-09-19T14:31:17.1488780+09:00,0.0
2026-09-19T14:31:17.4578311+09:00,0.0
2026-09-19T14:31:17.7407366+09:00,0.0
2026-09-19T14:31:18.0280887+09:00,0.0
2026-09-19T14:31:18.3018099+09:00,0.0
2026-09-19T14:31:18.5776789+09:00,0.0
2026-09-19T14:31:18.8597551+09:00,0.0
2026-09-19T14:31:19.1365825+09:00,0.0
2026-09-19T14:31:19.4512138+09:00,0.0
2026-09-19T14:31:19.7316827+09:00,0.0
2026-09-19T14:31:20.0121266+09:00,0.0
2026-09-19T14:31:20.2909124+09:00,0.0
2026-09-19T14:31:20.5737880+09:00,0.0
2026-09-19T14:31:20.8509427+09:00,0.0
2026-09-19T14:31:21.1283313+09:00,0.0
2026-09-19T14:31:21.4026706+09:00,0.0
2026-09-19T14:31:21.7077892+09:00,0.0
2026-09-19T14:31:22.0057859+09:00,0.0
2026-09-19T14:31:22.2920984+09:00,0.0
2026-09-19T14:31:22.5689795+09:00,0.0
2026-09-19T14:31:22.8378843+09:00,0.0
2026-09-19T14:31:23.1155243+09:00,0.0
2026-09-19T14:31:23.3837367+09:00,0.0
2026-09-19T14:31:23.6657076+09:00,0.0
2026-09-19T14:31:23.9606919+09:00,0.0
2026-09-19T14:31:24.2310816+09:00,0.0
2026-09-19T14:31:24.5297679+09:00,0.0
2026-09-19T14:31:24.7996010+09:00,0.0
2026-09-19T14:31:25.0925440+09:00,0.0
2026-09-19T14:31:25.3745909+09:00,0.0
2026-09-19T14:31:25.6799421+09:00,0.0
2026-09-19T14:31:25.9733909+09:00,0.0
2026-09-19T14:31:26.2360420+09:00,0.0
2026-09-19T14:31:26.5113021+09:00,0.0
2026-09-19T14:31:26.8153180+09:00,0.0
2026-09-19T14:31:27.0897813+09:00,0.0
2026-09-19T14:31:27.3802373+09:00,0.0
2026-09-19T14:31:27.6565642+09:00,0.0
2026-09-19T14:31:27.9514594+09:00,0.0
2026-09-19T14:31:28.2433747+09:00,0.0
2026-09-19T14:31:28.5073843+09:00,0.0
2026-09-19T14:31:28.7799853+09:00,0.0
2026-09-19T14:31:29.0616330+09:00,0.0
2026-09-19T14:31:29.3403710+09:00,0.0
2026-09-19T14:31:29.6107739+09:00,0.0
2026-09-19T14:31:29.8915790+09:00,0.0
2026-09-19T14:31:30.1853701+09:00,0.0
2026-09-19T14:31:30.4651404+09:00,0.0
2026-09-19T14:31:30.7446605+09:00,0.0
2026-09-19T14:31:31.0263503+09:00,0.0
2026-09-19T14:31:31.3044076+09:00,0.0
2026-09-19T14:31:31.5735825+09:00,0.0
2026-09-19T14:31:31.8681208+09:00,0.0
2026-09-19T14:31:32.1547821+09:00,0.0
2026-09-19T14:31:32.4226470+09:00,0.0
2026-09-19T14:31:32.7315082+09:00,0.0
2026-09-19T14:31:33.0121772+09:00,0.0
2026-09-19T14:31:33.2769318+09:00,0.0
2026-09-19T14:31:33.5466173+09:00,0.0
2026-09-19T14:31:33.8382115+09:00,0.0
2026-09-19T14:31:34.1018006+09:00,0.0
2026-09-19T14:31:34.3711955+09:00,0.0
2026-09-19T14:31:34.6747476+09:00,0.0
2026-09-19T14:31:34.9350075+09:00,0.0
2026-09-19T14:31:35.2162398+09:00,0.0
2026-09-19T14:31:35.4793622+09:00,0.0
2026-09-19T14:31:35.7473911+09:00,0.0
2026-09-19T14:31:36.0344066+09:00,0.0
2026-09-19T14:31:36.3284645+09:00,0.0
2026-09-19T14:31:36.5783345+09:00,0.0
2026-09-19T14:31:36.8575175+09:00,0.0
2026-09-19T14:31:37.1320907+09:00,0.0
2026-09-19T14:31:37.4120629+09:00,0.0
2026-09-19T14:31:37.6822931+09:00,0.0
2026-09-19T14:31:37.9527546+09:00,0.0
2026-09-19T14:31:38.2367678+09:00,0.0
2026-09-19T14:31:38.5443719+09:00,0.0
2026-09-19T14:31:38.8396265+09:00,0.0
2026-09-19T14:31:39.1106749+09:00,0.0
2026-09-19T14:31:39.3968890+09:00,0.0
2026-09-19T14:31:39.6918964+09:00,0.0
2026-09-19T14:31:39.9695596+09:00,0.0
2026-09-19T14:31:40.2362858+09:00,0.0
2026-09-19T14:31:40.5332767+09:00,0.0
2026-09-19T14:31:40.8094889+09:00,0.0
2026-09-19T14:31:41.1025219+09:00,0.0
2026-09-19T14:31:41.3970871+09:00,0.0
2026-09-19T14:31:41.6944375+09:00,0.0
2026-09-19T14:31:41.9905183+09:00,0.0
2026-09-19T14:31:42.2559163+09:00,0.0
2026-09-19T14:31:42.5527728+09:00,0.0
2026-09-19T14:31:42.8330263+09:00,0.0
2026-09-19T14:31:43.1132423+09:00,0.0
2026-09-19T14:31:43.3863024+09:00,0.0
2026-09-19T14:31:43.6851879+09:00,0.0
2026-09-19T14:31:43.9892648+09:00,0.0
2026-09-19T14:31:44.2702188+09:00,0.0
2026-09-19T14:31:44.5374046+09:00,0.0
2026-09-19T14:31:44.8103445+09:00,0.0
2026-09-19T14:31:45.0833271+09:00,0.0
2026-09-19T14:31:45.3470204+09:00,0.0
2026-09-19T14:31:45.6286294+09:00,0.0
2026-09-19T14:31:45.9097146+09:00,0.0
2026-09-19T14:31:46.1587459+09:00,0.0
2026-09-19T14:31:46.4451840+09:00,0.0
2026-09-19T14:31:46.7241304+09:00,0.0
2026-09-19T14:31:47.0106090+09:00,0.0
2026-09-19T14:31:47.2831369+09:00,0.0
2026-09-19T14:31:47.5488782+09:00,0.0
2026-09-19T14:31:47.8250856+09:00,0.0
2026-09-19T14:31:48.0961794+09:00,0.0
2026-09-19T14:31:48.3661524+09:00,0.0
2026-09-19T14:31:48.6459728+09:00,0.0
2026-09-19T14:31:48.8945195+09:00,0.0
2026-09-19T14:31:49.1843257+09:00,0.0
2026-09-19T14:31:49.4965129+09:00,0.0
2026-09-19T14:31:49.7931629+09:00,0.0
2026-09-19T14:31:50.0843100+09:00,0.0
2026-09-19T14:31:50.3651193+09:00,0.0
2026-09-19T14:31:50.6401590+09:00,0.0
2026-09-19T14:31:50.9013555+09:00,0.0
2026-09-19T14:31:51.1645451+09:00,0.0
2026-09-19T14:31:51.4512227+09:00,0.0
2026-09-19T14:31:51.7170843+09:00,0.0
2026-09-19T14:31:51.9994566+09:00,0.0
2026-09-19T14:31:52.2776711+09:00,0.0
2026-09-19T14:31:52.5490852+09:00,0.0
2026-09-19T14:31:52.8186532+09:00,0.0
2026-09-19T14:31:53.0809384+09:00,0.0
2026-09-19T14:31:53.3478578+09:00,0.0
2026-09-19T14:31:53.6138818+09:00,0.0
2026-09-19T14:31:53.8852548+09:00,0.0
2026-09-19T14:31:54.1227124+09:00,0.0
2026-09-19T14:31:54.4022650+09:00,0.0
2026-09-19T14:31:54.7154640+09:00,0.0
2026-09-19T14:31:54.9940757+09:00,0.0
2026-09-19T14:31:55.2518045+09:00,0.0
2026-09-19T14:31:55.5061043+09:00,0.0
2026-09-19T14:31:55.7817381+09:00,0.0
2026-09-19T14:31:56.0629961+09:00,0.0
2026-09-19T14:31:56.3482536+09:00,0.0
2026-09-19T14:31:56.6128657+09:00,0.0
2026-09-19T14:31:56.8730776+09:00,0.0
2026-09-19T14:31:57.1626573+09:00,0.0
2026-09-19T14:31:57.4425817+09:00,0.0
2026-09-19T14:31:57.7174432+09:00,0.0
2026-09-19T14:31:57.9802725+09:00,0.0
2026-09-19T14:31:58.2617325+09:00,0.0
2026-09-19T14:31:58.5455915+09:00,0.0
2026-09-19T14:31:58.8315060+09:00,0.0
2026-09-19T14:31:59.1105815+09:00,0.0
2026-09-19T14:31:59.3809004+09:00,0.0
2026-09-19T14:31:59.6744257+09:00,0.0
2026-09-19T14:31:59.9561365+09:00,0.0
2026-09-19T14:32:00.2401965+09:00,0.0
2026-09-19T14:32:00.5421192+09:00,0.0
2026-09-19T14:32:00.8229076+09:00,0.0
2026-09-19T14:32:01.0577462+09:00,0.0
2026-09-19T14:32:01.3355490+09:00,0.0
2026-09-19T14:32:01.6036816+09:00,0.0
2026-09-19T14:32:01.8541090+09:00,0.0
2026-09-19T14:32:02.0958642+09:00,0.0
2026-09-19T14:32:02.3755208+09:00,0.0
2026-09-19T14:32:02.6571058+09:00,0.0
2026-09-19T14:32:02.9408242+09:00,0.0
2026-09-19T14:32:03.2215175+09:00,0.0
2026-09-19T14:32:03.4884234+09:00,0.0
2026-09-19T14:32:03.7467551+09:00,0.0
2026-09-19T14:32:04.0102706+09:00,0.0
2026-09-19T14:32:04.2870491+09:00,0.0
2026-09-19T14:32:04.5674326+09:00,0.0
2026-09-19T14:32:04.8466939+09:00,0.0
2026-09-19T14:32:05.1726983+09:00,0.0
2026-09-19T14:32:05.4807030+09:00,0.0
2026-09-19T14:32:05.7912356+09:00,0.0
2026-09-19T14:32:06.1015787+09:00,0.0
2026-09-19T14:32:06.3955422+09:00,0.0
2026-09-19T14:32:06.7067735+09:00,0.0
2026-09-19T14:32:07.0197427+09:00,0.0
2026-09-19T14:32:07.3125558+09:00,0.0
2026-09-19T14:32:07.5928837+09:00,0.0
2026-09-19T14:32:07.9118178+09:00,0.0
2026-09-19T14:32:08.2304079+09:00,0.0
2026-09-19T14:32:08.5367830+09:00,0.0
2026-09-19T14:32:08.8498000+09:00,0.0
2026-09-19T14:32:09.1457075+09:00,0.0
2026-09-19T14:32:09.4272070+09:00,0.0
2026-09-19T14:32:09.7224464+09:00,0.0
2026-09-19T14:32:10.0002196+09:00,0.0
2026-09-19T14:32:10.3159975+09:00,0.0
2026-09-19T14:32:10.6145779+09:00,0.0
2026-09-19T14:32:10.8960521+09:00,0.0
2026-09-19T14:32:11.2123225+09:00,0.0
2026-09-19T14:32:11.5068286+09:00,0.0
2026-09-19T14:32:11.8365547+09:00,0.0
2026-09-19T14:32:12.1485854+09:00,0.0
2026-09-19T14:32:12.4141209+09:00,0.0
2026-09-19T14:32:12.6989538+09:00,0.0
2026-09-19T14:32:12.9803430+09:00,0.0
2026-09-19T14:32:13.2603847+09:00,0.0
2026-09-19T14:32:13.5246722+09:00,0.0
2026-09-19T14:32:13.7905181+09:00,0.0
2026-09-19T14:32:14.0815884+09:00,0.0
2026-09-19T14:32:14.3431746+09:00,0.0
2026-09-19T14:32:14.6179875+09:00,0.0
2026-09-19T14:32:14.8845701+09:00,0.0
2026-09-19T14:32:15.1850080+09:00,0.0
2026-09-19T14:32:15.4567012+09:00,0.0
2026-09-19T14:32:15.7367941+09:00,0.0
2026-09-19T14:32:16.0126321+09:00,0.0
2026-09-19T14:32:16.2876098+09:00,0.0
2026-09-19T14:32:16.5716029+09:00,0.0
2026-09-19T14:32:16.8622180+09:00,0.0
2026-09-19T14:32:17.1255035+09:00,0.0
2026-09-19T14:32:17.4027280+09:00,0.0
2026-09-19T14:32:17.6706279+09:00,0.0
2026-09-19T14:32:17.9661924+09:00,0.0
2026-09-19T14:32:18.2470571+09:00,0.0
2026-09-19T14:32:18.5417498+09:00,0.0
2026-09-19T14:32:18.8230849+09:00,0.0
2026-09-19T14:32:19.1197725+09:00,0.0
2026-09-19T14:32:19.3882451+09:00,0.0
2026-09-19T14:32:19.6652753+09:00,0.0
2026-09-19T14:32:19.9465118+09:00,0.0
2026-09-19T14:32:20.2362264+09:00,0.0
2026-09-19T14:32:20.5151416+09:00,0.0
2026-09-19T14:32:20.7859969+09:00,0.0
2026-09-19T14:32:21.0609754+09:00,0.0
2026-09-19T14:32:21.3451234+09:00,0.0
2026-09-19T14:32:21.5940098+09:00,0.0
2026-09-19T14:32:21.8354641+09:00,0.0
2026-09-19T14:32:22.1237164+09:00,0.0
2026-09-19T14:32:22.3891397+09:00,0.0
2026-09-19T14:32:22.6728300+09:00,0.0
2026-09-19T14:32:22.9372678+09:00,0.0
2026-09-19T14:32:23.2215096+09:00,0.0
2026-09-19T14:32:23.5049265+09:00,0.0
2026-09-19T14:32:23.7855689+09:00,0.0
2026-09-19T14:32:24.0619480+09:00,0.0
2026-09-19T14:32:24.3274351+09:00,0.0
2026-09-19T14:32:24.6026473+09:00,0.0
2026-09-19T14:32:24.8872168+09:00,0.0
2026-09-19T14:32:25.1484517+09:00,0.0
2026-09-19T14:32:25.4302038+09:00,0.0
2026-09-19T14:32:25.7257522+09:00,0.0
2026-09-19T14:32:26.0104356+09:00,0.0
2026-09-19T14:32:26.2752971+09:00,0.0
2026-09-19T14:32:26.5534179+09:00,0.0
2026-09-19T14:32:26.8261005+09:00,0.0
2026-09-19T14:32:27.1029720+09:00,0.0
2026-09-19T14:32:27.3700757+09:00,0.0
2026-09-19T14:32:27.6383824+09:00,0.0
2026-09-19T14:32:27.9231887+09:00,0.0
2026-09-19T14:32:28.1935350+09:00,0.0
2026-09-19T14:32:28.5023736+09:00,0.0
2026-09-19T14:32:28.7727810+09:00,0.0
2026-09-19T14:32:29.0592647+09:00,0.0
2026-09-19T14:32:29.3305828+09:00,0.0
2026-09-19T14:32:29.6331218+09:00,0.0
2026-09-19T14:32:29.9135354+09:00,0.0
2026-09-19T14:32:30.1852873+09:00,0.0
2026-09-19T14:32:30.4704261+09:00,0.0
2026-09-19T14:32:30.7671675+09:00,0.0
2026-09-19T14:32:31.0281422+09:00,0.0
2026-09-19T14:32:31.3229946+09:00,0.0
2026-09-19T14:32:31.6093506+09:00,0.0
2026-09-19T14:32:31.9055989+09:00,0.0
2026-09-19T14:32:32.1732676+09:00,0.0
2026-09-19T14:32:32.4734922+09:00,0.0
2026-09-19T14:32:32.7551469+09:00,0.0
2026-09-19T14:32:33.0308574+09:00,0.0
2026-09-19T14:32:33.3077183+09:00,0.0
2026-09-19T14:32:33.6028460+09:00,0.0
2026-09-19T14:32:33.8974541+09:00,0.0
2026-09-19T14:32:34.1799675+09:00,0.0
2026-09-19T14:32:34.4727745+09:00,0.0
2026-09-19T14:32:34.7990315+09:00,0.0
2026-09-19T14:32:35.0807654+09:00,0.0
2026-09-19T14:32:35.3728458+09:00,0.0
2026-09-19T14:32:35.6756567+09:00,0.0
2026-09-19T14:32:35.9506539+09:00,0.0
2026-09-19T14:32:36.2299644+09:00,0.0
2026-09-19T14:32:36.5145374+09:00,0.0
2026-09-19T14:32:36.7942069+09:00,0.0
2026-09-19T14:32:37.0869431+09:00,0.0
2026-09-19T14:32:37.3730409+09:00,0.0
2026-09-19T14:32:37.6436220+09:00,0.0
2026-09-19T14:32:37.8924142+09:00,0.0
2026-09-19T14:32:38.1565549+09:00,0.0
2026-09-19T14:32:38.4415894+09:00,0.0
2026-09-19T14:32:38.7118779+09:00,0.0
2026-09-19T14:32:39.0103754+09:00,0.0
2026-09-19T14:32:39.3191291+09:00,0.0
2026-09-19T14:32:39.6170113+09:00,0.0
2026-09-19T14:32:39.8890019+09:00,0.0
2026-09-19T14:32:40.1627400+09:00,0.0
2026-09-19T14:32:40.4524640+09:00,0.0
2026-09-19T14:32:40.7354548+09:00,0.0
2026-09-19T14:32:41.0131322+09:00,0.0
2026-09-19T14:32:41.2952157+09:00,0.0
2026-09-19T14:32:41.5738152+09:00,0.0
2026-09-19T14:32:41.8413991+09:00,0.0
2026-09-19T14:32:42.1051055+09:00,0.0
2026-09-19T14:32:42.3687304+09:00,0.0
2026-09-19T14:32:42.6406956+09:00,0.0
2026-09-19T14:32:42.8918138+09:00,0.0
2026-09-19T14:32:43.1698161+09:00,0.0
2026-09-19T14:32:43.4196083+09:00,0.0
2026-09-19T14:32:43.6867536+09:00,0.0
2026-09-19T14:32:43.9977711+09:00,0.0
2026-09-19T14:32:44.2774660+09:00,0.0
2026-09-19T14:32:44.5587621+09:00,0.0
2026-09-19T14:32:44.8558911+09:00,0.0
2026-09-19T14:32:45.1370553+09:00,0.0
2026-09-19T14:32:45.4033074+09:00,0.0
2026-09-19T14:32:45.6802854+09:00,0.0
2026-09-19T14:32:45.9522524+09:00,0.0
2026-09-19T14:32:46.2252272+09:00,0.0
2026-09-19T14:32:46.4972550+09:00,0.0
2026-09-19T14:32:46.7922921+09:00,0.0
2026-09-19T14:32:47.0703483+09:00,0.0
2026-09-19T14:32:47.3527206+09:00,0.0
2026-09-19T14:32:47.6547117+09:00,0.0
2026-09-19T14:32:47.9212204+09:00,0.0
2026-09-19T14:32:48.2158908+09:00,0.0
2026-09-19T14:32:48.4897577+09:00,0.0
2026-09-19T14:32:48.8024233+09:00,0.0
2026-09-19T14:32:49.1365988+09:00,0.0
2026-09-19T14:32:49.4173854+09:00,0.0
2026-09-19T14:32:49.6963293+09:00,0.0
2026-09-19T14:32:49.9706027+09:00,0.0
2026-09-19T14:32:50.2361109+09:00,0.0
2026-09-19T14:32:50.5223811+09:00,0.0
2026-09-19T14:32:50.8168507+09:00,0.0
2026-09-19T14:32:51.1001672+09:00,0.0
2026-09-19T14:32:51.3999570+09:00,0.0
2026-09-19T14:32:51.7014030+09:00,0.0
2026-09-19T14:32:51.9819027+09:00,0.0
2026-09-19T14:32:52.2811694+09:00,0.0
2026-09-19T14:32:52.5688661+09:00,0.0
2026-09-19T14:32:52.8397723+09:00,0.0
2026-09-19T14:32:53.1215851+09:00,0.0
2026-09-19T14:32:53.4051908+09:00,0.0
2026-09-19T14:32:53.6755331+09:00,0.0
2026-09-19T14:32:53.9677635+09:00,0.0
2026-09-19T14:32:54.2475721+09:00,0.0
2026-09-19T14:32:54.5446813+09:00,0.0
2026-09-19T14:32:54.8250450+09:00,0.0
2026-09-19T14:32:55.1026306+09:00,0.0
2026-09-19T14:32:55.3853436+09:00,0.0
2026-09-19T14:32:55.6694141+09:00,0.0
2026-09-19T14:32:55.9393037+09:00,0.0
2026-09-19T14:32:56.2127393+09:00,0.0
2026-09-19T14:32:56.4863724+09:00,0.0
2026-09-19T14:32:56.7719479+09:00,0.0
2026-09-19T14:32:57.0478154+09:00,0.0
2026-09-19T14:32:57.3282555+09:00,0.0
2026-09-19T14:32:57.5741913+09:00,0.0
2026-09-19T14:32:57.8421039+09:00,0.0
2026-09-19T14:32:58.1088027+09:00,0.0
2026-09-19T14:32:58.3586709+09:00,0.0
2026-09-19T14:32:58.6522551+09:00,0.0
2026-09-19T14:32:58.9199194+09:00,0.0
2026-09-19T14:32:59.1951808+09:00,0.0
2026-09-19T14:32:59.4667391+09:00,0.0
2026-09-19T14:32:59.7778616+09:00,0.0
2026-09-19T14:33:00.0740741+09:00,0.0
2026-09-19T14:33:00.3547454+09:00,0.0
2026-09-19T14:33:00.6203836+09:00,0.0
2026-09-19T14:33:00.8726504+09:00,0.0
2026-09-19T14:33:01.1727111+09:00,0.0
2026-09-19T14:33:01.4372514+09:00,0.0
2026-09-19T14:33:01.7175809+09:00,0.0
2026-09-19T14:33:02.0179130+09:00,0.0
2026-09-19T14:33:02.3133177+09:00,0.0
2026-09-19T14:33:02.5779603+09:00,0.0
2026-09-19T14:33:02.8587201+09:00,0.0
2026-09-19T14:33:03.1384221+09:00,0.0
2026-09-19T14:33:03.4202926+09:00,0.0
2026-09-19T14:33:03.7055508+09:00,0.0
2026-09-19T14:33:04.0215893+09:00,0.0
2026-09-19T14:33:04.3260245+09:00,0.0
2026-09-19T14:33:04.5958008+09:00,0.0
2026-09-19T14:33:04.8734243+09:00,0.0
2026-09-19T14:33:05.1525310+09:00,0.0
2026-09-19T14:33:05.4183442+09:00,0.0
2026-09-19T14:33:05.7469350+09:00,0.0
2026-09-19T14:33:06.0200005+09:00,0.0
2026-09-19T14:33:06.3017602+09:00,0.0
2026-09-19T14:33:06.6368604+09:00,0.0
2026-09-19T14:33:06.9195737+09:00,0.0
2026-09-19T14:33:07.2472591+09:00,0.0
2026-09-19T14:33:07.5368186+09:00,0.0
2026-09-19T14:33:07.8221450+09:00,0.0
2026-09-19T14:33:08.0872236+09:00,0.0
2026-09-19T14:33:08.3665575+09:00,0.0
2026-09-19T14:33:08.6347695+09:00,0.0
2026-09-19T14:33:08.9149967+09:00,0.0
2026-09-19T14:33:09.1858440+09:00,0.0
2026-09-19T14:33:09.4574250+09:00,0.0
2026-09-19T14:33:09.7379508+09:00,0.0
2026-09-19T14:33:10.0182909+09:00,0.0
2026-09-19T14:33:10.3217404+09:00,0.0
2026-09-19T14:33:10.5890076+09:00,0.0
2026-09-19T14:33:10.9034565+09:00,0.0
2026-09-19T14:33:11.2030734+09:00,0.0
2026-09-19T14:33:11.4856936+09:00,0.0
2026-09-19T14:33:11.7655227+09:00,0.0
2026-09-19T14:33:12.0440959+09:00,0.0
2026-09-19T14:33:12.3266588+09:00,0.0
2026-09-19T14:33:12.5864178+09:00,0.0
2026-09-19T14:33:12.8576388+09:00,0.0
2026-09-19T14:33:13.1552938+09:00,0.0
2026-09-19T14:33:13.4359508+09:00,0.0
2026-09-19T14:33:13.7334365+09:00,0.0
2026-09-19T14:33:14.0306274+09:00,0.0
2026-09-19T14:33:14.3255112+09:00,0.0
2026-09-19T14:33:14.5920485+09:00,0.0
2026-09-19T14:33:14.8754534+09:00,0.0
2026-09-19T14:33:15.1562777+09:00,0.0
2026-09-19T14:33:15.4370732+09:00,0.0
2026-09-19T14:33:15.6882946+09:00,0.0
2026-09-19T14:33:15.9828873+09:00,0.0
2026-09-19T14:33:16.2768808+09:00,0.0
2026-09-19T14:33:16.5597881+09:00,0.0
2026-09-19T14:33:16.8541620+09:00,0.0
2026-09-19T14:33:17.1363892+09:00,0.0
2026-09-19T14:33:17.4221450+09:00,0.0
2026-09-19T14:33:17.6722241+09:00,0.0
2026-09-19T14:33:17.9530304+09:00,0.0
2026-09-19T14:33:18.2523428+09:00,0.0
2026-09-19T14:33:18.5629998+09:00,0.0
2026-09-19T14:33:18.8584984+09:00,0.0
2026-09-19T14:33:19.1379872+09:00,0.0
2026-09-19T14:33:19.4177357+09:00,0.0
2026-09-19T14:33:19.6965070+09:00,0.0
2026-09-19T14:33:19.9790360+09:00,0.0
2026-09-19T14:33:20.2574108+09:00,0.0
2026-09-19T14:33:20.5528046+09:00,0.0
2026-09-19T14:33:20.8481768+09:00,0.0
2026-09-19T14:33:21.1168394+09:00,0.0
2026-09-19T14:33:21.3963274+09:00,0.0
2026-09-19T14:33:21.6788324+09:00,0.0
2026-09-19T14:33:21.9637961+09:00,0.0
2026-09-19T14:33:22.2429545+09:00,0.0
2026-09-19T14:33:22.5245912+09:00,0.0
2026-09-19T14:33:22.8062498+09:00,0.0
2026-09-19T14:33:23.0851300+09:00,0.0
2026-09-19T14:33:23.3479679+09:00,0.0
2026-09-19T14:33:23.6433407+09:00,0.0
2026-09-19T14:33:23.9414702+09:00,0.0
2026-09-19T14:33:24.2240985+09:00,0.0
2026-09-19T14:33:24.5185635+09:00,0.0
2026-09-19T14:33:24.7994351+09:00,0.0
2026-09-19T14:33:25.0826744+09:00,0.0
2026-09-19T14:33:25.3938054+09:00,0.0
2026-09-19T14:33:25.6749572+09:00,0.0
2026-09-19T14:33:25.9668671+09:00,0.0
2026-09-19T14:33:26.2772423+09:00,0.0
2026-09-19T14:33:26.5409072+09:00,0.0
2026-09-19T14:33:26.8180722+09:00,0.0
2026-09-19T14:33:27.0993517+09:00,0.0
2026-09-19T14:33:27.3953655+09:00,0.0
2026-09-19T14:33:27.6596144+09:00,0.0
2026-09-19T14:33:27.9729195+09:00,0.0
2026-09-19T14:33:28.2857765+09:00,0.0
2026-09-19T14:33:28.5956140+09:00,0.0
2026-09-19T14:33:28.8778472+09:00,0.0
2026-09-19T14:33:29.1570786+09:00,0.0
2026-09-19T14:33:29.4377906+09:00,0.0
2026-09-19T14:33:29.7317252+09:00,0.0
2026-09-19T14:33:29.9985740+09:00,0.0
2026-09-19T14:33:30.2961126+09:00,0.0
2026-09-19T14:33:30.5752224+09:00,0.0
2026-09-19T14:33:30.8712698+09:00,0.0
2026-09-19T14:33:31.1531659+09:00,0.0
2026-09-19T14:33:31.4670894+09:00,0.0
2026-09-19T14:33:31.7647952+09:00,0.0
2026-09-19T14:33:32.0623205+09:00,0.0
2026-09-19T14:33:32.3441508+09:00,0.0
2026-09-19T14:33:32.6233314+09:00,0.0
2026-09-19T14:33:32.9201675+09:00,0.0
2026-09-19T14:33:33.2002530+09:00,0.0
2026-09-19T14:33:33.4810761+09:00,0.0
2026-09-19T14:33:33.7389357+09:00,0.0
2026-09-19T14:33:34.0530872+09:00,0.0
2026-09-19T14:33:34.3344776+09:00,0.0
2026-09-19T14:33:34.6321472+09:00,0.0
2026-09-19T14:33:34.8979737+09:00,0.0
2026-09-19T14:33:35.1703829+09:00,0.0
2026-09-19T14:33:35.4689799+09:00,0.0
2026-09-19T14:33:35.7635140+09:00,0.0
2026-09-19T14:33:36.0585814+09:00,0.0
2026-09-19T14:33:36.3367925+09:00,0.0
2026-09-19T14:33:36.6343887+09:00,0.0
2026-09-19T14:33:36.9302676+09:00,0.0
2026-09-19T14:33:37.2206015+09:00,0.0
2026-09-19T14:33:37.5005343+09:00,0.0
2026-09-19T14:33:37.7838559+09:00,0.0
2026-09-19T14:33:38.0797961+09:00,0.0
2026-09-19T14:33:38.3595605+09:00,0.0
2026-09-19T14:33:38.6315528+09:00,0.0
2026-09-19T14:33:38.9131717+09:00,0.0
2026-09-19T14:33:39.1791347+09:00,0.0
2026-09-19T14:33:39.4417142+09:00,0.0
2026-09-19T14:33:39.7205125+09:00,0.0
2026-09-19T14:33:40.0067427+09:00,0.0
2026-09-19T14:33:40.2660815+09:00,0.0
2026-09-19T14:33:40.5581713+09:00,0.0
2026-09-19T14:33:40.8517266+09:00,0.0
2026-09-19T14:33:41.1329981+09:00,0.0
2026-09-19T14:33:41.4295999+09:00,0.0
2026-09-19T14:33:41.7049010+09:00,0.0
2026-09-19T14:33:42.0081967+09:00,0.0
2026-09-19T14:33:42.2894690+09:00,0.0
2026-09-19T14:33:42.5689623+09:00,0.0
2026-09-19T14:33:42.8051787+09:00,0.0
2026-09-19T14:33:43.1056029+09:00,0.0
2026-09-19T14:33:43.3832107+09:00,0.0
2026-09-19T14:33:43.6729033+09:00,0.0
2026-09-19T14:33:43.9683003+09:00,0.0
2026-09-19T14:33:44.2499460+09:00,0.0
2026-09-19T14:33:44.5292487+09:00,0.0
2026-09-19T14:33:44.8114905+09:00,0.0
2026-09-19T14:33:45.0874454+09:00,0.0
2026-09-19T14:33:45.3560659+09:00,0.0
2026-09-19T14:33:45.6211071+09:00,0.0
2026-09-19T14:33:45.8958384+09:00,0.0
2026-09-19T14:33:46.1891820+09:00,0.0
2026-09-19T14:33:46.4838824+09:00,0.0
2026-09-19T14:33:46.8135158+09:00,0.0
2026-09-19T14:33:47.0848987+09:00,0.0
2026-09-19T14:33:47.3965434+09:00,0.0
2026-09-19T14:33:47.6724902+09:00,0.0
2026-09-19T14:33:47.9711240+09:00,0.0
2026-09-19T14:33:48.2515254+09:00,0.0
2026-09-19T14:33:48.5381959+09:00,0.0
2026-09-19T14:33:48.8055772+09:00,0.0
2026-09-19T14:33:49.0712622+09:00,0.0
2026-09-19T14:33:49.3516810+09:00,0.0
2026-09-19T14:33:49.6357756+09:00,0.0
2026-09-19T14:33:49.9224754+09:00,0.0
2026-09-19T14:33:50.1951831+09:00,0.0
2026-09-19T14:33:50.4774761+09:00,0.0
2026-09-19T14:33:50.7431795+09:00,0.0
2026-09-19T14:33:51.0430552+09:00,0.0
2026-09-19T14:33:51.3230086+09:00,0.0
2026-09-19T14:33:51.6160534+09:00,0.0
2026-09-19T14:33:51.8977107+09:00,0.0
2026-09-19T14:33:52.1865830+09:00,0.0
2026-09-19T14:33:52.4961872+09:00,0.0
2026-09-19T14:33:52.8557404+09:00,0.0
2026-09-19T14:33:53.1367171+09:00,0.0
2026-09-19T14:33:53.4147657+09:00,0.0
2026-09-19T14:33:53.6743437+09:00,0.0
2026-09-19T14:33:53.9711860+09:00,0.0
2026-09-19T14:33:54.2527181+09:00,0.0
2026-09-19T14:33:54.5385737+09:00,0.0
2026-09-19T14:33:54.8092946+09:00,0.0
2026-09-19T14:33:55.0777517+09:00,0.0
2026-09-19T14:33:55.3430650+09:00,0.0
2026-09-19T14:33:55.5880081+09:00,0.0
2026-09-19T14:33:55.8545352+09:00,0.0
2026-09-19T14:33:56.1029535+09:00,0.0
2026-09-19T14:33:56.3679841+09:00,0.0
2026-09-19T14:33:56.6523569+09:00,0.0
2026-09-19T14:33:56.9171170+09:00,0.0
2026-09-19T14:33:57.1898349+09:00,0.0
2026-09-19T14:33:57.4736600+09:00,0.0
2026-09-19T14:33:57.7230227+09:00,0.0
2026-09-19T14:33:58.0070301+09:00,0.0
2026-09-19T14:33:58.2862006+09:00,0.0
2026-09-19T14:33:58.5942342+09:00,0.0
2026-09-19T14:33:58.8893515+09:00,0.0
2026-09-19T14:33:59.1692122+09:00,0.0
2026-09-19T14:33:59.4586908+09:00,0.0
2026-09-19T14:33:59.7553641+09:00,0.0
2026-09-19T14:34:00.0165419+09:00,0.0
2026-09-19T14:34:00.3112285+09:00,0.0
2026-09-19T14:34:00.5922733+09:00,0.0
2026-09-19T14:34:00.8710088+09:00,0.0
2026-09-19T14:34:01.1880570+09:00,0.0
2026-09-19T14:34:01.4650006+09:00,0.0
2026-09-19T14:34:01.7761852+09:00,0.0
2026-09-19T14:34:02.0475120+09:00,0.0
2026-09-19T14:34:02.3364924+09:00,0.0
2026-09-19T14:34:02.5786671+09:00,0.0
2026-09-19T14:34:02.8745485+09:00,0.0
2026-09-19T14:34:03.1493458+09:00,0.0
2026-09-19T14:34:03.4395091+09:00,0.0
2026-09-19T14:34:03.7369805+09:00,0.0
2026-09-19T14:34:04.0237002+09:00,0.0
2026-09-19T14:34:04.3067316+09:00,0.0
2026-09-19T14:34:04.5786447+09:00,0.0
2026-09-19T14:34:04.8619308+09:00,0.0
2026-09-19T14:34:05.1373376+09:00,0.0
2026-09-19T14:34:05.4057026+09:00,0.0
2026-09-19T14:34:05.6687337+09:00,0.0
2026-09-19T14:34:05.9548360+09:00,0.0
2026-09-19T14:34:06.2339814+09:00,0.0
2026-09-19T14:34:06.5560783+09:00,0.0
2026-09-19T14:34:06.8542438+09:00,0.0
2026-09-19T14:34:07.1066669+09:00,0.0
2026-09-19T14:34:07.4032779+09:00,0.0
2026-09-19T14:34:07.6860023+09:00,0.0
2026-09-19T14:34:07.9835377+09:00,0.0
2026-09-19T14:34:08.2688426+09:00,0.0
2026-09-19T14:34:08.5186898+09:00,0.0
2026-09-19T14:34:08.7999043+09:00,0.0
2026-09-19T14:34:09.0706119+09:00,0.0
2026-09-19T14:34:09.3381975+09:00,0.0
2026-09-19T14:34:09.6111969+09:00,0.0
2026-09-19T14:34:09.8886912+09:00,0.0
2026-09-19T14:34:10.1877130+09:00,0.0
2026-09-19T14:34:10.4589904+09:00,0.0
2026-09-19T14:34:10.7566944+09:00,0.0
2026-09-19T14:34:11.0339437+09:00,0.0
2026-09-19T14:34:11.3133935+09:00,0.0
2026-09-19T14:34:11.5931177+09:00,0.0
2026-09-19T14:34:11.8726478+09:00,0.0
2026-09-19T14:34:12.1506768+09:00,0.0
2026-09-19T14:34:12.4230678+09:00,0.0
2026-09-19T14:34:12.7486080+09:00,0.0
2026-09-19T14:34:13.0452381+09:00,0.0
2026-09-19T14:34:13.3250490+09:00,0.0
2026-09-19T14:34:13.6073454+09:00,0.0
2026-09-19T14:34:13.8832312+09:00,0.0
2026-09-19T14:34:14.1906521+09:00,0.0
2026-09-19T14:34:14.4749879+09:00,0.0
2026-09-19T14:34:14.7560285+09:00,0.0
2026-09-19T14:34:15.0081978+09:00,0.0
2026-09-19T14:34:15.3042203+09:00,0.0
2026-09-19T14:34:15.5876944+09:00,0.0
2026-09-19T14:34:15.8709560+09:00,0.0
2026-09-19T14:34:16.1222887+09:00,0.0
2026-09-19T14:34:16.4025701+09:00,0.0
2026-09-19T14:34:16.6730849+09:00,0.0
2026-09-19T14:34:16.9365526+09:00,0.0
2026-09-19T14:34:17.2240720+09:00,0.0
2026-09-19T14:34:17.5044533+09:00,0.0
2026-09-19T14:34:17.8000220+09:00,0.0
2026-09-19T14:34:18.0493950+09:00,0.0
2026-09-19T14:34:18.3447098+09:00,0.0
2026-09-19T14:34:18.6536687+09:00,0.0
2026-09-19T14:34:18.9522239+09:00,0.0
2026-09-19T14:34:19.2177596+09:00,0.0
2026-09-19T14:34:19.4994574+09:00,0.0
2026-09-19T14:34:19.7936685+09:00,0.0
2026-09-19T14:34:20.0893080+09:00,0.0
2026-09-19T14:34:20.3693108+09:00,0.0
2026-09-19T14:34:20.6825235+09:00,0.0
2026-09-19T14:34:20.9866717+09:00,0.0
2026-09-19T14:34:21.2666382+09:00,0.0
2026-09-19T14:34:21.5483281+09:00,0.0
2026-09-19T14:34:21.8131670+09:00,0.0
2026-09-19T14:34:22.0884718+09:00,0.0
2026-09-19T14:34:22.3654926+09:00,0.0
2026-09-19T14:34:22.6634951+09:00,0.0
2026-09-19T14:34:22.9433552+09:00,0.0
2026-09-19T14:34:23.2277508+09:00,0.0
2026-09-19T14:34:23.5237374+09:00,0.0
2026-09-19T14:34:23.8078196+09:00,0.0
2026-09-19T14:34:24.1312406+09:00,0.0
2026-09-19T14:34:24.3791353+09:00,0.0
2026-09-19T14:34:24.6425116+09:00,0.0
2026-09-19T14:34:24.9372530+09:00,0.0
2026-09-19T14:34:25.2154468+09:00,0.0
2026-09-19T14:34:25.4668919+09:00,0.0
2026-09-19T14:34:25.7303955+09:00,0.0
2026-09-19T14:34:26.0092899+09:00,0.0
2026-09-19T14:34:26.2765451+09:00,0.0
2026-09-19T14:34:26.5719584+09:00,0.0
2026-09-19T14:34:26.8542159+09:00,0.0
2026-09-19T14:34:27.1230863+09:00,0.0
2026-09-19T14:34:27.3690538+09:00,0.0
2026-09-19T14:34:27.6984144+09:00,0.0
2026-09-19T14:34:28.0093415+09:00,0.0
2026-09-19T14:34:28.2620179+09:00,0.0
2026-09-19T14:34:28.5734884+09:00,0.0
2026-09-19T14:34:28.8397444+09:00,0.0
2026-09-19T14:34:29.1258827+09:00,0.0
2026-09-19T14:34:29.4080923+09:00,0.0
2026-09-19T14:34:29.7184298+09:00,0.0
2026-09-19T14:34:30.0052514+09:00,0.0
2026-09-19T14:34:30.3344544+09:00,0.0
2026-09-19T14:34:30.6306006+09:00,0.0
2026-09-19T14:34:30.9407830+09:00,0.0
2026-09-19T14:34:31.2533581+09:00,0.0
2026-09-19T14:34:31.5373000+09:00,0.0
2026-09-19T14:34:31.8332598+09:00,0.0
2026-09-19T14:34:32.1552144+09:00,0.0
2026-09-19T14:34:32.4270218+09:00,0.0
2026-09-19T14:34:32.7571072+09:00,0.0
2026-09-19T14:34:33.0391670+09:00,0.0
2026-09-19T14:34:33.3377969+09:00,0.0
2026-09-19T14:34:33.6070706+09:00,0.0
2026-09-19T14:34:33.8821825+09:00,0.0
2026-09-19T14:34:34.1644401+09:00,0.0
2026-09-19T14:34:34.4438733+09:00,0.0
2026-09-19T14:34:34.7086137+09:00,0.0
2026-09-19T14:34:34.9911215+09:00,0.0
2026-09-19T14:34:35.2748178+09:00,0.0
2026-09-19T14:34:35.5668630+09:00,0.0
2026-09-19T14:34:35.8631959+09:00,0.0
2026-09-19T14:34:36.1442947+09:00,0.0
2026-09-19T14:34:36.4236734+09:00,0.0
2026-09-19T14:34:36.7034397+09:00,0.0
2026-09-19T14:34:36.9820475+09:00,0.0
2026-09-19T14:34:37.2644446+09:00,0.0
2026-09-19T14:34:37.5386625+09:00,0.0
2026-09-19T14:34:37.8417443+09:00,0.0
2026-09-19T14:34:38.1118308+09:00,0.0
2026-09-19T14:34:38.3772750+09:00,0.0
2026-09-19T14:34:38.6714226+09:00,0.0
2026-09-19T14:34:38.9369029+09:00,0.0
2026-09-19T14:34:39.1976452+09:00,0.0
2026-09-19T14:34:39.4730846+09:00,0.0
2026-09-19T14:34:39.7493124+09:00,0.0
2026-09-19T14:34:40.0435158+09:00,0.0
2026-09-19T14:34:40.3227357+09:00,0.0
2026-09-19T14:34:40.6074195+09:00,0.0
2026-09-19T14:34:40.9031346+09:00,0.0
2026-09-19T14:34:41.1936428+09:00,0.0
2026-09-19T14:34:41.4713303+09:00,0.0
2026-09-19T14:34:41.7561129+09:00,0.0
2026-09-19T14:34:42.0410145+09:00,0.0
2026-09-19T14:34:42.3192937+09:00,0.0
2026-09-19T14:34:42.5995038+09:00,0.0
2026-09-19T14:34:42.8969380+09:00,0.0
2026-09-19T14:34:43.1769521+09:00,0.0
2026-09-19T14:34:43.4903190+09:00,0.0
2026-09-19T14:34:43.7587404+09:00,0.0
2026-09-19T14:34:44.0239994+09:00,0.0
2026-09-19T14:34:44.3037827+09:00,0.0
2026-09-19T14:34:44.5907717+09:00,0.0
2026-09-19T14:34:44.9054615+09:00,0.0
2026-09-19T14:34:45.1865936+09:00,0.0
2026-09-19T14:34:45.4650562+09:00,0.0
2026-09-19T14:34:45.7157557+09:00,0.0
2026-09-19T14:34:46.0124579+09:00,0.0
2026-09-19T14:34:46.3716682+09:00,0.0
2026-09-19T14:34:46.6680531+09:00,0.0
2026-09-19T14:34:46.9796812+09:00,0.0
2026-09-19T14:34:47.2486328+09:00,0.0
2026-09-19T14:34:47.5752860+09:00,0.0
2026-09-19T14:34:47.8748229+09:00,0.0
2026-09-19T14:34:48.1531448+09:00,0.0
2026-09-19T14:34:48.4313755+09:00,0.0
2026-09-19T14:34:48.7082195+09:00,0.0
2026-09-19T14:34:48.9935223+09:00,0.0
2026-09-19T14:34:49.2752532+09:00,0.0
2026-09-19T14:34:49.5520283+09:00,0.0
2026-09-19T14:34:49.8106806+09:00,0.0
2026-09-19T14:34:50.0939232+09:00,0.0
2026-09-19T14:34:50.3763940+09:00,0.0
2026-09-19T14:34:50.6727785+09:00,0.0
2026-09-19T14:34:50.9736318+09:00,0.0
2026-09-19T14:34:51.2524467+09:00,0.0
2026-09-19T14:34:51.5249857+09:00,0.0
2026-09-19T14:34:51.7961958+09:00,0.0
2026-09-19T14:34:52.0795479+09:00,0.0
2026-09-19T14:34:52.3600798+09:00,0.0
2026-09-19T14:34:52.6587159+09:00,0.0
2026-09-19T14:34:52.9595865+09:00,0.0
2026-09-19T14:34:53.2492754+09:00,0.0
2026-09-19T14:34:53.5177375+09:00,0.0
2026-09-19T14:34:53.7972110+09:00,0.0
2026-09-19T14:34:54.0926928+09:00,0.0
2026-09-19T14:34:54.3894741+09:00,0.0
2026-09-19T14:34:54.6661147+09:00,0.0
2026-09-19T14:34:54.9506420+09:00,0.0
2026-09-19T14:34:55.2160657+09:00,0.0
2026-09-19T14:34:55.5100329+09:00,0.0
2026-09-19T14:34:55.7779653+09:00,0.0
2026-09-19T14:34:56.0696629+09:00,0.0
2026-09-19T14:34:56.3479976+09:00,0.0
2026-09-19T14:34:56.6111155+09:00,0.0
2026-09-19T14:34:56.9103906+09:00,0.0
2026-09-19T14:34:57.1951181+09:00,0.0
2026-09-19T14:34:57.4896261+09:00,0.0
2026-09-19T14:34:57.7705734+09:00,0.0
2026-09-19T14:34:58.0504803+09:00,0.0
2026-09-19T14:34:58.3474527+09:00,0.0
2026-09-19T14:34:58.6436792+09:00,0.0
2026-09-19T14:34:58.9458870+09:00,0.0
2026-09-19T14:34:59.2275057+09:00,0.0
2026-09-19T14:34:59.5225838+09:00,0.0
2026-09-19T14:34:59.8016029+09:00,0.0
2026-09-19T14:35:00.0760847+09:00,0.0
2026-09-19T14:35:00.3765561+09:00,0.0
2026-09-19T14:35:00.6587570+09:00,0.0
2026-09-19T14:35:00.9388427+09:00,0.0
2026-09-19T14:35:01.2224112+09:00,0.0
2026-09-19T14:35:01.5270059+09:00,0.0
2026-09-19T14:35:01.8267386+09:00,0.0
2026-09-19T14:35:02.0964307+09:00,0.0
2026-09-19T14:35:02.4045327+09:00,0.0
2026-09-19T14:35:02.6853211+09:00,0.0
2026-09-19T14:35:02.9662810+09:00,0.0
2026-09-19T14:35:03.2644896+09:00,0.0
2026-09-19T14:35:03.5600006+09:00,0.0
2026-09-19T14:35:03.8467827+09:00,0.0
2026-09-19T14:35:04.1433235+09:00,0.0
2026-09-19T14:35:04.4244194+09:00,0.0
2026-09-19T14:35:04.7093366+09:00,0.0
2026-09-19T14:35:05.0236126+09:00,0.0
2026-09-19T14:35:05.3233994+09:00,0.0
2026-09-19T14:35:05.5727406+09:00,0.0
2026-09-19T14:35:05.8523563+09:00,0.0
2026-09-19T14:35:06.1470341+09:00,0.0
2026-09-19T14:35:06.4078424+09:00,0.0
2026-09-19T14:35:06.6943048+09:00,0.0
2026-09-19T14:35:07.0095677+09:00,0.0
2026-09-19T14:35:07.2885159+09:00,0.0
2026-09-19T14:35:07.5774178+09:00,0.0
2026-09-19T14:35:07.8429939+09:00,0.0
2026-09-19T14:35:08.1143898+09:00,0.0
2026-09-19T14:35:08.4116980+09:00,0.0
2026-09-19T14:35:08.7085248+09:00,0.0
2026-09-19T14:35:09.0059439+09:00,0.0
2026-09-19T14:35:09.2875894+09:00,0.0
2026-09-19T14:35:09.5682270+09:00,0.0
2026-09-19T14:35:09.8586476+09:00,0.0
2026-09-19T14:35:10.1443906+09:00,0.0
2026-09-19T14:35:10.4278633+09:00,0.0
2026-09-19T14:35:10.7100681+09:00,0.0
2026-09-19T14:35:11.0260130+09:00,0.0
2026-09-19T14:35:11.3081618+09:00,0.0
2026-09-19T14:35:11.6029103+09:00,0.0
2026-09-19T14:35:11.8837971+09:00,0.0
2026-09-19T14:35:12.1660967+09:00,0.0
2026-09-19T14:35:12.4653892+09:00,0.0
2026-09-19T14:35:12.7406631+09:00,0.0
2026-09-19T14:35:13.0192126+09:00,0.0
2026-09-19T14:35:13.2987997+09:00,0.0
2026-09-19T14:35:13.5743347+09:00,0.0
2026-09-19T14:35:13.8501017+09:00,0.0
2026-09-19T14:35:14.1292323+09:00,0.0
2026-09-19T14:35:14.4090977+09:00,0.0
2026-09-19T14:35:14.6619944+09:00,0.0
2026-09-19T14:35:14.9607554+09:00,0.0
2026-09-19T14:35:15.2579589+09:00,0.0
2026-09-19T14:35:15.5223601+09:00,0.0
2026-09-19T14:35:15.8058333+09:00,0.0
2026-09-19T14:35:16.1208415+09:00,0.0
2026-09-19T14:35:16.4173226+09:00,0.0
2026-09-19T14:35:16.6984854+09:00,0.0
2026-09-19T14:35:16.9766922+09:00,0.0
2026-09-19T14:35:17.2606799+09:00,0.0
2026-09-19T14:35:17.5377576+09:00,0.0
2026-09-19T14:35:17.8315558+09:00,0.0
2026-09-19T14:35:18.1427889+09:00,0.0
2026-09-19T14:35:18.4259109+09:00,0.0
2026-09-19T14:35:18.7068782+09:00,0.0
2026-09-19T14:35:19.0116685+09:00,0.0
2026-09-19T14:35:19.2905108+09:00,0.0
2026-09-19T14:35:19.5841161+09:00,0.0
2026-09-19T14:35:19.8782025+09:00,0.0
2026-09-19T14:35:20.1587019+09:00,0.0
2026-09-19T14:35:20.4405534+09:00,0.0
2026-09-19T14:35:20.7264949+09:00,0.0
2026-09-19T14:35:21.0083964+09:00,0.0
2026-09-19T14:35:21.3060765+09:00,0.0
2026-09-19T14:35:21.5852238+09:00,0.0
2026-09-19T14:35:21.8644825+09:00,0.0
2026-09-19T14:35:22.1608192+09:00,0.0
2026-09-19T14:35:22.4117724+09:00,0.0
2026-09-19T14:35:22.6626863+09:00,0.0
2026-09-19T14:35:22.9601421+09:00,0.0
2026-09-19T14:35:23.2453354+09:00,0.0
2026-09-19T14:35:23.5270273+09:00,0.0
2026-09-19T14:35:23.8098669+09:00,0.0
2026-09-19T14:35:24.0931530+09:00,0.0
2026-09-19T14:35:24.3719418+09:00,0.0
2026-09-19T14:35:24.6430558+09:00,0.0
2026-09-19T14:35:24.8945121+09:00,0.0
2026-09-19T14:35:25.1784421+09:00,0.0
2026-09-19T14:35:25.4614040+09:00,0.0
2026-09-19T14:35:25.7288116+09:00,0.0
2026-09-19T14:35:26.0236150+09:00,0.0
2026-09-19T14:35:26.3057065+09:00,0.0
2026-09-19T14:35:26.6011944+09:00,0.0
2026-09-19T14:35:26.8976539+09:00,0.0
2026-09-19T14:35:27.1675363+09:00,0.0
2026-09-19T14:35:27.4382085+09:00,0.0
2026-09-19T14:35:27.7072674+09:00,0.0
2026-09-19T14:35:28.0153361+09:00,0.0
2026-09-19T14:35:28.2785566+09:00,0.0
2026-09-19T14:35:28.5368250+09:00,0.0
2026-09-19T14:35:28.8177886+09:00,0.0
2026-09-19T14:35:29.0977691+09:00,0.0
2026-09-19T14:35:29.3639580+09:00,0.0
2026-09-19T14:35:29.6366999+09:00,0.0
2026-09-19T14:35:29.9109390+09:00,0.0
2026-09-19T14:35:30.1922336+09:00,0.0
2026-09-19T14:35:30.4688755+09:00,0.0
2026-09-19T14:35:30.7310400+09:00,0.0
2026-09-19T14:35:31.0120163+09:00,0.0
2026-09-19T14:35:31.2616990+09:00,0.0
2026-09-19T14:35:31.5421611+09:00,0.0
2026-09-19T14:35:31.8418737+09:00,0.0
2026-09-19T14:35:32.1284073+09:00,0.0
2026-09-19T14:35:32.3996965+09:00,0.0
2026-09-19T14:35:32.6956467+09:00,0.0
2026-09-19T14:35:32.9972661+09:00,0.0
2026-09-19T14:35:33.2456704+09:00,0.0
2026-09-19T14:35:33.5215744+09:00,0.0
2026-09-19T14:35:33.8004506+09:00,0.0
2026-09-19T14:35:34.0955480+09:00,0.0
2026-09-19T14:35:34.3766156+09:00,0.0
2026-09-19T14:35:34.6577842+09:00,0.0
2026-09-19T14:35:34.9240394+09:00,0.0
2026-09-19T14:35:35.2022199+09:00,0.0
2026-09-19T14:35:35.4944984+09:00,0.0
2026-09-19T14:35:35.7932503+09:00,0.0
2026-09-19T14:35:36.0865172+09:00,0.0
2026-09-19T14:35:36.3823604+09:00,0.0
2026-09-19T14:35:36.6603049+09:00,0.0
2026-09-19T14:35:36.9705672+09:00,0.0
2026-09-19T14:35:37.2522546+09:00,0.0
2026-09-19T14:35:37.5334868+09:00,0.0
2026-09-19T14:35:37.8155165+09:00,0.0
2026-09-19T14:35:38.1127050+09:00,0.0
2026-09-19T14:35:38.3936432+09:00,0.0
2026-09-19T14:35:38.6948979+09:00,0.0
2026-09-19T14:35:38.9770691+09:00,0.0
2026-09-19T14:35:39.2729841+09:00,0.0
2026-09-19T14:35:39.5622939+09:00,0.0
2026-09-19T14:35:39.8574602+09:00,0.0
2026-09-19T14:35:40.1588135+09:00,0.0
2026-09-19T14:35:40.4223685+09:00,0.0
2026-09-19T14:35:40.7059686+09:00,0.0
2026-09-19T14:35:41.0063142+09:00,0.0
2026-09-19T14:35:41.3009746+09:00,0.0
2026-09-19T14:35:41.6103025+09:00,0.0
2026-09-19T14:35:41.8931655+09:00,0.0
2026-09-19T14:35:42.1514595+09:00,0.0
2026-09-19T14:35:42.4267019+09:00,0.0
2026-09-19T14:35:42.6938539+09:00,0.0
2026-09-19T14:35:42.9900145+09:00,0.0
2026-09-19T14:35:43.2569501+09:00,0.0
2026-09-19T14:35:43.5453321+09:00,0.0
2026-09-19T14:35:43.8441394+09:00,0.0
2026-09-19T14:35:44.1147087+09:00,0.0
2026-09-19T14:35:44.3824803+09:00,0.0
2026-09-19T14:35:44.7111590+09:00,0.0
2026-09-19T14:35:44.9935987+09:00,0.0
2026-09-19T14:35:45.2953211+09:00,0.0
2026-09-19T14:35:45.5845910+09:00,0.0
2026-09-19T14:35:45.8689456+09:00,0.0
2026-09-19T14:35:46.2120290+09:00,0.0
2026-09-19T14:35:46.4905842+09:00,0.0
2026-09-19T14:35:46.8018470+09:00,0.0
2026-09-19T14:35:47.0789548+09:00,0.0
2026-09-19T14:35:47.3543288+09:00,0.0
2026-09-19T14:35:47.6488009+09:00,0.0
2026-09-19T14:35:47.9274510+09:00,0.0
2026-09-19T14:35:48.2119918+09:00,0.0
2026-09-19T14:35:48.4920505+09:00,0.0
2026-09-19T14:35:48.7604724+09:00,0.0
2026-09-19T14:35:49.0295933+09:00,0.0
2026-09-19T14:35:49.3126007+09:00,0.0
2026-09-19T14:35:49.5788126+09:00,0.0
2026-09-19T14:35:49.8581764+09:00,0.0
2026-09-19T14:35:50.1165917+09:00,0.0
2026-09-19T14:35:50.3952117+09:00,0.0
2026-09-19T14:35:50.6770582+09:00,0.0
2026-09-19T14:35:50.9590089+09:00,0.0
2026-09-19T14:35:51.2389154+09:00,0.0
2026-09-19T14:35:51.5067243+09:00,0.0
2026-09-19T14:35:51.8111963+09:00,0.0
2026-09-19T14:35:52.0838851+09:00,0.0
2026-09-19T14:35:52.3657261+09:00,0.0
2026-09-19T14:35:52.6312017+09:00,0.0
2026-09-19T14:35:52.9128017+09:00,0.0
2026-09-19T14:35:53.2097833+09:00,0.0
2026-09-19T14:35:53.5212559+09:00,0.0
2026-09-19T14:35:53.8010727+09:00,0.0
2026-09-19T14:35:54.0816848+09:00,0.0
2026-09-19T14:35:54.3610111+09:00,0.0
2026-09-19T14:35:54.6693173+09:00,0.0
2026-09-19T14:35:54.9446493+09:00,0.0
2026-09-19T14:35:55.2247978+09:00,0.0
2026-09-19T14:35:55.5061406+09:00,0.0
2026-09-19T14:35:55.7868133+09:00,0.0
2026-09-19T14:35:56.0963707+09:00,0.0
2026-09-19T14:35:56.3790091+09:00,0.0
2026-09-19T14:35:56.6473573+09:00,0.0
2026-09-19T14:35:56.9584926+09:00,0.0
2026-09-19T14:35:57.2522117+09:00,0.0
2026-09-19T14:35:57.5198659+09:00,0.0
2026-09-19T14:35:57.8168129+09:00,0.0
2026-09-19T14:35:58.0677738+09:00,0.0
2026-09-19T14:35:58.3792880+09:00,0.0
2026-09-19T14:35:58.6945318+09:00,0.0
2026-09-19T14:35:58.9690986+09:00,0.0
2026-09-19T14:35:59.2512555+09:00,0.0
2026-09-19T14:35:59.5015401+09:00,0.0
2026-09-19T14:35:59.7811201+09:00,0.0
2026-09-19T14:36:00.0765820+09:00,0.0
2026-09-19T14:36:00.3724505+09:00,0.0
2026-09-19T14:36:00.6678622+09:00,0.0
2026-09-19T14:36:00.9192815+09:00,0.0
2026-09-19T14:36:01.2093168+09:00,0.0
2026-09-19T14:36:01.4614380+09:00,0.0
2026-09-19T14:36:01.7267855+09:00,0.0
2026-09-19T14:36:01.9965091+09:00,0.0
2026-09-19T14:36:02.2716038+09:00,0.0
2026-09-19T14:36:02.5560465+09:00,0.0
2026-09-19T14:36:02.8366238+09:00,0.0
2026-09-19T14:36:03.1453698+09:00,0.0
2026-09-19T14:36:03.4265507+09:00,0.0
2026-09-19T14:36:03.6999750+09:00,0.0
2026-09-19T14:36:03.9962662+09:00,0.0
2026-09-19T14:36:04.2963054+09:00,0.0
2026-09-19T14:36:04.5335277+09:00,0.0
2026-09-19T14:36:04.8139204+09:00,0.0
2026-09-19T14:36:05.1173369+09:00,0.0
2026-09-19T14:36:05.4303949+09:00,0.0
2026-09-19T14:36:05.7088172+09:00,0.0
2026-09-19T14:36:06.0101373+09:00,0.0
2026-09-19T14:36:06.3101669+09:00,0.0
2026-09-19T14:36:06.5865777+09:00,0.0
2026-09-19T14:36:06.8678307+09:00,0.0
2026-09-19T14:36:07.1466878+09:00,0.0
2026-09-19T14:36:07.4115078+09:00,0.0
2026-09-19T14:36:07.6929047+09:00,0.0
2026-09-19T14:36:07.9909900+09:00,0.0
2026-09-19T14:36:08.2848446+09:00,0.0
2026-09-19T14:36:08.5982123+09:00,0.0
2026-09-19T14:36:08.8918821+09:00,0.0
2026-09-19T14:36:09.1621702+09:00,0.0
2026-09-19T14:36:09.4684818+09:00,0.0
2026-09-19T14:36:09.7491722+09:00,0.0
2026-09-19T14:36:10.0410384+09:00,0.0
2026-09-19T14:36:10.3288623+09:00,0.0
2026-09-19T14:36:10.6003908+09:00,0.0
2026-09-19T14:36:10.8812954+09:00,0.0
2026-09-19T14:36:11.1743408+09:00,0.0
2026-09-19T14:36:11.4853451+09:00,0.0
2026-09-19T14:36:11.7507759+09:00,0.0
2026-09-19T14:36:12.0306744+09:00,0.0
2026-09-19T14:36:12.2963566+09:00,0.0
2026-09-19T14:36:12.5766391+09:00,0.0
2026-09-19T14:36:12.9044502+09:00,0.0
2026-09-19T14:36:13.1439074+09:00,0.0
2026-09-19T14:36:13.4457611+09:00,0.0
2026-09-19T14:36:13.7259099+09:00,0.0
2026-09-19T14:36:14.0387528+09:00,0.0
2026-09-19T14:36:14.3218306+09:00,0.0
2026-09-19T14:36:14.5748984+09:00,0.0
2026-09-19T14:36:14.8623013+09:00,0.0
2026-09-19T14:36:15.1623366+09:00,0.0
2026-09-19T14:36:15.4585210+09:00,0.0
2026-09-19T14:36:15.7352118+09:00,0.0
2026-09-19T14:36:16.0068598+09:00,0.0
2026-09-19T14:36:16.2855690+09:00,0.0
2026-09-19T14:36:16.5810048+09:00,0.0
2026-09-19T14:36:16.8614443+09:00,0.0
2026-09-19T14:36:17.1477826+09:00,0.0
2026-09-19T14:36:17.3971340+09:00,0.0
2026-09-19T14:36:17.6996173+09:00,0.0
2026-09-19T14:36:18.0132745+09:00,0.0
2026-09-19T14:36:18.2774370+09:00,0.0
2026-09-19T14:36:18.5568789+09:00,0.0
2026-09-19T14:36:18.8385662+09:00,0.0
2026-09-19T14:36:19.0839484+09:00,0.0
2026-09-19T14:36:19.3459935+09:00,0.0
2026-09-19T14:36:19.6171546+09:00,0.0
2026-09-19T14:36:19.8958165+09:00,0.0
2026-09-19T14:36:20.1986962+09:00,0.0
2026-09-19T14:36:20.4790951+09:00,0.0
2026-09-19T14:36:20.7575747+09:00,0.0
2026-09-19T14:36:21.0378768+09:00,0.0
2026-09-19T14:36:21.3332039+09:00,0.0
2026-09-19T14:36:21.6142237+09:00,0.0
2026-09-19T14:36:21.8948009+09:00,0.0
2026-09-19T14:36:22.1996762+09:00,0.0
2026-09-19T14:36:22.4949292+09:00,0.0
2026-09-19T14:36:22.7656009+09:00,0.0
2026-09-19T14:36:23.0403387+09:00,0.0
2026-09-19T14:36:23.3207504+09:00,0.0
2026-09-19T14:36:23.5885150+09:00,0.0
2026-09-19T14:36:23.8362801+09:00,0.0
2026-09-19T14:36:24.1162967+09:00,0.0
2026-09-19T14:36:24.4159220+09:00,0.0
2026-09-19T14:36:24.6958083+09:00,0.0
2026-09-19T14:36:25.0035468+09:00,0.0
2026-09-19T14:36:25.2878198+09:00,0.0
2026-09-19T14:36:25.6307336+09:00,0.0
2026-09-19T14:36:25.9313786+09:00,0.0
2026-09-19T14:36:26.2145393+09:00,0.0
2026-09-19T14:36:26.5142154+09:00,0.0
2026-09-19T14:36:26.7976649+09:00,0.0
2026-09-19T14:36:27.0857821+09:00,0.0
2026-09-19T14:36:27.3671633+09:00,0.0
2026-09-19T14:36:27.6486250+09:00,0.0
2026-09-19T14:36:27.9602300+09:00,0.0
2026-09-19T14:36:28.2414835+09:00,0.0
2026-09-19T14:36:28.5434958+09:00,0.0
2026-09-19T14:36:28.8396420+09:00,0.0
2026-09-19T14:36:29.0820349+09:00,0.0
2026-09-19T14:36:29.3617872+09:00,0.0
2026-09-19T14:36:29.6361757+09:00,0.0
2026-09-19T14:36:29.9154717+09:00,0.0
2026-09-19T14:36:30.1960361+09:00,0.0
2026-09-19T14:36:30.4657951+09:00,0.0
2026-09-19T14:36:30.7594341+09:00,0.0
2026-09-19T14:36:31.0544974+09:00,0.0
2026-09-19T14:36:31.3187977+09:00,0.0
2026-09-19T14:36:31.6143012+09:00,0.0
2026-09-19T14:36:31.8924041+09:00,0.0
2026-09-19T14:36:32.1773669+09:00,0.0
2026-09-19T14:36:32.4483302+09:00,0.0
2026-09-19T14:36:32.7284871+09:00,0.0
2026-09-19T14:36:33.0251351+09:00,0.0
2026-09-19T14:36:33.3061797+09:00,0.0
2026-09-19T14:36:33.6109597+09:00,0.0
2026-09-19T14:36:33.9120573+09:00,0.0
2026-09-19T14:36:34.1945654+09:00,0.0
2026-09-19T14:36:34.4799922+09:00,0.0
2026-09-19T14:36:34.7643813+09:00,0.0
2026-09-19T14:36:35.0567012+09:00,0.0
2026-09-19T14:36:35.3388206+09:00,0.0
2026-09-19T14:36:35.6285019+09:00,0.0
2026-09-19T14:36:35.8722062+09:00,0.0
2026-09-19T14:36:36.1471327+09:00,0.0
2026-09-19T14:36:36.4309574+09:00,0.0
2026-09-19T14:36:36.7091008+09:00,0.0
2026-09-19T14:36:36.9877294+09:00,0.0
2026-09-19T14:36:37.2369824+09:00,0.0
2026-09-19T14:36:37.4915709+09:00,0.0
2026-09-19T14:36:37.7839352+09:00,0.0
2026-09-19T14:36:38.0607956+09:00,0.0
2026-09-19T14:36:38.3407437+09:00,0.0
2026-09-19T14:36:38.6468106+09:00,0.0
2026-09-19T14:36:38.9134689+09:00,0.0
2026-09-19T14:36:39.1972605+09:00,0.0
2026-09-19T14:36:39.4770851+09:00,0.0
2026-09-19T14:36:39.7568548+09:00,0.0
2026-09-19T14:36:40.0530267+09:00,0.0
2026-09-19T14:36:40.3279313+09:00,0.0
2026-09-19T14:36:40.6043098+09:00,0.0
2026-09-19T14:36:40.8852702+09:00,0.0
2026-09-19T14:36:41.1885834+09:00,0.0
2026-09-19T14:36:41.4616019+09:00,0.0
2026-09-19T14:36:41.7280619+09:00,0.0
2026-09-19T14:36:42.0101111+09:00,0.0
2026-09-19T14:36:42.2748891+09:00,0.0
2026-09-19T14:36:42.5631489+09:00,0.0
2026-09-19T14:36:42.8336615+09:00,0.0
2026-09-19T14:36:43.1057569+09:00,0.0
2026-09-19T14:36:43.3742377+09:00,0.0
2026-09-19T14:36:43.6700097+09:00,0.0
2026-09-19T14:36:43.9590567+09:00,0.0
2026-09-19T14:36:44.2468504+09:00,0.0
2026-09-19T14:36:44.5254927+09:00,0.0
2026-09-19T14:36:44.7743016+09:00,0.0
2026-09-19T14:36:45.0716280+09:00,0.0
2026-09-19T14:36:45.3373949+09:00,0.0
2026-09-19T14:36:45.6319854+09:00,0.0
2026-09-19T14:36:45.9022849+09:00,0.0
2026-09-19T14:36:46.1681751+09:00,0.0
2026-09-19T14:36:46.4736396+09:00,0.0
2026-09-19T14:36:46.7628172+09:00,0.0
2026-09-19T14:36:47.0379487+09:00,0.0
2026-09-19T14:36:47.3362700+09:00,0.0
2026-09-19T14:36:47.6122179+09:00,0.0
2026-09-19T14:36:47.9036084+09:00,0.0
2026-09-19T14:36:48.1811811+09:00,0.0
2026-09-19T14:36:48.4480357+09:00,0.0
2026-09-19T14:36:48.7296477+09:00,0.0
2026-09-19T14:36:49.0084382+09:00,0.0
2026-09-19T14:36:49.2602456+09:00,0.0
2026-09-19T14:36:49.5547230+09:00,0.0
2026-09-19T14:36:49.8647212+09:00,0.0
2026-09-19T14:36:50.2108193+09:00,0.0
2026-09-19T14:36:50.5216458+09:00,0.0
2026-09-19T14:36:50.8026664+09:00,0.0
2026-09-19T14:36:51.0819029+09:00,0.0
2026-09-19T14:36:51.3616924+09:00,0.0
2026-09-19T14:36:51.6302779+09:00,0.0
2026-09-19T14:36:51.9182518+09:00,0.0
2026-09-19T14:36:52.1991036+09:00,0.0
2026-09-19T14:36:52.4763507+09:00,0.0
2026-09-19T14:36:52.7958540+09:00,0.0
2026-09-19T14:36:53.0716027+09:00,0.0
2026-09-19T14:36:53.3350184+09:00,0.0
2026-09-19T14:36:53.6317348+09:00,0.0
2026-09-19T14:36:53.9155232+09:00,0.0
2026-09-19T14:36:54.2329961+09:00,0.0
2026-09-19T14:36:54.5239654+09:00,0.0
2026-09-19T14:36:54.8037037+09:00,0.0
2026-09-19T14:36:55.0855089+09:00,0.0
2026-09-19T14:36:55.3651858+09:00,0.0
2026-09-19T14:36:55.6446512+09:00,0.0
2026-09-19T14:36:55.9320205+09:00,0.0
2026-09-19T14:36:56.2137088+09:00,0.0
2026-09-19T14:36:56.5380749+09:00,0.0
2026-09-19T14:36:56.8369307+09:00,0.0
2026-09-19T14:36:57.0868086+09:00,0.0
2026-09-19T14:36:57.3316531+09:00,0.0
2026-09-19T14:36:57.6116419+09:00,0.0
2026-09-19T14:36:57.9254041+09:00,0.0
2026-09-19T14:36:58.2065699+09:00,0.0
2026-09-19T14:36:58.4889606+09:00,0.0
2026-09-19T14:36:58.7897053+09:00,0.0
2026-09-19T14:36:59.0712487+09:00,0.0
2026-09-19T14:36:59.3653632+09:00,0.0
2026-09-19T14:36:59.6301978+09:00,0.0
2026-09-19T14:36:59.9246038+09:00,0.0
2026-09-19T14:37:00.2371271+09:00,0.0
2026-09-19T14:37:00.5440057+09:00,0.0
2026-09-19T14:37:00.8500742+09:00,0.0
2026-09-19T14:37:01.1373449+09:00,0.0
2026-09-19T14:37:01.4180736+09:00,0.0
2026-09-19T14:37:01.6836394+09:00,0.0
2026-09-19T14:37:01.9667424+09:00,0.0
2026-09-19T14:37:02.2467345+09:00,0.0
2026-09-19T14:37:02.4779691+09:00,0.0
2026-09-19T14:37:02.7814115+09:00,0.0
2026-09-19T14:37:03.0574141+09:00,0.0
2026-09-19T14:37:03.3535863+09:00,0.0
2026-09-19T14:37:03.6202438+09:00,0.0
2026-09-19T14:37:03.9016345+09:00,0.0
2026-09-19T14:37:04.1699012+09:00,0.0
2026-09-19T14:37:04.4539110+09:00,0.0
2026-09-19T14:37:04.7362211+09:00,0.0
2026-09-19T14:37:04.9997458+09:00,0.0
2026-09-19T14:37:05.2775503+09:00,0.0
2026-09-19T14:37:05.5494284+09:00,0.0
2026-09-19T14:37:05.8318043+09:00,0.0
2026-09-19T14:37:06.1035073+09:00,0.0
2026-09-19T14:37:06.3701924+09:00,0.0
2026-09-19T14:37:06.6492616+09:00,0.0
2026-09-19T14:37:06.9138272+09:00,0.0
2026-09-19T14:37:07.1951376+09:00,0.0
2026-09-19T14:37:07.4428087+09:00,0.0
2026-09-19T14:37:07.7130069+09:00,0.0
2026-09-19T14:37:08.0246416+09:00,0.0
2026-09-19T14:37:08.3038531+09:00,0.0
2026-09-19T14:37:08.5688414+09:00,0.0
2026-09-19T14:37:08.8723543+09:00,0.0
2026-09-19T14:37:09.1384241+09:00,0.0
2026-09-19T14:37:09.4472041+09:00,0.0
2026-09-19T14:37:09.7260098+09:00,0.0
2026-09-19T14:37:10.0076127+09:00,0.0
2026-09-19T14:37:10.2871118+09:00,0.0
2026-09-19T14:37:10.5811463+09:00,0.0
2026-09-19T14:37:10.8617759+09:00,0.0
2026-09-19T14:37:11.1490652+09:00,0.0
2026-09-19T14:37:11.4274851+09:00,0.0
2026-09-19T14:37:11.7082295+09:00,0.0
2026-09-19T14:37:12.0058088+09:00,0.0
2026-09-19T14:37:12.3018503+09:00,0.0
2026-09-19T14:37:12.5835357+09:00,0.0
2026-09-19T14:37:12.8658463+09:00,0.0
2026-09-19T14:37:13.1586058+09:00,0.0
2026-09-19T14:37:13.4387431+09:00,0.0
2026-09-19T14:37:13.7162745+09:00,0.0
2026-09-19T14:37:14.0129830+09:00,0.0
2026-09-19T14:37:14.3079213+09:00,0.0
2026-09-19T14:37:14.5826183+09:00,0.0
2026-09-19T14:37:14.8669312+09:00,0.0
2026-09-19T14:37:15.1647201+09:00,0.0
2026-09-19T14:37:15.4754054+09:00,0.0
2026-09-19T14:37:15.7597376+09:00,0.0
2026-09-19T14:37:16.0438324+09:00,0.0
2026-09-19T14:37:16.3255696+09:00,0.0
2026-09-19T14:37:16.6210541+09:00,0.0
2026-09-19T14:37:16.9028407+09:00,0.0
2026-09-19T14:37:17.1658191+09:00,0.0
2026-09-19T14:37:17.4332425+09:00,0.0
2026-09-19T14:37:17.7145160+09:00,0.0
2026-09-19T14:37:18.0107154+09:00,0.0
2026-09-19T14:37:18.2902471+09:00,0.0
2026-09-19T14:37:18.5962978+09:00,0.0
2026-09-19T14:37:18.8844642+09:00,0.0
2026-09-19T14:37:19.1697164+09:00,0.0
2026-09-19T14:37:19.4477972+09:00,0.0
2026-09-19T14:37:19.7112818+09:00,0.0
2026-09-19T14:37:19.9945647+09:00,0.0
2026-09-19T14:37:20.2755232+09:00,0.0
2026-09-19T14:37:20.5533503+09:00,0.0
2026-09-19T14:37:20.8632847+09:00,0.0
2026-09-19T14:37:21.1428539+09:00,0.0
2026-09-19T14:37:21.4232576+09:00,0.0
2026-09-19T14:37:21.7004131+09:00,0.0
2026-09-19T14:37:21.9917744+09:00,0.0
2026-09-19T14:37:22.2867619+09:00,0.0
2026-09-19T14:37:22.5504090+09:00,0.0
2026-09-19T14:37:22.8472086+09:00,0.0
2026-09-19T14:37:23.1191096+09:00,0.0
2026-09-19T14:37:23.4137354+09:00,0.0
2026-09-19T14:37:23.6990508+09:00,0.0
2026-09-19T14:37:23.9914841+09:00,0.0
2026-09-19T14:37:24.2602203+09:00,0.0
2026-09-19T14:37:24.5542943+09:00,0.0
2026-09-19T14:37:24.8502815+09:00,0.0
2026-09-19T14:37:25.1313745+09:00,0.0
2026-09-19T14:37:25.4156887+09:00,0.0
2026-09-19T14:37:25.6961697+09:00,0.0
2026-09-19T14:37:25.9895554+09:00,0.0
2026-09-19T14:37:26.2817437+09:00,0.0
2026-09-19T14:37:26.5571219+09:00,0.0
2026-09-19T14:37:26.8699804+09:00,0.0
2026-09-19T14:37:27.1672947+09:00,0.0
2026-09-19T14:37:27.4634152+09:00,0.0
2026-09-19T14:37:27.7762978+09:00,0.0
2026-09-19T14:37:28.0546080+09:00,0.0
2026-09-19T14:37:28.3358605+09:00,0.0
2026-09-19T14:37:28.6334551+09:00,0.0
2026-09-19T14:37:28.9293928+09:00,0.0
2026-09-19T14:37:29.2107895+09:00,0.0
2026-09-19T14:37:29.4607928+09:00,0.0
2026-09-19T14:37:29.7398016+09:00,0.0
2026-09-19T14:37:30.0377822+09:00,0.0
2026-09-19T14:37:30.3144536+09:00,0.0
2026-09-19T14:37:30.5643966+09:00,0.0
2026-09-19T14:37:30.8447170+09:00,0.0
2026-09-19T14:37:31.1230597+09:00,0.0
2026-09-19T14:37:31.3734203+09:00,0.0
2026-09-19T14:37:31.6508307+09:00,0.0
2026-09-19T14:37:31.9284831+09:00,0.0
2026-09-19T14:37:32.1778147+09:00,0.0
2026-09-19T14:37:32.4590019+09:00,0.0
2026-09-19T14:37:32.7823810+09:00,0.0
2026-09-19T14:37:33.0733096+09:00,0.0
2026-09-19T14:37:33.3555397+09:00,0.0
2026-09-19T14:37:33.6375656+09:00,0.0
2026-09-19T14:37:33.9331195+09:00,0.0
2026-09-19T14:37:34.2024426+09:00,0.0
2026-09-19T14:37:34.4679775+09:00,0.0
2026-09-19T14:37:34.7820345+09:00,0.0
2026-09-19T14:37:35.0740118+09:00,0.0
2026-09-19T14:37:35.3404617+09:00,0.0
2026-09-19T14:37:35.6222437+09:00,0.0
2026-09-19T14:37:35.8911971+09:00,0.0
2026-09-19T14:37:36.1710715+09:00,0.0
2026-09-19T14:37:36.4511329+09:00,0.0
2026-09-19T14:37:36.7236658+09:00,0.0
2026-09-19T14:37:37.0133412+09:00,0.0
2026-09-19T14:37:37.2639112+09:00,0.0
2026-09-19T14:37:37.5431206+09:00,0.0
2026-09-19T14:37:37.8187559+09:00,0.0
2026-09-19T14:37:38.0885513+09:00,0.0
2026-09-19T14:37:38.3703691+09:00,0.0
2026-09-19T14:37:38.6515033+09:00,0.0
2026-09-19T14:37:38.9402914+09:00,0.0
2026-09-19T14:37:39.2376434+09:00,0.0
2026-09-19T14:37:39.5055209+09:00,0.0
2026-09-19T14:37:39.7681358+09:00,0.0
2026-09-19T14:37:40.0446993+09:00,0.0
2026-09-19T14:37:40.3112638+09:00,0.0
2026-09-19T14:37:40.6026730+09:00,0.0
2026-09-19T14:37:40.8867582+09:00,0.0
2026-09-19T14:37:41.1690620+09:00,0.0
2026-09-19T14:37:41.4494362+09:00,0.0
2026-09-19T14:37:41.7648358+09:00,0.0
2026-09-19T14:37:42.0602510+09:00,0.0
2026-09-19T14:37:42.3420524+09:00,0.0
2026-09-19T14:37:42.6246253+09:00,0.0
2026-09-19T14:37:42.9096412+09:00,0.0
2026-09-19T14:37:43.1463244+09:00,0.0
2026-09-19T14:37:43.4184061+09:00,0.0
2026-09-19T14:37:43.6857580+09:00,0.0
2026-09-19T14:37:43.9668439+09:00,0.0
2026-09-19T14:37:44.2606343+09:00,0.0
2026-09-19T14:37:44.5408730+09:00,0.0
2026-09-19T14:37:44.7743224+09:00,0.0
2026-09-19T14:37:45.0685598+09:00,0.0
2026-09-19T14:37:45.3474166+09:00,0.0
2026-09-19T14:37:45.6029034+09:00,0.0
2026-09-19T14:37:45.8812452+09:00,0.0
2026-09-19T14:37:46.1334578+09:00,0.0
2026-09-19T14:37:46.4164701+09:00,0.0
2026-09-19T14:37:46.6961977+09:00,0.0
2026-09-19T14:37:47.0097957+09:00,0.0
2026-09-19T14:37:47.2742376+09:00,0.0
2026-09-19T14:37:47.5560728+09:00,0.0
2026-09-19T14:37:47.8377733+09:00,0.0
2026-09-19T14:37:48.1331504+09:00,0.0
2026-09-19T14:37:48.4252885+09:00,0.0
2026-09-19T14:37:48.7177309+09:00,0.0
2026-09-19T14:37:49.0022336+09:00,0.0
2026-09-19T14:37:49.3022473+09:00,0.0
2026-09-19T14:37:49.5835563+09:00,0.0
2026-09-19T14:37:49.8692692+09:00,0.0
2026-09-19T14:37:50.1407081+09:00,0.0
2026-09-19T14:37:50.4209024+09:00,0.0
2026-09-19T14:37:50.7284100+09:00,0.0
2026-09-19T14:37:51.0325267+09:00,0.0
2026-09-19T14:37:51.3132987+09:00,0.0
2026-09-19T14:37:51.6084248+09:00,0.0
2026-09-19T14:37:51.9040109+09:00,0.0
2026-09-19T14:37:52.1958715+09:00,0.0
2026-09-19T14:37:52.4953238+09:00,0.0
2026-09-19T14:37:52.7957180+09:00,0.0
2026-09-19T14:37:53.0958640+09:00,0.0
2026-09-19T14:37:53.3580956+09:00,0.0
2026-09-19T14:37:53.6225276+09:00,0.0
2026-09-19T14:37:53.8917462+09:00,0.0
2026-09-19T14:37:54.1675592+09:00,0.0
2026-09-19T14:37:54.4532780+09:00,0.0
2026-09-19T14:37:54.7352379+09:00,0.0
2026-09-19T14:37:55.0165033+09:00,0.0
2026-09-19T14:37:55.3134798+09:00,0.0
2026-09-19T14:37:55.5874329+09:00,0.0
2026-09-19T14:37:55.9049223+09:00,0.0
2026-09-19T14:37:56.1930818+09:00,0.0
2026-09-19T14:37:56.4614320+09:00,0.0
2026-09-19T14:37:56.7242448+09:00,0.0
2026-09-19T14:37:57.0211244+09:00,0.0
2026-09-19T14:37:57.3159050+09:00,0.0
2026-09-19T14:37:57.5682581+09:00,0.0
2026-09-19T14:37:57.8504830+09:00,0.0
2026-09-19T14:37:58.1177307+09:00,0.0
2026-09-19T14:37:58.3982988+09:00,0.0
2026-09-19T14:37:58.7199156+09:00,0.0
2026-09-19T14:37:59.0010234+09:00,0.0
2026-09-19T14:37:59.2504214+09:00,0.0
2026-09-19T14:37:59.5304176+09:00,0.0
2026-09-19T14:37:59.8280195+09:00,0.0
2026-09-19T14:38:00.0866479+09:00,0.0
2026-09-19T14:38:00.3527796+09:00,0.0
2026-09-19T14:38:00.6387773+09:00,0.0
2026-09-19T14:38:00.9174055+09:00,0.0
2026-09-19T14:38:01.2130759+09:00,0.0
2026-09-19T14:38:01.5034892+09:00,0.0
2026-09-19T14:38:01.7863553+09:00,0.0
2026-09-19T14:38:02.0602978+09:00,0.0
2026-09-19T14:38:02.3412820+09:00,0.0
2026-09-19T14:38:02.6210259+09:00,0.0
2026-09-19T14:38:02.9013552+09:00,0.0
2026-09-19T14:38:03.1804085+09:00,0.0
2026-09-19T14:38:03.4743308+09:00,0.0
2026-09-19T14:38:03.7462728+09:00,0.0
2026-09-19T14:38:04.0338434+09:00,0.0
2026-09-19T14:38:04.3068780+09:00,0.0
2026-09-19T14:38:04.6062097+09:00,0.0
2026-09-19T14:38:04.8727755+09:00,0.0
2026-09-19T14:38:05.2295496+09:00,0.0
2026-09-19T14:38:05.4840365+09:00,0.0
2026-09-19T14:38:05.7698704+09:00,0.0
2026-09-19T14:38:06.0848346+09:00,0.0
2026-09-19T14:38:06.3648812+09:00,0.0
2026-09-19T14:38:06.7195241+09:00,0.0
2026-09-19T14:38:06.9992591+09:00,0.0
2026-09-19T14:38:07.2793448+09:00,0.0
2026-09-19T14:38:07.5531031+09:00,0.0
2026-09-19T14:38:07.8334341+09:00,0.0
2026-09-19T14:38:08.1353208+09:00,0.0
2026-09-19T14:38:08.4144180+09:00,0.0
2026-09-19T14:38:08.6798760+09:00,0.0
2026-09-19T14:38:08.9683319+09:00,0.0
2026-09-19T14:38:09.2545405+09:00,0.0
2026-09-19T14:38:09.5447628+09:00,0.0
2026-09-19T14:38:09.8250630+09:00,0.0
2026-09-19T14:38:10.1179036+09:00,0.0
2026-09-19T14:38:10.3837197+09:00,0.0
2026-09-19T14:38:10.6622665+09:00,0.0
2026-09-19T14:38:10.9533838+09:00,0.0
2026-09-19T14:38:11.2653355+09:00,0.0
2026-09-19T14:38:11.5528538+09:00,0.0
2026-09-19T14:38:11.8378084+09:00,0.0
2026-09-19T14:38:12.1544117+09:00,0.0
2026-09-19T14:38:12.4372583+09:00,0.0
2026-09-19T14:38:12.7147857+09:00,0.0
2026-09-19T14:38:13.0064230+09:00,0.0
2026-09-19T14:38:13.2902086+09:00,0.0
2026-09-19T14:38:13.5759261+09:00,0.0
2026-09-19T14:38:13.8892686+09:00,0.0
2026-09-19T14:38:14.1671764+09:00,0.0
2026-09-19T14:38:14.4326785+09:00,0.0
2026-09-19T14:38:14.7069398+09:00,0.0
2026-09-19T14:38:15.0215563+09:00,0.0
2026-09-19T14:38:15.3329435+09:00,0.0
2026-09-19T14:38:15.6129819+09:00,0.0
2026-09-19T14:38:15.8782208+09:00,0.0
2026-09-19T14:38:16.1752405+09:00,0.0
2026-09-19T14:38:16.4539565+09:00,0.0
2026-09-19T14:38:16.7474021+09:00,0.0
2026-09-19T14:38:17.1051917+09:00,0.0
2026-09-19T14:38:17.4196978+09:00,0.0
2026-09-19T14:38:17.7321652+09:00,0.0
2026-09-19T14:38:18.0296748+09:00,0.0
2026-09-19T14:38:18.3251124+09:00,0.0
2026-09-19T14:38:18.5896276+09:00,0.0
2026-09-19T14:38:18.8873131+09:00,0.0
2026-09-19T14:38:19.1719038+09:00,0.0
2026-09-19T14:38:19.4533361+09:00,0.0
2026-09-19T14:38:19.7285385+09:00,0.0
2026-09-19T14:38:20.0129208+09:00,0.0
2026-09-19T14:38:20.2775383+09:00,0.0
2026-09-19T14:38:20.5569411+09:00,0.0
2026-09-19T14:38:20.8518007+09:00,0.0
2026-09-19T14:38:21.1359088+09:00,0.0
2026-09-19T14:38:21.4198995+09:00,0.0
2026-09-19T14:38:21.7040996+09:00,0.0
2026-09-19T14:38:22.0004627+09:00,0.0
2026-09-19T14:38:22.2841530+09:00,0.0
2026-09-19T14:38:22.5654105+09:00,0.0
2026-09-19T14:38:22.8640695+09:00,0.0
2026-09-19T14:38:23.1376720+09:00,0.0
2026-09-19T14:38:23.4037534+09:00,0.0
2026-09-19T14:38:23.6724446+09:00,0.0
2026-09-19T14:38:23.9535600+09:00,0.0
2026-09-19T14:38:24.2316737+09:00,0.0
2026-09-19T14:38:24.5175895+09:00,0.0
2026-09-19T14:38:24.8309773+09:00,0.0
2026-09-19T14:38:25.1193983+09:00,0.0
2026-09-19T14:38:25.3922786+09:00,0.0
2026-09-19T14:38:25.6723837+09:00,0.0
2026-09-19T14:38:25.9693134+09:00,0.0
2026-09-19T14:38:26.2462965+09:00,0.0
2026-09-19T14:38:26.5356746+09:00,0.0
2026-09-19T14:38:26.8075294+09:00,0.0
2026-09-19T14:38:27.0932027+09:00,0.0
2026-09-19T14:38:27.4052723+09:00,0.0
2026-09-19T14:38:27.6701488+09:00,0.0
2026-09-19T14:38:27.9513778+09:00,0.0
2026-09-19T14:38:28.2332091+09:00,0.0
2026-09-19T14:38:28.5129427+09:00,0.0
2026-09-19T14:38:28.8247282+09:00,0.0
2026-09-19T14:38:29.1215154+09:00,0.0
2026-09-19T14:38:29.4031874+09:00,0.0
2026-09-19T14:38:29.6957691+09:00,0.0
2026-09-19T14:38:29.9654712+09:00,0.0
2026-09-19T14:38:30.2445839+09:00,0.0
2026-09-19T14:38:30.5235746+09:00,0.0
2026-09-19T14:38:30.8099421+09:00,0.0
2026-09-19T14:38:31.1070565+09:00,0.0
2026-09-19T14:38:31.3838156+09:00,0.0
2026-09-19T14:38:31.6666072+09:00,0.0
2026-09-19T14:38:31.9633912+09:00,0.0
2026-09-19T14:38:32.2448786+09:00,0.0
2026-09-19T14:38:32.5228175+09:00,0.0
2026-09-19T14:38:32.7942853+09:00,0.0
2026-09-19T14:38:33.0643030+09:00,0.0
2026-09-19T14:38:33.3456773+09:00,0.0
2026-09-19T14:38:33.6613785+09:00,0.0
2026-09-19T14:38:33.9357409+09:00,0.0
2026-09-19T14:38:34.2175281+09:00,0.0
2026-09-19T14:38:34.5051629+09:00,0.0
2026-09-19T14:38:34.7865802+09:00,0.0
2026-09-19T14:38:35.0916248+09:00,0.0
2026-09-19T14:38:35.3869376+09:00,0.0
2026-09-19T14:38:35.6528417+09:00,0.0
2026-09-19T14:38:35.9734702+09:00,0.0
2026-09-19T14:38:36.2718014+09:00,0.0
2026-09-19T14:38:36.5849032+09:00,0.0
2026-09-19T14:38:36.8724572+09:00,0.0
2026-09-19T14:38:37.1581952+09:00,0.0
2026-09-19T14:38:37.4377859+09:00,0.0
2026-09-19T14:38:37.7035055+09:00,0.0
2026-09-19T14:38:38.0289040+09:00,0.0
2026-09-19T14:38:38.2779275+09:00,0.0
2026-09-19T14:38:38.5582754+09:00,0.0
2026-09-19T14:38:38.8565423+09:00,0.0
2026-09-19T14:38:39.1387905+09:00,0.0
2026-09-19T14:38:39.4374285+09:00,0.0
2026-09-19T14:38:39.7172735+09:00,0.0
2026-09-19T14:38:39.9961914+09:00,0.0
2026-09-19T14:38:40.2772713+09:00,0.0
2026-09-19T14:38:40.5556404+09:00,0.0
2026-09-19T14:38:40.8250242+09:00,0.0
2026-09-19T14:38:41.1005990+09:00,0.0
2026-09-19T14:38:41.3965153+09:00,0.0
2026-09-19T14:38:41.6408553+09:00,0.0
2026-09-19T14:38:41.9133243+09:00,0.0
2026-09-19T14:38:42.1626691+09:00,0.0
2026-09-19T14:38:42.4603067+09:00,0.0
2026-09-19T14:38:42.7379889+09:00,0.0
2026-09-19T14:38:43.0059259+09:00,0.0
2026-09-19T14:38:43.2895221+09:00,0.0
2026-09-19T14:38:43.5545584+09:00,0.0
2026-09-19T14:38:43.8369535+09:00,0.0
2026-09-19T14:38:44.0920523+09:00,0.0
2026-09-19T14:38:44.3893122+09:00,0.0
2026-09-19T14:38:44.6717644+09:00,0.0
2026-09-19T14:38:44.9514812+09:00,0.0
2026-09-19T14:38:45.2450625+09:00,0.0
2026-09-19T14:38:45.5417933+09:00,0.0
2026-09-19T14:38:45.8318106+09:00,0.0
2026-09-19T14:38:46.0756201+09:00,0.0
2026-09-19T14:38:46.3687179+09:00,0.0
2026-09-19T14:38:46.6484904+09:00,0.0
2026-09-19T14:38:46.9572841+09:00,0.0
2026-09-19T14:38:47.1884204+09:00,0.0
2026-09-19T14:38:47.4893363+09:00,0.0
2026-09-19T14:38:47.7719752+09:00,0.0
2026-09-19T14:38:48.0473600+09:00,0.0
2026-09-19T14:38:48.3373393+09:00,0.0
2026-09-19T14:38:48.5957937+09:00,0.0
2026-09-19T14:38:48.8926421+09:00,0.0
2026-09-19T14:38:49.1776777+09:00,0.0
2026-09-19T14:38:49.4505764+09:00,0.0
2026-09-19T14:38:49.7281755+09:00,0.0
2026-09-19T14:38:50.0083471+09:00,0.0
2026-09-19T14:38:50.2899683+09:00,0.0
2026-09-19T14:38:50.5892319+09:00,0.0
2026-09-19T14:38:50.8687897+09:00,0.0
2026-09-19T14:38:51.1552354+09:00,0.0
2026-09-19T14:38:51.4554406+09:00,0.0
2026-09-19T14:38:51.7357832+09:00,0.0
2026-09-19T14:38:52.0325452+09:00,0.0
2026-09-19T14:38:52.3283955+09:00,0.0
2026-09-19T14:38:52.6010174+09:00,0.0
2026-09-19T14:38:52.8714294+09:00,0.0
2026-09-19T14:38:53.1393821+09:00,0.0
2026-09-19T14:38:53.4220344+09:00,0.0
2026-09-19T14:38:53.7065328+09:00,0.0
2026-09-19T14:38:54.0055279+09:00,0.0
2026-09-19T14:38:54.3013436+09:00,0.0
2026-09-19T14:38:54.6021878+09:00,0.0
2026-09-19T14:38:54.8838921+09:00,0.0
2026-09-19T14:38:55.1643068+09:00,0.0
2026-09-19T14:38:55.4479231+09:00,0.0
2026-09-19T14:38:55.7333657+09:00,0.0
2026-09-19T14:38:56.0265974+09:00,0.0
2026-09-19T14:38:56.3236620+09:00,0.0
2026-09-19T14:38:56.6035550+09:00,0.0
2026-09-19T14:38:56.8838908+09:00,0.0
2026-09-19T14:38:57.1630214+09:00,0.0
2026-09-19T14:38:57.4451072+09:00,0.0
2026-09-19T14:38:57.7375857+09:00,0.0
2026-09-19T14:38:57.9937223+09:00,0.0
2026-09-19T14:38:58.2761199+09:00,0.0
2026-09-19T14:38:58.5530757+09:00,0.0
2026-09-19T14:38:58.8194601+09:00,0.0
2026-09-19T14:38:59.0986064+09:00,0.0
2026-09-19T14:38:59.3945656+09:00,0.0
2026-09-19T14:38:59.6925201+09:00,0.0
2026-09-19T14:39:00.0194813+09:00,0.0
2026-09-19T14:39:00.3184205+09:00,0.0
2026-09-19T14:39:00.6020569+09:00,0.0
2026-09-19T14:39:00.8670448+09:00,0.0
2026-09-19T14:39:01.1745778+09:00,0.0
2026-09-19T14:39:01.4545873+09:00,0.0
2026-09-19T14:39:01.7484794+09:00,0.0
2026-09-19T14:39:02.0439534+09:00,0.0
2026-09-19T14:39:02.3402861+09:00,0.0
2026-09-19T14:39:02.6293950+09:00,0.0
2026-09-19T14:39:02.9039710+09:00,0.0
2026-09-19T14:39:03.1414685+09:00,0.0
2026-09-19T14:39:03.4228963+09:00,0.0
2026-09-19T14:39:03.7058301+09:00,0.0
2026-09-19T14:39:04.0160299+09:00,0.0
2026-09-19T14:39:04.2975059+09:00,0.0
2026-09-19T14:39:04.6047656+09:00,0.0
2026-09-19T14:39:04.8712448+09:00,0.0
2026-09-19T14:39:05.1632964+09:00,0.0
2026-09-19T14:39:05.4432503+09:00,0.0
2026-09-19T14:39:05.7844719+09:00,0.0
2026-09-19T14:39:06.0568832+09:00,0.0
2026-09-19T14:39:06.3360797+09:00,0.0
2026-09-19T14:39:06.6255549+09:00,0.0
2026-09-19T14:39:06.9403399+09:00,0.0
2026-09-19T14:39:07.2386361+09:00,0.0
2026-09-19T14:39:07.5065359+09:00,0.0
2026-09-19T14:39:07.7982129+09:00,0.0
2026-09-19T14:39:08.0761803+09:00,0.0
2026-09-19T14:39:08.3592384+09:00,0.0
2026-09-19T14:39:08.6253136+09:00,0.0
2026-09-19T14:39:08.9394084+09:00,0.0
2026-09-19T14:39:09.2202258+09:00,0.0
2026-09-19T14:39:09.4727243+09:00,0.0
2026-09-19T14:39:09.7554288+09:00,0.0
2026-09-19T14:39:10.0345256+09:00,0.0
2026-09-19T14:39:10.3019730+09:00,0.0
2026-09-19T14:39:10.5858387+09:00,0.0
2026-09-19T14:39:10.8732014+09:00,0.0
2026-09-19T14:39:11.2045797+09:00,0.0
2026-09-19T14:39:11.4924882+09:00,0.0
2026-09-19T14:39:11.7437868+09:00,0.0
2026-09-19T14:39:12.0356029+09:00,0.0
2026-09-19T14:39:12.3153129+09:00,0.0
2026-09-19T14:39:12.6047882+09:00,0.0
2026-09-19T14:39:12.8732345+09:00,0.0
2026-09-19T14:39:13.1467298+09:00,0.0
2026-09-19T14:39:13.4272332+09:00,0.0
2026-09-19T14:39:13.7044431+09:00,0.0
2026-09-19T14:39:13.9873562+09:00,0.0
2026-09-19T14:39:14.2899959+09:00,0.0
2026-09-19T14:39:14.5646806+09:00,0.0
2026-09-19T14:39:14.8620501+09:00,0.0
2026-09-19T14:39:15.1747373+09:00,0.0
2026-09-19T14:39:15.4712019+09:00,0.0
2026-09-19T14:39:15.7667708+09:00,0.0
2026-09-19T14:39:16.0492952+09:00,0.0
2026-09-19T14:39:16.3188235+09:00,0.0
2026-09-19T14:39:16.5849681+09:00,0.0
2026-09-19T14:39:16.8658553+09:00,0.0
2026-09-19T14:39:17.1581273+09:00,0.0
2026-09-19T14:39:17.4564693+09:00,0.0
2026-09-19T14:39:17.7357121+09:00,0.0
2026-09-19T14:39:18.0227221+09:00,0.0
2026-09-19T14:39:18.2900488+09:00,0.0
2026-09-19T14:39:18.5657230+09:00,0.0
2026-09-19T14:39:18.8753934+09:00,0.0
2026-09-19T14:39:19.1549515+09:00,0.0
2026-09-19T14:39:19.3946544+09:00,0.0
2026-09-19T14:39:19.7054829+09:00,0.0
2026-09-19T14:39:19.9851481+09:00,0.0
2026-09-19T14:39:20.2647830+09:00,0.0
2026-09-19T14:39:20.5389085+09:00,0.0
2026-09-19T14:39:20.8325253+09:00,0.0
2026-09-19T14:39:21.1261089+09:00,0.0
2026-09-19T14:39:21.4244570+09:00,0.0
2026-09-19T14:39:21.7028968+09:00,0.0
2026-09-19T14:39:21.9778983+09:00,0.0
2026-09-19T14:39:22.2591065+09:00,0.0
2026-09-19T14:39:22.5397713+09:00,0.0
2026-09-19T14:39:22.8521312+09:00,0.0
2026-09-19T14:39:23.1361410+09:00,0.0
2026-09-19T14:39:23.3996497+09:00,0.0
2026-09-19T14:39:23.7131547+09:00,0.0
2026-09-19T14:39:24.0404401+09:00,0.0
2026-09-19T14:39:24.3029987+09:00,0.0
2026-09-19T14:39:24.5720615+09:00,0.0
2026-09-19T14:39:24.8546990+09:00,0.0
2026-09-19T14:39:25.1058720+09:00,0.0
2026-09-19T14:39:25.3839624+09:00,0.0
2026-09-19T14:39:25.6523520+09:00,0.0
2026-09-19T14:39:25.9315594+09:00,0.0
2026-09-19T14:39:26.2053589+09:00,0.0
2026-09-19T14:39:26.4927806+09:00,0.0
2026-09-19T14:39:26.7723580+09:00,0.0
2026-09-19T14:39:27.0401355+09:00,0.0
2026-09-19T14:39:27.3063848+09:00,0.0
2026-09-19T14:39:27.5845861+09:00,0.0
2026-09-19T14:39:27.8660033+09:00,0.0
2026-09-19T14:39:28.1502953+09:00,0.0
2026-09-19T14:39:28.4241350+09:00,0.0
2026-09-19T14:39:28.7221796+09:00,0.0
2026-09-19T14:39:29.0046512+09:00,0.0
2026-09-19T14:39:29.2892895+09:00,0.0
2026-09-19T14:39:29.5875929+09:00,0.0
2026-09-19T14:39:29.8828290+09:00,0.0
2026-09-19T14:39:30.1628848+09:00,0.0
2026-09-19T14:39:30.4595154+09:00,0.0
2026-09-19T14:39:30.7258930+09:00,0.0
2026-09-19T14:39:30.9895554+09:00,0.0
2026-09-19T14:39:31.2730733+09:00,0.0
2026-09-19T14:39:31.5664266+09:00,0.0
2026-09-19T14:39:31.8458371+09:00,0.0
2026-09-19T14:39:32.1278719+09:00,0.0
2026-09-19T14:39:32.4090819+09:00,0.0
2026-09-19T14:39:32.6731250+09:00,0.0
2026-09-19T14:39:32.9592201+09:00,0.0
2026-09-19T14:39:33.2378671+09:00,0.0
2026-09-19T14:39:33.5280043+09:00,0.0
2026-09-19T14:39:33.8211861+09:00,0.0
2026-09-19T14:39:34.0872801+09:00,0.0
2026-09-19T14:39:34.3861691+09:00,0.0
2026-09-19T14:39:34.6678669+09:00,0.0
2026-09-19T14:39:34.9739804+09:00,0.0
2026-09-19T14:39:35.2583751+09:00,0.0
2026-09-19T14:39:35.5368212+09:00,0.0
2026-09-19T14:39:35.8208239+09:00,0.0
2026-09-19T14:39:36.0911386+09:00,0.0
2026-09-19T14:39:36.3906636+09:00,0.0
2026-09-19T14:39:36.6860935+09:00,0.0
2026-09-19T14:39:36.9682952+09:00,0.0
2026-09-19T14:39:37.2325630+09:00,0.0
2026-09-19T14:39:37.5226372+09:00,0.0
2026-09-19T14:39:37.7730848+09:00,0.0
2026-09-19T14:39:38.0574603+09:00,0.0
2026-09-19T14:39:38.3585290+09:00,0.0
2026-09-19T14:39:38.6443070+09:00,0.0
2026-09-19T14:39:38.9257160+09:00,0.0
2026-09-19T14:39:39.1769619+09:00,0.0
2026-09-19T14:39:39.4729337+09:00,0.0
2026-09-19T14:39:39.7560594+09:00,0.0
2026-09-19T14:39:40.0394664+09:00,0.0
2026-09-19T14:39:40.3147622+09:00,0.0
2026-09-19T14:39:40.5826603+09:00,0.0
2026-09-19T14:39:40.8509240+09:00,0.0
2026-09-19T14:39:41.1173469+09:00,0.0
2026-09-19T14:39:41.3951670+09:00,0.0
2026-09-19T14:39:41.7056779+09:00,0.0
2026-09-19T14:39:41.9908951+09:00,0.0
2026-09-19T14:39:42.3900500+09:00,0.0
2026-09-19T14:39:42.6326686+09:00,0.0
2026-09-19T14:39:42.9239393+09:00,0.0
2026-09-19T14:39:43.1912915+09:00,0.0
2026-09-19T14:39:43.4686202+09:00,0.0
2026-09-19T14:39:43.7911710+09:00,0.0
2026-09-19T14:39:44.0667464+09:00,0.0
2026-09-19T14:39:44.3318467+09:00,0.0
2026-09-19T14:39:44.6126728+09:00,0.0
2026-09-19T14:39:44.8941548+09:00,0.0
2026-09-19T14:39:45.1668938+09:00,0.0
2026-09-19T14:39:45.4568466+09:00,0.0
2026-09-19T14:39:45.7544252+09:00,0.0
2026-09-19T14:39:46.0356410+09:00,0.0
2026-09-19T14:39:46.3151451+09:00,0.0
2026-09-19T14:39:46.5909880+09:00,0.0
2026-09-19T14:39:46.8730431+09:00,0.0
2026-09-19T14:39:47.1736692+09:00,0.0
2026-09-19T14:39:47.4208083+09:00,0.0
2026-09-19T14:39:47.7080628+09:00,0.0
2026-09-19T14:39:47.9783351+09:00,0.0
2026-09-19T14:39:48.2627354+09:00,0.0
2026-09-19T14:39:48.5562540+09:00,0.0
2026-09-19T14:39:48.8357594+09:00,0.0
2026-09-19T14:39:49.1180692+09:00,0.0
2026-09-19T14:39:49.3765904+09:00,0.0
2026-09-19T14:39:49.6569571+09:00,0.0
2026-09-19T14:39:49.9372970+09:00,0.0
2026-09-19T14:39:50.2246105+09:00,0.0
2026-09-19T14:39:50.5036692+09:00,0.0
2026-09-19T14:39:50.8040883+09:00,0.0
2026-09-19T14:39:51.0813872+09:00,0.0
2026-09-19T14:39:51.3636443+09:00,0.0
2026-09-19T14:39:51.6395263+09:00,0.0
2026-09-19T14:39:51.9049889+09:00,0.0
2026-09-19T14:39:52.1908628+09:00,0.0
2026-09-19T14:39:52.4767201+09:00,0.0
2026-09-19T14:39:52.7718195+09:00,0.0
2026-09-19T14:39:53.0586905+09:00,0.0
2026-09-19T14:39:53.3390289+09:00,0.0
2026-09-19T14:39:53.6227078+09:00,0.0
2026-09-19T14:39:53.8840978+09:00,0.0
2026-09-19T14:39:54.1522174+09:00,0.0
2026-09-19T14:39:54.4479761+09:00,0.0
2026-09-19T14:39:54.7093854+09:00,0.0
2026-09-19T14:39:54.9910258+09:00,0.0
2026-09-19T14:39:55.2391508+09:00,0.0
2026-09-19T14:39:55.5334874+09:00,0.0
2026-09-19T14:39:55.8022384+09:00,0.0
2026-09-19T14:39:56.0697538+09:00,0.0
2026-09-19T14:39:56.3496556+09:00,0.0
2026-09-19T14:39:56.6170143+09:00,0.0
2026-09-19T14:39:56.8993546+09:00,0.0
2026-09-19T14:39:57.1679231+09:00,0.0
2026-09-19T14:39:57.4086062+09:00,0.0
2026-09-19T14:39:57.6928863+09:00,0.0
2026-09-19T14:39:57.9915627+09:00,0.0
2026-09-19T14:39:58.2742658+09:00,0.0
2026-09-19T14:39:58.5537103+09:00,0.0
2026-09-19T14:39:58.8488399+09:00,0.0
2026-09-19T14:39:59.1102234+09:00,0.0
2026-09-19T14:39:59.3912658+09:00,0.0
2026-09-19T14:39:59.6831338+09:00,0.0
2026-09-19T14:39:59.9889156+09:00,0.0
2026-09-19T14:40:00.2683720+09:00,0.0
2026-09-19T14:40:00.5362143+09:00,0.0
2026-09-19T14:40:00.8185643+09:00,0.0
2026-09-19T14:40:01.0918899+09:00,0.0
2026-09-19T14:40:01.3715686+09:00,0.0
2026-09-19T14:40:01.6610486+09:00,0.0
2026-09-19T14:40:01.9552292+09:00,0.0
2026-09-19T14:40:02.2817132+09:00,0.0
2026-09-19T14:40:02.5538626+09:00,0.0
2026-09-19T14:40:02.8185790+09:00,0.0
2026-09-19T14:40:03.1016856+09:00,0.0
2026-09-19T14:40:03.3827647+09:00,0.0
2026-09-19T14:40:03.6490220+09:00,0.0
2026-09-19T14:40:03.9147706+09:00,0.0
2026-09-19T14:40:04.1865340+09:00,0.0
2026-09-19T14:40:04.4683331+09:00,0.0
2026-09-19T14:40:04.7492005+09:00,0.0
2026-09-19T14:40:05.0134946+09:00,0.0
2026-09-19T14:40:05.2902845+09:00,0.0
2026-09-19T14:40:05.5495890+09:00,0.0
2026-09-19T14:40:05.8297140+09:00,0.0
2026-09-19T14:40:06.1251119+09:00,0.0
2026-09-19T14:40:06.4041104+09:00,0.0
2026-09-19T14:40:06.6907479+09:00,0.0
2026-09-19T14:40:07.0048300+09:00,0.0
2026-09-19T14:40:07.2997571+09:00,0.0
2026-09-19T14:40:07.5843131+09:00,0.0
2026-09-19T14:40:07.8822375+09:00,0.0
2026-09-19T14:40:08.1821878+09:00,0.0
2026-09-19T14:40:08.5365585+09:00,0.0
2026-09-19T14:40:08.8475854+09:00,0.0
2026-09-19T14:40:09.1264573+09:00,0.0
2026-09-19T14:40:09.4080256+09:00,0.0
2026-09-19T14:40:09.7242864+09:00,0.0
2026-09-19T14:40:10.0047358+09:00,0.0
2026-09-19T14:40:10.2852058+09:00,0.0
2026-09-19T14:40:10.5644182+09:00,0.0
2026-09-19T14:40:10.8553980+09:00,0.0
2026-09-19T14:40:11.1228994+09:00,0.0
2026-09-19T14:40:11.4007882+09:00,0.0
2026-09-19T14:40:11.6860564+09:00,0.0
2026-09-19T14:40:11.9825413+09:00,0.0
2026-09-19T14:40:12.2805398+09:00,0.0
2026-09-19T14:40:12.5617126+09:00,0.0
2026-09-19T14:40:12.8457957+09:00,0.0
2026-09-19T14:40:13.1259691+09:00,0.0
2026-09-19T14:40:13.4085916+09:00,0.0
2026-09-19T14:40:13.6897070+09:00,0.0
2026-09-19T14:40:13.9623590+09:00,0.0
2026-09-19T14:40:14.2263281+09:00,0.0
2026-09-19T14:40:14.4926028+09:00,0.0
2026-09-19T14:40:14.7645415+09:00,0.0
2026-09-19T14:40:15.0576553+09:00,0.0
2026-09-19T14:40:15.3543259+09:00,0.0
2026-09-19T14:40:15.6198036+09:00,0.0
2026-09-19T14:40:15.9150439+09:00,0.0
2026-09-19T14:40:16.1998180+09:00,0.0
2026-09-19T14:40:16.4497409+09:00,0.0
2026-09-19T14:40:16.7756182+09:00,0.0
2026-09-19T14:40:17.0389731+09:00,0.0
2026-09-19T14:40:17.3230946+09:00,0.0
2026-09-19T14:40:17.6049789+09:00,0.0
2026-09-19T14:40:17.8852764+09:00,0.0
2026-09-19T14:40:18.1775470+09:00,0.0
2026-09-19T14:40:18.4724237+09:00,0.0
2026-09-19T14:40:18.7523192+09:00,0.0
2026-09-19T14:40:19.0342397+09:00,0.0
2026-09-19T14:40:19.3155378+09:00,0.0
2026-09-19T14:40:19.5955622+09:00,0.0
2026-09-19T14:40:19.8442646+09:00,0.0
2026-09-19T14:40:20.1242726+09:00,0.0
2026-09-19T14:40:20.3862431+09:00,0.0
2026-09-19T14:40:20.6656622+09:00,0.0
2026-09-19T14:40:20.9453976+09:00,0.0
2026-09-19T14:40:21.2468359+09:00,0.0
2026-09-19T14:40:21.5318109+09:00,0.0
2026-09-19T14:40:21.8007955+09:00,0.0
2026-09-19T14:40:22.0908376+09:00,0.0
2026-09-19T14:40:22.3561226+09:00,0.0
2026-09-19T14:40:22.6376079+09:00,0.0
2026-09-19T14:40:22.8870818+09:00,0.0
2026-09-19T14:40:23.1519502+09:00,0.0
2026-09-19T14:40:23.4259806+09:00,0.0
2026-09-19T14:40:23.7214119+09:00,0.0
2026-09-19T14:40:24.0005603+09:00,0.0
2026-09-19T14:40:24.2814032+09:00,0.0
2026-09-19T14:40:24.5770417+09:00,0.0
2026-09-19T14:40:24.8108317+09:00,0.0
2026-09-19T14:40:25.0905846+09:00,0.0
2026-09-19T14:40:25.3627901+09:00,0.0
2026-09-19T14:40:25.6403235+09:00,0.0
2026-09-19T14:40:25.9206291+09:00,0.0
2026-09-19T14:40:26.2008975+09:00,0.0
2026-09-19T14:40:26.4497549+09:00,0.0
2026-09-19T14:40:26.7264899+09:00,0.0
2026-09-19T14:40:27.0051741+09:00,0.0
2026-09-19T14:40:27.2721158+09:00,0.0
2026-09-19T14:40:27.5516339+09:00,0.0
2026-09-19T14:40:27.8320600+09:00,0.0
2026-09-19T14:40:28.1001201+09:00,0.0
2026-09-19T14:40:28.3654036+09:00,0.0
2026-09-19T14:40:28.6470833+09:00,0.0
2026-09-19T14:40:28.9425745+09:00,0.0
2026-09-19T14:40:29.2095784+09:00,0.0
2026-09-19T14:40:29.4879901+09:00,0.0
2026-09-19T14:40:29.7368125+09:00,0.0
2026-09-19T14:40:30.0111351+09:00,0.0
2026-09-19T14:40:30.2917192+09:00,0.0
2026-09-19T14:40:30.5747867+09:00,0.0
2026-09-19T14:40:30.8391392+09:00,0.0
2026-09-19T14:40:31.1207259+09:00,0.0
2026-09-19T14:40:31.4296515+09:00,0.0
2026-09-19T14:40:31.7102018+09:00,0.0
2026-09-19T14:40:32.0063982+09:00,0.0
2026-09-19T14:40:32.3004084+09:00,0.0
2026-09-19T14:40:32.6113353+09:00,0.0
2026-09-19T14:40:32.8777713+09:00,0.0
2026-09-19T14:40:33.1465927+09:00,0.0
2026-09-19T14:40:33.4292593+09:00,0.0
2026-09-19T14:40:33.7231367+09:00,0.0
2026-09-19T14:40:34.0019333+09:00,0.0
2026-09-19T14:40:34.2968941+09:00,0.0
2026-09-19T14:40:34.5781913+09:00,0.0
2026-09-19T14:40:34.8555876+09:00,0.0
2026-09-19T14:40:35.1187481+09:00,0.0
2026-09-19T14:40:35.3831279+09:00,0.0
2026-09-19T14:40:35.6642997+09:00,0.0
2026-09-19T14:40:35.9447859+09:00,0.0
2026-09-19T14:40:36.2161041+09:00,0.0
2026-09-19T14:40:36.4953478+09:00,0.0
2026-09-19T14:40:36.7904554+09:00,0.0
2026-09-19T14:40:37.0832619+09:00,0.0
2026-09-19T14:40:37.3486837+09:00,0.0
2026-09-19T14:40:37.6151273+09:00,0.0
2026-09-19T14:40:37.8940459+09:00,0.0
2026-09-19T14:40:38.1756225+09:00,0.0
2026-09-19T14:40:38.4252849+09:00,0.0
2026-09-19T14:40:38.6899997+09:00,0.0
2026-09-19T14:40:38.9676606+09:00,0.0
2026-09-19T14:40:39.2774022+09:00,0.0
2026-09-19T14:40:39.5443171+09:00,0.0
2026-09-19T14:40:39.7948069+09:00,0.0
2026-09-19T14:40:40.0900299+09:00,0.0
2026-09-19T14:40:40.3727481+09:00,0.0
2026-09-19T14:40:40.6552310+09:00,0.0
2026-09-19T14:40:40.9460895+09:00,0.0
2026-09-19T14:40:41.2249144+09:00,0.0
2026-09-19T14:40:41.5035072+09:00,0.0
2026-09-19T14:40:41.7843101+09:00,0.0
2026-09-19T14:40:42.0645174+09:00,0.0
2026-09-19T14:40:42.3456158+09:00,0.0
2026-09-19T14:40:42.6240105+09:00,0.0
2026-09-19T14:40:42.9023555+09:00,0.0
2026-09-19T14:40:43.1985737+09:00,0.0
2026-09-19T14:40:43.4794694+09:00,0.0
2026-09-19T14:40:43.7652706+09:00,0.0
2026-09-19T14:40:44.0304072+09:00,0.0
2026-09-19T14:40:44.3167801+09:00,0.0
2026-09-19T14:40:44.5841895+09:00,0.0
2026-09-19T14:40:44.8792973+09:00,0.0
2026-09-19T14:40:45.1765961+09:00,0.0
2026-09-19T14:40:45.4591981+09:00,0.0
2026-09-19T14:40:45.7264731+09:00,0.0
2026-09-19T14:40:46.0077986+09:00,0.0
2026-09-19T14:40:46.2840841+09:00,0.0
2026-09-19T14:40:46.5647174+09:00,0.0
2026-09-19T14:40:46.8567640+09:00,0.0
2026-09-19T14:40:47.1378871+09:00,0.0
2026-09-19T14:40:47.4322742+09:00,0.0
2026-09-19T14:40:47.6805611+09:00,0.0
2026-09-19T14:40:47.9680899+09:00,0.0
2026-09-19T14:40:48.2460886+09:00,0.0
2026-09-19T14:40:48.5246779+09:00,0.0
2026-09-19T14:40:48.7911303+09:00,0.0
2026-09-19T14:40:49.0800869+09:00,0.0
2026-09-19T14:40:49.3956945+09:00,0.0
2026-09-19T14:40:49.6722787+09:00,0.0
2026-09-19T14:40:49.9499292+09:00,0.0
2026-09-19T14:40:50.2328503+09:00,0.0
2026-09-19T14:40:50.4839661+09:00,0.0
2026-09-19T14:40:50.7487793+09:00,0.0
2026-09-19T14:40:51.0307578+09:00,0.0
2026-09-19T14:40:51.3238810+09:00,0.0
2026-09-19T14:40:51.5936273+09:00,0.0
2026-09-19T14:40:51.8430952+09:00,0.0
2026-09-19T14:40:52.1007125+09:00,0.0
2026-09-19T14:40:52.3802667+09:00,0.0
2026-09-19T14:40:52.6598267+09:00,0.0
2026-09-19T14:40:52.9289808+09:00,0.0
2026-09-19T14:40:53.2114093+09:00,0.0
2026-09-19T14:40:53.5111785+09:00,0.0
2026-09-19T14:40:53.7911263+09:00,0.0
2026-09-19T14:40:54.1325698+09:00,0.0
2026-09-19T14:40:54.4164008+09:00,0.0
2026-09-19T14:40:54.6868778+09:00,0.0
2026-09-19T14:40:54.9927722+09:00,0.0
2026-09-19T14:40:55.3043717+09:00,0.0
2026-09-19T14:40:55.6146175+09:00,0.0
2026-09-19T14:40:55.9107016+09:00,0.0
2026-09-19T14:40:56.2157591+09:00,0.0
2026-09-19T14:40:56.4648722+09:00,0.0
2026-09-19T14:40:56.7441118+09:00,0.0
2026-09-19T14:40:57.0096529+09:00,0.0
2026-09-19T14:40:57.2892603+09:00,0.0
2026-09-19T14:40:57.5713597+09:00,0.0
2026-09-19T14:40:57.8524143+09:00,0.0
2026-09-19T14:40:58.1285425+09:00,0.0
2026-09-19T14:40:58.4275846+09:00,0.0
2026-09-19T14:40:58.7087853+09:00,0.0
2026-09-19T14:40:58.9946774+09:00,0.0
2026-09-19T14:40:59.2970223+09:00,0.0
2026-09-19T14:40:59.5656660+09:00,0.0
2026-09-19T14:40:59.8931033+09:00,0.0
2026-09-19T14:41:00.1742465+09:00,0.0
2026-09-19T14:41:00.4568021+09:00,0.0
2026-09-19T14:41:00.7387438+09:00,0.0
2026-09-19T14:41:01.0134323+09:00,0.0
2026-09-19T14:41:01.3124619+09:00,0.0
2026-09-19T14:41:01.5686512+09:00,0.0
2026-09-19T14:41:01.8797749+09:00,0.0
2026-09-19T14:41:02.1746815+09:00,0.0
2026-09-19T14:41:02.4532824+09:00,0.0
2026-09-19T14:41:02.7481615+09:00,0.0
2026-09-19T14:41:03.0312850+09:00,0.0
2026-09-19T14:41:03.3095658+09:00,0.0
2026-09-19T14:41:03.6118991+09:00,0.0
2026-09-19T14:41:03.8897463+09:00,0.0
2026-09-19T14:41:04.1628205+09:00,0.0
2026-09-19T14:41:04.4439124+09:00,0.0
2026-09-19T14:41:04.7234874+09:00,0.0
2026-09-19T14:41:04.9980499+09:00,0.0
2026-09-19T14:41:05.2678958+09:00,0.0
2026-09-19T14:41:05.5654827+09:00,0.0
2026-09-19T14:41:05.8625590+09:00,0.0
2026-09-19T14:41:06.1468640+09:00,0.0
2026-09-19T14:41:06.4453590+09:00,0.0
2026-09-19T14:41:06.7460135+09:00,0.0
2026-09-19T14:41:07.0442948+09:00,0.0
2026-09-19T14:41:07.3495382+09:00,0.0
2026-09-19T14:41:07.6538680+09:00,0.0
2026-09-19T14:41:07.9465404+09:00,0.0
2026-09-19T14:41:08.2462063+09:00,0.0
2026-09-19T14:41:08.5434247+09:00,0.0
2026-09-19T14:41:08.8066656+09:00,0.0
2026-09-19T14:41:09.0808123+09:00,0.0
2026-09-19T14:41:09.3295299+09:00,0.0
2026-09-19T14:41:09.6123276+09:00,0.0
2026-09-19T14:41:09.8796708+09:00,0.0
2026-09-19T14:41:10.1626201+09:00,0.0
2026-09-19T14:41:10.4299006+09:00,0.0
2026-09-19T14:41:10.7130899+09:00,0.0
2026-09-19T14:41:10.9950518+09:00,0.0
2026-09-19T14:41:11.2827321+09:00,0.0
2026-09-19T14:41:11.5900928+09:00,0.0
2026-09-19T14:41:11.8663133+09:00,0.0
2026-09-19T14:41:12.1298068+09:00,0.0
2026-09-19T14:41:12.4004965+09:00,0.0
2026-09-19T14:41:12.7135212+09:00,0.0
2026-09-19T14:41:12.9931014+09:00,0.0
2026-09-19T14:41:13.2717258+09:00,0.0
2026-09-19T14:41:13.5429670+09:00,0.0
2026-09-19T14:41:13.8201407+09:00,0.0
2026-09-19T14:41:14.0854135+09:00,0.0
2026-09-19T14:41:14.3509182+09:00,0.0
2026-09-19T14:41:14.6317699+09:00,0.0
2026-09-19T14:41:14.8955617+09:00,0.0
2026-09-19T14:41:15.1736851+09:00,0.0
2026-09-19T14:41:15.4528518+09:00,0.0
2026-09-19T14:41:15.7153892+09:00,0.0
2026-09-19T14:41:15.9962285+09:00,0.0
2026-09-19T14:41:16.3120447+09:00,0.0
2026-09-19T14:41:16.6118695+09:00,0.0
2026-09-19T14:41:16.9060832+09:00,0.0
2026-09-19T14:41:17.1693013+09:00,0.0
2026-09-19T14:41:17.4611652+09:00,0.0
2026-09-19T14:41:17.7432598+09:00,0.0
2026-09-19T14:41:18.0256811+09:00,0.0
2026-09-19T14:41:18.3049348+09:00,0.0
2026-09-19T14:41:18.5835024+09:00,0.0
2026-09-19T14:41:18.8780740+09:00,0.0
2026-09-19T14:41:19.1608522+09:00,0.0
2026-09-19T14:41:19.4248772+09:00,0.0
2026-09-19T14:41:19.7073922+09:00,0.0
2026-09-19T14:41:19.9862354+09:00,0.0
2026-09-19T14:41:20.2655512+09:00,0.0
2026-09-19T14:41:20.5650154+09:00,0.0
2026-09-19T14:41:20.8475703+09:00,0.0
2026-09-19T14:41:21.1435507+09:00,0.0
2026-09-19T14:41:21.4348604+09:00,0.0
2026-09-19T14:41:21.7150442+09:00,0.0
2026-09-19T14:41:22.0116533+09:00,0.0
2026-09-19T14:41:22.3067940+09:00,0.0
2026-09-19T14:41:22.5816569+09:00,0.0
2026-09-19T14:41:22.8478689+09:00,0.0
2026-09-19T14:41:23.1280106+09:00,0.0
2026-09-19T14:41:23.4242560+09:00,0.0
2026-09-19T14:41:23.7041148+09:00,0.0
2026-09-19T14:41:23.9864845+09:00,0.0
2026-09-19T14:41:24.2671621+09:00,0.0
2026-09-19T14:41:24.5334913+09:00,0.0
2026-09-19T14:41:24.7985919+09:00,0.0
2026-09-19T14:41:25.0765951+09:00,0.0
2026-09-19T14:41:25.3574465+09:00,0.0
2026-09-19T14:41:25.6377996+09:00,0.0
2026-09-19T14:41:25.9031135+09:00,0.0
2026-09-19T14:41:26.1663412+09:00,0.0
2026-09-19T14:41:26.4618718+09:00,0.0
2026-09-19T14:41:26.7406415+09:00,0.0
2026-09-19T14:41:27.0214045+09:00,0.0
2026-09-19T14:41:27.2704077+09:00,0.0
2026-09-19T14:41:27.5496170+09:00,0.0
2026-09-19T14:41:27.8474207+09:00,0.0
2026-09-19T14:41:28.1289393+09:00,0.0
2026-09-19T14:41:28.4025778+09:00,0.0
2026-09-19T14:41:28.6814725+09:00,0.0
2026-09-19T14:41:28.9451652+09:00,0.0
2026-09-19T14:41:29.2248720+09:00,0.0
2026-09-19T14:41:29.4904971+09:00,0.0
2026-09-19T14:41:29.7572856+09:00,0.0
2026-09-19T14:41:30.0458936+09:00,0.0
2026-09-19T14:41:30.2952133+09:00,0.0
2026-09-19T14:41:30.5767580+09:00,0.0
2026-09-19T14:41:30.8569447+09:00,0.0
2026-09-19T14:41:31.1213382+09:00,0.0
2026-09-19T14:41:31.4019252+09:00,0.0
2026-09-19T14:41:31.6818425+09:00,0.0
2026-09-19T14:41:31.9605281+09:00,0.0
2026-09-19T14:41:32.2413728+09:00,0.0
2026-09-19T14:41:32.5188917+09:00,0.0
2026-09-19T14:41:32.8008697+09:00,0.0
2026-09-19T14:41:33.0834971+09:00,0.0
2026-09-19T14:41:33.3444929+09:00,0.0
2026-09-19T14:41:33.6090900+09:00,0.0
2026-09-19T14:41:33.8872097+09:00,0.0
2026-09-19T14:41:34.1678187+09:00,0.0
2026-09-19T14:41:34.4811146+09:00,0.0
2026-09-19T14:41:34.7559964+09:00,0.0
2026-09-19T14:41:35.0369128+09:00,0.0
2026-09-19T14:41:35.3325126+09:00,0.0
2026-09-19T14:41:35.6256949+09:00,0.0
2026-09-19T14:41:35.9024881+09:00,0.0
2026-09-19T14:41:36.1664100+09:00,0.0
2026-09-19T14:41:36.4299671+09:00,0.0
2026-09-19T14:41:36.7075068+09:00,0.0
2026-09-19T14:41:36.9929892+09:00,0.0
2026-09-19T14:41:37.2714687+09:00,0.0
2026-09-19T14:41:37.5531517+09:00,0.0
2026-09-19T14:41:37.8319381+09:00,0.0
2026-09-19T14:41:38.1166040+09:00,0.0
2026-09-19T14:41:38.4000333+09:00,0.0
2026-09-19T14:41:38.6759670+09:00,0.0
2026-09-19T14:41:38.9644195+09:00,0.0
2026-09-19T14:41:39.2292070+09:00,0.0
2026-09-19T14:41:39.5111525+09:00,0.0
2026-09-19T14:41:39.7901162+09:00,0.0
2026-09-19T14:41:40.0684671+09:00,0.0
2026-09-19T14:41:40.3555478+09:00,0.0
2026-09-19T14:41:40.6351710+09:00,0.0
2026-09-19T14:41:40.9006876+09:00,0.0
2026-09-19T14:41:41.1644042+09:00,0.0
2026-09-19T14:41:41.4445258+09:00,0.0
2026-09-19T14:41:41.7092428+09:00,0.0
2026-09-19T14:41:41.9867647+09:00,0.0
2026-09-19T14:41:42.2664472+09:00,0.0
2026-09-19T14:41:42.5502331+09:00,0.0
2026-09-19T14:41:42.8333201+09:00,0.0
2026-09-19T14:41:43.1092208+09:00,0.0
2026-09-19T14:41:43.3752645+09:00,0.0
2026-09-19T14:41:43.6530815+09:00,0.0
2026-09-19T14:41:43.9168385+09:00,0.0
2026-09-19T14:41:44.2109909+09:00,0.0
2026-09-19T14:41:44.4788454+09:00,0.0
2026-09-19T14:41:44.7579590+09:00,0.0
2026-09-19T14:41:45.0359851+09:00,0.0
2026-09-19T14:41:45.3154722+09:00,0.0
2026-09-19T14:41:45.5985821+09:00,0.0
2026-09-19T14:41:45.8850178+09:00,0.0
2026-09-19T14:41:46.1631848+09:00,0.0
2026-09-19T14:41:46.4431596+09:00,0.0
2026-09-19T14:41:46.7226488+09:00,0.0
2026-09-19T14:41:47.0018882+09:00,0.0
2026-09-19T14:41:47.2850627+09:00,0.0
2026-09-19T14:41:47.5505965+09:00,0.0
2026-09-19T14:41:47.8429898+09:00,0.0
2026-09-19T14:41:48.1052605+09:00,0.0
2026-09-19T14:41:48.3867517+09:00,0.0
2026-09-19T14:41:48.6338915+09:00,0.0
2026-09-19T14:41:48.9116216+09:00,0.0
2026-09-19T14:41:49.1916909+09:00,0.0
2026-09-19T14:41:49.4701076+09:00,0.0
2026-09-19T14:41:49.7670261+09:00,0.0
2026-09-19T14:41:50.0336453+09:00,0.0
2026-09-19T14:41:50.3139952+09:00,0.0
2026-09-19T14:41:50.5784501+09:00,0.0
2026-09-19T14:41:50.8576160+09:00,0.0
2026-09-19T14:41:51.1193805+09:00,0.0
2026-09-19T14:41:51.3844541+09:00,0.0
2026-09-19T14:41:51.6333267+09:00,0.0
2026-09-19T14:41:51.9091877+09:00,0.0
2026-09-19T14:41:52.1877276+09:00,0.0
2026-09-19T14:41:52.4678866+09:00,0.0
2026-09-19T14:41:52.7489008+09:00,0.0
2026-09-19T14:41:53.0413208+09:00,0.0
2026-09-19T14:41:53.3231593+09:00,0.0
2026-09-19T14:41:53.6043183+09:00,0.0
2026-09-19T14:41:53.8691999+09:00,0.0
2026-09-19T14:41:54.1628253+09:00,0.0
2026-09-19T14:41:54.4276868+09:00,0.0
2026-09-19T14:41:54.7081770+09:00,0.0
2026-09-19T14:41:54.9921657+09:00,0.0
2026-09-19T14:41:55.2734194+09:00,0.0
2026-09-19T14:41:55.5365367+09:00,0.0
2026-09-19T14:41:55.8274368+09:00,0.0
2026-09-19T14:41:56.1083909+09:00,0.0
2026-09-19T14:41:56.3721783+09:00,0.0
2026-09-19T14:41:56.6682895+09:00,0.0
2026-09-19T14:41:56.9489038+09:00,0.0
2026-09-19T14:41:57.2282688+09:00,0.0
2026-09-19T14:41:57.5087987+09:00,0.0
2026-09-19T14:41:57.7885262+09:00,0.0
2026-09-19T14:41:58.0541752+09:00,0.0
2026-09-19T14:41:58.3346444+09:00,0.0
2026-09-19T14:41:58.6473307+09:00,0.0
2026-09-19T14:41:58.9431898+09:00,0.0
2026-09-19T14:41:59.2231280+09:00,0.0
2026-09-19T14:41:59.5037771+09:00,0.0
2026-09-19T14:41:59.7835191+09:00,0.0
2026-09-19T14:42:00.0480029+09:00,0.0
2026-09-19T14:42:00.3270403+09:00,0.0
2026-09-19T14:42:00.6085278+09:00,0.0
2026-09-19T14:42:00.8741393+09:00,0.0
2026-09-19T14:42:01.1390619+09:00,0.0
2026-09-19T14:42:01.4366439+09:00,0.0
2026-09-19T14:42:01.7333970+09:00,0.0
2026-09-19T14:42:02.0114593+09:00,0.0
2026-09-19T14:42:02.2762683+09:00,0.0
2026-09-19T14:42:02.5568141+09:00,0.0
2026-09-19T14:42:02.8223699+09:00,0.0
2026-09-19T14:42:03.1036116+09:00,0.0
2026-09-19T14:42:03.3819084+09:00,0.0
2026-09-19T14:42:03.6460443+09:00,0.0
2026-09-19T14:42:03.9251629+09:00,0.0
2026-09-19T14:42:04.2087310+09:00,0.0
2026-09-19T14:42:04.4910102+09:00,0.0
2026-09-19T14:42:04.7723799+09:00,0.0
2026-09-19T14:42:05.1134251+09:00,0.0
2026-09-19T14:42:05.4100290+09:00,0.0
2026-09-19T14:42:05.6997730+09:00,0.0
2026-09-19T14:42:05.9965988+09:00,0.0
2026-09-19T14:42:06.3006165+09:00,0.0
2026-09-19T14:42:06.5808700+09:00,0.0
2026-09-19T14:42:06.8757503+09:00,0.0
2026-09-19T14:42:07.1454669+09:00,0.0
2026-09-19T14:42:07.4286202+09:00,0.0
2026-09-19T14:42:07.7304258+09:00,0.0
2026-09-19T14:42:08.0119675+09:00,0.0
2026-09-19T14:42:08.2791495+09:00,0.0
2026-09-19T14:42:08.5684854+09:00,0.0
2026-09-19T14:42:08.8485609+09:00,0.0
2026-09-19T14:42:09.1253160+09:00,0.0
2026-09-19T14:42:09.3921987+09:00,0.0
2026-09-19T14:42:09.6849501+09:00,0.0
2026-09-19T14:42:09.9656749+09:00,0.0
2026-09-19T14:42:10.2748536+09:00,0.0
2026-09-19T14:42:10.5715370+09:00,0.0
2026-09-19T14:42:10.8526262+09:00,0.0
2026-09-19T14:42:11.1308862+09:00,0.0
2026-09-19T14:42:11.4242121+09:00,0.0
2026-09-19T14:42:11.7356371+09:00,0.0
2026-09-19T14:42:12.0149135+09:00,0.0
2026-09-19T14:42:12.2955083+09:00,0.0
2026-09-19T14:42:12.5764635+09:00,0.0
2026-09-19T14:42:12.8592817+09:00,0.0
2026-09-19T14:42:13.1393309+09:00,0.0
2026-09-19T14:42:13.4034784+09:00,0.0
2026-09-19T14:42:13.6693113+09:00,0.0
2026-09-19T14:42:13.9618459+09:00,0.0
2026-09-19T14:42:14.2581697+09:00,0.0
2026-09-19T14:42:14.5343495+09:00,0.0
2026-09-19T14:42:14.8134211+09:00,0.0
2026-09-19T14:42:15.0924442+09:00,0.0
2026-09-19T14:42:15.3708316+09:00,0.0
2026-09-19T14:42:15.6371462+09:00,0.0
2026-09-19T14:42:15.9181528+09:00,0.0
2026-09-19T14:42:16.1999182+09:00,0.0
2026-09-19T14:42:16.4633797+09:00,0.0
2026-09-19T14:42:16.7426014+09:00,0.0
2026-09-19T14:42:17.0232714+09:00,0.0
2026-09-19T14:42:17.3028424+09:00,0.0
2026-09-19T14:42:17.5678614+09:00,0.0
2026-09-19T14:42:17.8478934+09:00,0.0
2026-09-19T14:42:18.1282837+09:00,0.0
2026-09-19T14:42:18.3928246+09:00,0.0
2026-09-19T14:42:18.6780028+09:00,0.0
2026-09-19T14:42:18.9707544+09:00,0.0
2026-09-19T14:42:19.2656766+09:00,0.0
2026-09-19T14:42:19.5456700+09:00,0.0
2026-09-19T14:42:19.8120388+09:00,0.0
2026-09-19T14:42:20.0773007+09:00,0.0
2026-09-19T14:42:20.4337325+09:00,0.0
2026-09-19T14:42:20.7286590+09:00,0.0
2026-09-19T14:42:21.0096744+09:00,0.0
2026-09-19T14:42:21.3054941+09:00,0.0
2026-09-19T14:42:21.5871003+09:00,0.0
2026-09-19T14:42:21.8545457+09:00,0.0
2026-09-19T14:42:22.1493298+09:00,0.0
2026-09-19T14:42:22.4264275+09:00,0.0
2026-09-19T14:42:22.7048644+09:00,0.0
2026-09-19T14:42:23.0014873+09:00,0.0
2026-09-19T14:42:23.2816307+09:00,0.0
2026-09-19T14:42:23.5626688+09:00,0.0
2026-09-19T14:42:23.8441480+09:00,0.0
2026-09-19T14:42:24.1227296+09:00,0.0
2026-09-19T14:42:24.4128043+09:00,0.0
2026-09-19T14:42:24.7225824+09:00,0.0
2026-09-19T14:42:25.0025545+09:00,0.0
2026-09-19T14:42:25.2680291+09:00,0.0
2026-09-19T14:42:25.5474470+09:00,0.0
2026-09-19T14:42:25.8169285+09:00,0.0
2026-09-19T14:42:26.0973316+09:00,0.0
2026-09-19T14:42:26.3760473+09:00,0.0
2026-09-19T14:42:26.6559868+09:00,0.0
2026-09-19T14:42:26.9194530+09:00,0.0
2026-09-19T14:42:27.2000345+09:00,0.0
2026-09-19T14:42:27.4650443+09:00,0.0
2026-09-19T14:42:27.7490500+09:00,0.0
2026-09-19T14:42:28.0271371+09:00,0.0
2026-09-19T14:42:28.2911723+09:00,0.0
2026-09-19T14:42:28.5533749+09:00,0.0
2026-09-19T14:42:28.8637290+09:00,0.0
2026-09-19T14:42:29.1421122+09:00,0.0
2026-09-19T14:42:29.4219314+09:00,0.0
2026-09-19T14:42:29.7340846+09:00,0.0
2026-09-19T14:42:30.0134159+09:00,0.0
2026-09-19T14:42:30.2771539+09:00,0.0
2026-09-19T14:42:30.5586180+09:00,0.0
2026-09-19T14:42:30.8399652+09:00,0.0
2026-09-19T14:42:31.1200356+09:00,0.0
2026-09-19T14:42:31.3839202+09:00,0.0
2026-09-19T14:42:31.6637493+09:00,0.0
2026-09-19T14:42:31.9291663+09:00,0.0
2026-09-19T14:42:32.2240364+09:00,0.0
2026-09-19T14:42:32.5175648+09:00,0.0
2026-09-19T14:42:32.7807497+09:00,0.0
2026-09-19T14:42:33.0464417+09:00,0.0
2026-09-19T14:42:33.2942154+09:00,0.0
2026-09-19T14:42:33.5597839+09:00,0.0
2026-09-19T14:42:33.8417859+09:00,0.0
2026-09-19T14:42:34.1219529+09:00,0.0
2026-09-19T14:42:34.4006363+09:00,0.0
2026-09-19T14:42:34.6648094+09:00,0.0
2026-09-19T14:42:34.9470221+09:00,0.0
2026-09-19T14:42:35.2156544+09:00,0.0
2026-09-19T14:42:35.5188480+09:00,0.0
2026-09-19T14:42:35.7961838+09:00,0.0
2026-09-19T14:42:36.0786867+09:00,0.0
2026-09-19T14:42:36.3455021+09:00,0.0
2026-09-19T14:42:36.6394518+09:00,0.0
2026-09-19T14:42:36.9341793+09:00,0.0
2026-09-19T14:42:37.2134409+09:00,0.0
2026-09-19T14:42:37.4933266+09:00,0.0
2026-09-19T14:42:37.7432008+09:00,0.0
2026-09-19T14:42:38.0144422+09:00,0.0
2026-09-19T14:42:38.2934668+09:00,0.0
2026-09-19T14:42:38.5725214+09:00,0.0
2026-09-19T14:42:38.8511212+09:00,0.0
2026-09-19T14:42:39.1300207+09:00,0.0
2026-09-19T14:42:39.4299061+09:00,0.0
2026-09-19T14:42:39.7413980+09:00,0.0
2026-09-19T14:42:40.0484937+09:00,0.0
2026-09-19T14:42:40.3283075+09:00,0.0
2026-09-19T14:42:40.5941059+09:00,0.0
2026-09-19T14:42:40.8747122+09:00,0.0
2026-09-19T14:42:41.1557828+09:00,0.0
2026-09-19T14:42:41.4336413+09:00,0.0
2026-09-19T14:42:41.7292455+09:00,0.0
2026-09-19T14:42:42.0097354+09:00,0.0
2026-09-19T14:42:42.2763702+09:00,0.0
2026-09-19T14:42:42.5533405+09:00,0.0
2026-09-19T14:42:42.8370716+09:00,0.0
2026-09-19T14:42:43.1174461+09:00,0.0
2026-09-19T14:42:43.3872503+09:00,0.0
2026-09-19T14:42:43.6822042+09:00,0.0
2026-09-19T14:42:43.9787462+09:00,0.0
2026-09-19T14:42:44.2596343+09:00,0.0
2026-09-19T14:42:44.5380631+09:00,0.0
2026-09-19T14:42:44.8185701+09:00,0.0
2026-09-19T14:42:45.1011519+09:00,0.0
2026-09-19T14:42:45.3818839+09:00,0.0
2026-09-19T14:42:45.6617386+09:00,0.0
2026-09-19T14:42:45.9327330+09:00,0.0
2026-09-19T14:42:46.1980242+09:00,0.0
2026-09-19T14:42:46.4625147+09:00,0.0
2026-09-19T14:42:46.7579542+09:00,0.0
2026-09-19T14:42:47.0378598+09:00,0.0
2026-09-19T14:42:47.3022307+09:00,0.0
2026-09-19T14:42:47.5798815+09:00,0.0
2026-09-19T14:42:47.8573992+09:00,0.0
2026-09-19T14:42:48.1206030+09:00,0.0
2026-09-19T14:42:48.3988976+09:00,0.0
2026-09-19T14:42:48.6671952+09:00,0.0
2026-09-19T14:42:48.9479736+09:00,0.0
2026-09-19T14:42:49.2278415+09:00,0.0
2026-09-19T14:42:49.4932689+09:00,0.0
2026-09-19T14:42:49.7585907+09:00,0.0
2026-09-19T14:42:50.0416665+09:00,0.0
2026-09-19T14:42:50.3202843+09:00,0.0
2026-09-19T14:42:50.6017970+09:00,0.0
2026-09-19T14:42:50.8824685+09:00,0.0
2026-09-19T14:42:51.1612633+09:00,0.0
2026-09-19T14:42:51.4711373+09:00,0.0
2026-09-19T14:42:51.7678944+09:00,0.0
2026-09-19T14:42:52.0794494+09:00,0.0
2026-09-19T14:42:52.3750203+09:00,0.0
2026-09-19T14:42:52.6775066+09:00,0.0
2026-09-19T14:42:52.9756735+09:00,0.0
2026-09-19T14:42:53.2719433+09:00,0.0
2026-09-19T14:42:53.5368576+09:00,0.0
2026-09-19T14:42:53.8166682+09:00,0.0
2026-09-19T14:42:54.1017680+09:00,0.0
2026-09-19T14:42:54.3824578+09:00,0.0
2026-09-19T14:42:54.6614214+09:00,0.0
2026-09-19T14:42:54.9724352+09:00,0.0
2026-09-19T14:42:55.2405914+09:00,0.0
2026-09-19T14:42:55.5234077+09:00,0.0
2026-09-19T14:42:55.8053422+09:00,0.0
2026-09-19T14:42:56.1048671+09:00,0.0
2026-09-19T14:42:56.3850868+09:00,0.0
2026-09-19T14:42:56.6624969+09:00,0.0
2026-09-19T14:42:56.9401216+09:00,0.0
2026-09-19T14:42:57.2182573+09:00,0.0
2026-09-19T14:42:57.5124756+09:00,0.0
2026-09-19T14:42:57.7796428+09:00,0.0
2026-09-19T14:42:58.0906145+09:00,0.0
2026-09-19T14:42:58.3708830+09:00,0.0
2026-09-19T14:42:58.6546719+09:00,0.0
2026-09-19T14:42:58.9151564+09:00,0.0
2026-09-19T14:42:59.1822111+09:00,0.0
2026-09-19T14:42:59.4790385+09:00,0.0
2026-09-19T14:42:59.7712876+09:00,0.0
2026-09-19T14:43:00.0369863+09:00,0.0
2026-09-19T14:43:00.3167578+09:00,0.0
2026-09-19T14:43:00.6138917+09:00,0.0
2026-09-19T14:43:00.8824428+09:00,0.0
2026-09-19T14:43:01.1608957+09:00,0.0
2026-09-19T14:43:01.4392374+09:00,0.0
2026-09-19T14:43:01.7057674+09:00,0.0
2026-09-19T14:43:01.9886126+09:00,0.0
2026-09-19T14:43:02.2345421+09:00,0.0
2026-09-19T14:43:02.4840989+09:00,0.0
2026-09-19T14:43:02.7781366+09:00,0.0
2026-09-19T14:43:03.0600451+09:00,0.0
2026-09-19T14:43:03.3375097+09:00,0.0
2026-09-19T14:43:03.6195310+09:00,0.0
2026-09-19T14:43:03.8850029+09:00,0.0
2026-09-19T14:43:04.1656614+09:00,0.0
2026-09-19T14:43:04.4455648+09:00,0.0
2026-09-19T14:43:04.7150935+09:00,0.0
2026-09-19T14:43:05.0071472+09:00,0.0
2026-09-19T14:43:05.2874624+09:00,0.0
2026-09-19T14:43:05.5841664+09:00,0.0
2026-09-19T14:43:05.8484477+09:00,0.0
2026-09-19T14:43:06.1280926+09:00,0.0
2026-09-19T14:43:06.4100506+09:00,0.0
2026-09-19T14:43:06.7045717+09:00,0.0
2026-09-19T14:43:06.9678911+09:00,0.0
2026-09-19T14:43:07.2792233+09:00,0.0
2026-09-19T14:43:07.5594236+09:00,0.0
2026-09-19T14:43:07.8528455+09:00,0.0
2026-09-19T14:43:08.1318285+09:00,0.0
2026-09-19T14:43:08.4317103+09:00,0.0
2026-09-19T14:43:08.7287231+09:00,0.0
2026-09-19T14:43:09.0382088+09:00,0.0
2026-09-19T14:43:09.3339221+09:00,0.0
2026-09-19T14:43:09.6255378+09:00,0.0
2026-09-19T14:43:09.8914981+09:00,0.0
2026-09-19T14:43:10.1730846+09:00,0.0
2026-09-19T14:43:10.4540067+09:00,0.0
2026-09-19T14:43:10.7504779+09:00,0.0
2026-09-19T14:43:11.0311068+09:00,0.0
2026-09-19T14:43:11.2956597+09:00,0.0
2026-09-19T14:43:11.5603421+09:00,0.0
2026-09-19T14:43:11.8265923+09:00,0.0
2026-09-19T14:43:12.1049837+09:00,0.0
2026-09-19T14:43:12.3508474+09:00,0.0
2026-09-19T14:43:12.6425774+09:00,0.0
2026-09-19T14:43:12.9197925+09:00,0.0
2026-09-19T14:43:13.1995802+09:00,0.0
2026-09-19T14:43:13.4645826+09:00,0.0
2026-09-19T14:43:13.7442116+09:00,0.0
2026-09-19T14:43:14.0086226+09:00,0.0
2026-09-19T14:43:14.2428962+09:00,0.0
2026-09-19T14:43:14.5388716+09:00,0.0
2026-09-19T14:43:14.8073539+09:00,0.0
2026-09-19T14:43:15.0880117+09:00,0.0
2026-09-19T14:43:15.3817214+09:00,0.0
2026-09-19T14:43:15.6310843+09:00,0.0
2026-09-19T14:43:15.9119881+09:00,0.0
2026-09-19T14:43:16.2075452+09:00,0.0
2026-09-19T14:43:16.4863304+09:00,0.0
2026-09-19T14:43:16.7640591+09:00,0.0
2026-09-19T14:43:17.0284809+09:00,0.0
2026-09-19T14:43:17.3233439+09:00,0.0
2026-09-19T14:43:17.5900565+09:00,0.0
2026-09-19T14:43:17.8721080+09:00,0.0
2026-09-19T14:43:18.1525195+09:00,0.0
2026-09-19T14:43:18.4013336+09:00,0.0
2026-09-19T14:43:18.6824415+09:00,0.0
2026-09-19T14:43:18.9750825+09:00,0.0
2026-09-19T14:43:19.2195910+09:00,0.0
2026-09-19T14:43:19.5003294+09:00,0.0
2026-09-19T14:43:19.7786536+09:00,0.0
2026-09-19T14:43:20.0588134+09:00,0.0
2026-09-19T14:43:20.3653416+09:00,0.0
2026-09-19T14:43:20.6300973+09:00,0.0
2026-09-19T14:43:20.9158970+09:00,0.0
2026-09-19T14:43:21.2114711+09:00,0.0
2026-09-19T14:43:21.4902234+09:00,0.0
2026-09-19T14:43:21.7728042+09:00,0.0
2026-09-19T14:43:22.0688964+09:00,0.0
2026-09-19T14:43:22.3485568+09:00,0.0
2026-09-19T14:43:22.5971531+09:00,0.0
2026-09-19T14:43:22.8616440+09:00,0.0
2026-09-19T14:43:23.1591805+09:00,0.0
2026-09-19T14:43:23.4419922+09:00,0.0
2026-09-19T14:43:23.7372786+09:00,0.0
2026-09-19T14:43:24.0158341+09:00,0.0
2026-09-19T14:43:24.3115364+09:00,0.0
2026-09-19T14:43:24.6251583+09:00,0.0
2026-09-19T14:43:24.9366983+09:00,0.0
2026-09-19T14:43:25.2162779+09:00,0.0
2026-09-19T14:43:25.4814235+09:00,0.0
2026-09-19T14:43:25.7637980+09:00,0.0
2026-09-19T14:43:26.0599666+09:00,0.0
2026-09-19T14:43:26.3723100+09:00,0.0
2026-09-19T14:43:26.6510290+09:00,0.0
2026-09-19T14:43:26.9303842+09:00,0.0
2026-09-19T14:43:27.2097887+09:00,0.0
2026-09-19T14:43:27.4893995+09:00,0.0
2026-09-19T14:43:27.7688858+09:00,0.0
2026-09-19T14:43:28.0529185+09:00,0.0
2026-09-19T14:43:28.3288869+09:00,0.0
2026-09-19T14:43:28.6074758+09:00,0.0
2026-09-19T14:43:28.8874589+09:00,0.0
2026-09-19T14:43:29.1569831+09:00,0.0
2026-09-19T14:43:29.4368382+09:00,0.0
2026-09-19T14:43:29.7018166+09:00,0.0
2026-09-19T14:43:29.9988368+09:00,0.0
2026-09-19T14:43:30.2940948+09:00,0.0
2026-09-19T14:43:30.5727176+09:00,0.0
2026-09-19T14:43:30.8543197+09:00,0.0
2026-09-19T14:43:31.1367948+09:00,0.0
2026-09-19T14:43:31.4163764+09:00,0.0
2026-09-19T14:43:31.6950088+09:00,0.0
2026-09-19T14:43:31.9747269+09:00,0.0
2026-09-19T14:43:32.2250638+09:00,0.0
2026-09-19T14:43:32.5040024+09:00,0.0
2026-09-19T14:43:32.7687724+09:00,0.0
2026-09-19T14:43:33.0495003+09:00,0.0
2026-09-19T14:43:33.3485006+09:00,0.0
2026-09-19T14:43:33.6283396+09:00,0.0
2026-09-19T14:43:33.9083946+09:00,0.0
2026-09-19T14:43:34.1877721+09:00,0.0
2026-09-19T14:43:34.4559771+09:00,0.0
2026-09-19T14:43:34.7206637+09:00,0.0
2026-09-19T14:43:35.0008544+09:00,0.0
2026-09-19T14:43:35.2652607+09:00,0.0
2026-09-19T14:43:35.5915678+09:00,0.0
2026-09-19T14:43:35.8722442+09:00,0.0
2026-09-19T14:43:36.1683621+09:00,0.0
2026-09-19T14:43:36.4578439+09:00,0.0
2026-09-19T14:43:36.7388306+09:00,0.0
2026-09-19T14:43:37.0017716+09:00,0.0
2026-09-19T14:43:37.2666041+09:00,0.0
2026-09-19T14:43:37.5323009+09:00,0.0
2026-09-19T14:43:37.8254325+09:00,0.0
2026-09-19T14:43:38.1069421+09:00,0.0
2026-09-19T14:43:38.3564232+09:00,0.0
2026-09-19T14:43:38.6375457+09:00,0.0
2026-09-19T14:43:38.9310373+09:00,0.0
2026-09-19T14:43:39.2128302+09:00,0.0
2026-09-19T14:43:39.4776306+09:00,0.0
2026-09-19T14:43:39.7412125+09:00,0.0
2026-09-19T14:43:40.0212452+09:00,0.0
2026-09-19T14:43:40.2880297+09:00,0.0
2026-09-19T14:43:40.5383003+09:00,0.0
2026-09-19T14:43:40.8214431+09:00,0.0
2026-09-19T14:43:41.1058132+09:00,0.0
2026-09-19T14:43:41.3855899+09:00,0.0
2026-09-19T14:43:41.6680489+09:00,0.0
2026-09-19T14:43:41.9492529+09:00,0.0
2026-09-19T14:43:42.2283414+09:00,0.0
2026-09-19T14:43:42.5219364+09:00,0.0
2026-09-19T14:43:42.7858667+09:00,0.0
2026-09-19T14:43:43.0651088+09:00,0.0
2026-09-19T14:43:43.3598965+09:00,0.0
2026-09-19T14:43:43.6402310+09:00,0.0
2026-09-19T14:43:43.9119396+09:00,0.0
2026-09-19T14:43:44.2253525+09:00,0.0
2026-09-19T14:43:44.5087382+09:00,0.0
2026-09-19T14:43:44.7593666+09:00,0.0
2026-09-19T14:43:45.0397630+09:00,0.0
2026-09-19T14:43:45.3215675+09:00,0.0
2026-09-19T14:43:45.5990893+09:00,0.0
2026-09-19T14:43:45.8829154+09:00,0.0
2026-09-19T14:43:46.1633898+09:00,0.0
2026-09-19T14:43:46.4567520+09:00,0.0
2026-09-19T14:43:46.7489320+09:00,0.0
2026-09-19T14:43:47.0286671+09:00,0.0
2026-09-19T14:43:47.3077531+09:00,0.0
2026-09-19T14:43:47.5552907+09:00,0.0
2026-09-19T14:43:47.8522457+09:00,0.0
2026-09-19T14:43:48.1344424+09:00,0.0
2026-09-19T14:43:48.4131263+09:00,0.0
2026-09-19T14:43:48.6802213+09:00,0.0
2026-09-19T14:43:48.9745890+09:00,0.0
2026-09-19T14:43:49.2585275+09:00,0.0
2026-09-19T14:43:49.5381147+09:00,0.0
2026-09-19T14:43:49.8328071+09:00,0.0
2026-09-19T14:43:50.1125518+09:00,0.0
2026-09-19T14:43:50.3946255+09:00,0.0
2026-09-19T14:43:50.6566859+09:00,0.0
2026-09-19T14:43:50.9378583+09:00,0.0
2026-09-19T14:43:51.2162088+09:00,0.0
2026-09-19T14:43:51.4801400+09:00,0.0
2026-09-19T14:43:51.7601524+09:00,0.0
2026-09-19T14:43:52.0099690+09:00,0.0
2026-09-19T14:43:52.2579425+09:00,0.0
2026-09-19T14:43:52.5522518+09:00,0.0
2026-09-19T14:43:52.8501968+09:00,0.0
2026-09-19T14:43:53.1298208+09:00,0.0
2026-09-19T14:43:53.4114374+09:00,0.0
2026-09-19T14:43:53.6909225+09:00,0.0
2026-09-19T14:43:53.9581064+09:00,0.0
2026-09-19T14:43:54.2529457+09:00,0.0
2026-09-19T14:43:54.5332463+09:00,0.0
2026-09-19T14:43:54.8168073+09:00,0.0
2026-09-19T14:43:55.1051414+09:00,0.0
2026-09-19T14:43:55.3839630+09:00,0.0
2026-09-19T14:43:55.6493869+09:00,0.0
2026-09-19T14:43:55.9177340+09:00,0.0
2026-09-19T14:43:56.1984702+09:00,0.0
2026-09-19T14:43:56.4657063+09:00,0.0
2026-09-19T14:43:56.7457317+09:00,0.0
2026-09-19T14:43:57.0420084+09:00,0.0
2026-09-19T14:43:57.3210565+09:00,0.0
2026-09-19T14:43:57.5999062+09:00,0.0
2026-09-19T14:43:57.8961496+09:00,0.0
2026-09-19T14:43:58.1910083+09:00,0.0
2026-09-19T14:43:58.4583364+09:00,0.0
2026-09-19T14:43:58.7228643+09:00,0.0
2026-09-19T14:43:59.0182658+09:00,0.0
2026-09-19T14:43:59.2975056+09:00,0.0
2026-09-19T14:43:59.5635200+09:00,0.0
2026-09-19T14:43:59.8289267+09:00,0.0
2026-09-19T14:44:00.1226060+09:00,0.0
2026-09-19T14:44:00.4029051+09:00,0.0
2026-09-19T14:44:00.6702398+09:00,0.0
2026-09-19T14:44:00.9521886+09:00,0.0
2026-09-19T14:44:01.2304989+09:00,0.0
2026-09-19T14:44:01.5259372+09:00,0.0
2026-09-19T14:44:01.7602356+09:00,0.0
2026-09-19T14:44:02.0426048+09:00,0.0
2026-09-19T14:44:02.2913925+09:00,0.0
2026-09-19T14:44:02.5730461+09:00,0.0
2026-09-19T14:44:02.8385047+09:00,0.0
2026-09-19T14:44:03.1253226+09:00,0.0
2026-09-19T14:44:03.4079112+09:00,0.0
2026-09-19T14:44:03.6892760+09:00,0.0
2026-09-19T14:44:03.9573707+09:00,0.0
2026-09-19T14:44:04.2398270+09:00,0.0
2026-09-19T14:44:04.4874738+09:00,0.0
2026-09-19T14:44:04.7537318+09:00,0.0
2026-09-19T14:44:05.0387585+09:00,0.0
2026-09-19T14:44:05.3219802+09:00,0.0
2026-09-19T14:44:05.5962120+09:00,0.0
2026-09-19T14:44:05.8931245+09:00,0.0
2026-09-19T14:44:06.1894897+09:00,0.0
2026-09-19T14:44:06.4824795+09:00,0.0
2026-09-19T14:44:06.7614658+09:00,0.0
2026-09-19T14:44:07.0405959+09:00,0.0
2026-09-19T14:44:07.3193482+09:00,0.0
2026-09-19T14:44:07.5858181+09:00,0.0
2026-09-19T14:44:07.8398584+09:00,0.0
2026-09-19T14:44:08.1145914+09:00,0.0
2026-09-19T14:44:08.3788529+09:00,0.0
2026-09-19T14:44:08.6472273+09:00,0.0
2026-09-19T14:44:08.9466968+09:00,0.0
2026-09-19T14:44:09.2291188+09:00,0.0
2026-09-19T14:44:09.5038205+09:00,0.0
2026-09-19T14:44:09.7896861+09:00,0.0
2026-09-19T14:44:10.1152107+09:00,0.0
2026-09-19T14:44:10.3955150+09:00,0.0
2026-09-19T14:44:10.6746816+09:00,0.0
2026-09-19T14:44:10.9475747+09:00,0.0
2026-09-19T14:44:11.2221045+09:00,0.0
2026-09-19T14:44:11.4862634+09:00,0.0
2026-09-19T14:44:11.7368188+09:00,0.0
2026-09-19T14:44:12.0225113+09:00,0.0
2026-09-19T14:44:12.2899331+09:00,0.0
2026-09-19T14:44:12.5596980+09:00,0.0
2026-09-19T14:44:12.8555954+09:00,0.0
2026-09-19T14:44:13.1513103+09:00,0.0
2026-09-19T14:44:13.4464143+09:00,0.0
2026-09-19T14:44:13.7277043+09:00,0.0
2026-09-19T14:44:14.0079893+09:00,0.0
2026-09-19T14:44:14.2897762+09:00,0.0
2026-09-19T14:44:14.5731237+09:00,0.0
2026-09-19T14:44:14.8243778+09:00,0.0
2026-09-19T14:44:15.1029834+09:00,0.0
2026-09-19T14:44:15.3871122+09:00,0.0
2026-09-19T14:44:15.6652338+09:00,0.0
2026-09-19T14:44:15.9221388+09:00,0.0
2026-09-19T14:44:16.2086850+09:00,0.0
2026-09-19T14:44:16.4911200+09:00,0.0
2026-09-19T14:44:16.7286164+09:00,0.0
2026-09-19T14:44:17.0028701+09:00,0.0
2026-09-19T14:44:17.3002963+09:00,0.0
2026-09-19T14:44:17.5964592+09:00,0.0
2026-09-19T14:44:17.8746910+09:00,0.0
2026-09-19T14:44:18.1372221+09:00,0.0
2026-09-19T14:44:18.4031299+09:00,0.0
2026-09-19T14:44:18.7180591+09:00,0.0
2026-09-19T14:44:19.0162386+09:00,0.0
2026-09-19T14:44:19.2779121+09:00,0.0
2026-09-19T14:44:19.5594979+09:00,0.0
2026-09-19T14:44:19.8105712+09:00,0.0
2026-09-19T14:44:20.0756158+09:00,0.0
2026-09-19T14:44:20.3394574+09:00,0.0
2026-09-19T14:44:20.6195425+09:00,0.0
2026-09-19T14:44:20.9229272+09:00,0.0
2026-09-19T14:44:21.2058098+09:00,0.0
2026-09-19T14:44:21.4715142+09:00,0.0
2026-09-19T14:44:21.7646717+09:00,0.0
2026-09-19T14:44:22.0597264+09:00,0.0
2026-09-19T14:44:22.3243308+09:00,0.0
2026-09-19T14:44:22.5891696+09:00,0.0
2026-09-19T14:44:22.8548593+09:00,0.0
2026-09-19T14:44:23.1367874+09:00,0.0
2026-09-19T14:44:23.4135888+09:00,0.0
2026-09-19T14:44:23.6942395+09:00,0.0
2026-09-19T14:44:23.9890705+09:00,0.0
2026-09-19T14:44:24.2560436+09:00,0.0
2026-09-19T14:44:24.5336817+09:00,0.0
2026-09-19T14:44:24.8063136+09:00,0.0
2026-09-19T14:44:25.0714480+09:00,0.0
2026-09-19T14:44:25.3215900+09:00,0.0
2026-09-19T14:44:25.6179671+09:00,0.0
2026-09-19T14:44:25.9149663+09:00,0.0
2026-09-19T14:44:26.2056272+09:00,0.0
2026-09-19T14:44:26.4885662+09:00,0.0
2026-09-19T14:44:26.7680043+09:00,0.0
2026-09-19T14:44:27.0637909+09:00,0.0
2026-09-19T14:44:27.3446185+09:00,0.0
2026-09-19T14:44:27.6527702+09:00,0.0
2026-09-19T14:44:27.9236676+09:00,0.0
2026-09-19T14:44:28.2042675+09:00,0.0
2026-09-19T14:44:28.4836033+09:00,0.0
2026-09-19T14:44:28.7308458+09:00,0.0
2026-09-19T14:44:29.0153055+09:00,0.0
2026-09-19T14:44:29.3092724+09:00,0.0
2026-09-19T14:44:29.5888294+09:00,0.0
2026-09-19T14:44:29.8725079+09:00,0.0
2026-09-19T14:44:30.1701386+09:00,0.0
2026-09-19T14:44:30.4527003+09:00,0.0
2026-09-19T14:44:30.7316018+09:00,0.0
2026-09-19T14:44:31.0127219+09:00,0.0
2026-09-19T14:44:31.2918404+09:00,0.0
2026-09-19T14:44:31.5863951+09:00,0.0
2026-09-19T14:44:31.8667543+09:00,0.0
2026-09-19T14:44:32.1408251+09:00,0.0
2026-09-19T14:44:32.4057623+09:00,0.0
2026-09-19T14:44:32.6912483+09:00,0.0
2026-09-19T14:44:33.0057371+09:00,0.0
2026-09-19T14:44:33.2871947+09:00,0.0
2026-09-19T14:44:33.5571130+09:00,0.0
2026-09-19T14:44:33.8544508+09:00,0.0
2026-09-19T14:44:34.1209659+09:00,0.0
2026-09-19T14:44:34.3864774+09:00,0.0
2026-09-19T14:44:34.6969007+09:00,0.0
2026-09-19T14:44:34.9728552+09:00,0.0
2026-09-19T14:44:35.2565418+09:00,0.0
2026-09-19T14:44:35.5504294+09:00,0.0
2026-09-19T14:44:35.8478650+09:00,0.0
2026-09-19T14:44:36.1374794+09:00,0.0
2026-09-19T14:44:36.4221079+09:00,0.0
2026-09-19T14:44:36.6861870+09:00,0.0
2026-09-19T14:44:36.9790261+09:00,0.0
2026-09-19T14:44:37.2598283+09:00,0.0
2026-09-19T14:44:37.5410075+09:00,0.0
2026-09-19T14:44:37.8089017+09:00,0.0
2026-09-19T14:44:38.0962513+09:00,0.0
2026-09-19T14:44:38.3633622+09:00,0.0
2026-09-19T14:44:38.6275484+09:00,0.0
2026-09-19T14:44:38.8761869+09:00,0.0
2026-09-19T14:44:39.1431007+09:00,0.0
2026-09-19T14:44:39.4090824+09:00,0.0
2026-09-19T14:44:39.6917745+09:00,0.0
2026-09-19T14:44:39.9967737+09:00,0.0
2026-09-19T14:44:40.2456862+09:00,0.0
2026-09-19T14:44:40.5245973+09:00,0.0
2026-09-19T14:44:40.7911889+09:00,0.0
2026-09-19T14:44:41.0713813+09:00,0.0
2026-09-19T14:44:41.3199654+09:00,0.0
2026-09-19T14:44:41.5993690+09:00,0.0
2026-09-19T14:44:41.8959438+09:00,0.0
2026-09-19T14:44:42.1760815+09:00,0.0
2026-09-19T14:44:42.4556153+09:00,0.0
2026-09-19T14:44:42.7346533+09:00,0.0
2026-09-19T14:44:43.0013639+09:00,0.0
2026-09-19T14:44:43.2965523+09:00,0.0
2026-09-19T14:44:43.5775844+09:00,0.0
2026-09-19T14:44:43.8756832+09:00,0.0
2026-09-19T14:44:44.1709885+09:00,0.0
2026-09-19T14:44:44.4379308+09:00,0.0
2026-09-19T14:44:44.7331534+09:00,0.0
2026-09-19T14:44:45.0146815+09:00,0.0
2026-09-19T14:44:45.2798581+09:00,0.0
2026-09-19T14:44:45.5609582+09:00,0.0
2026-09-19T14:44:45.8480041+09:00,0.0
2026-09-19T14:44:46.1320160+09:00,0.0
2026-09-19T14:44:46.4138514+09:00,0.0
2026-09-19T14:44:46.6948249+09:00,0.0
2026-09-19T14:44:46.9711414+09:00,0.0
2026-09-19T14:44:47.2527345+09:00,0.0
2026-09-19T14:44:47.5337409+09:00,0.0
2026-09-19T14:44:47.8114678+09:00,0.0
2026-09-19T14:44:48.1092361+09:00,0.0
2026-09-19T14:44:48.3859276+09:00,0.0
2026-09-19T14:44:48.6525168+09:00,0.0
2026-09-19T14:44:48.9178079+09:00,0.0
2026-09-19T14:44:49.1884671+09:00,0.0
2026-09-19T14:44:49.4301333+09:00,0.0
2026-09-19T14:44:49.7090628+09:00,0.0
2026-09-19T14:44:50.0066812+09:00,0.0
2026-09-19T14:44:50.3005037+09:00,0.0
2026-09-19T14:44:50.5642724+09:00,0.0
2026-09-19T14:44:50.8335363+09:00,0.0
2026-09-19T14:44:51.1130800+09:00,0.0
2026-09-19T14:44:51.3907131+09:00,0.0
2026-09-19T14:44:51.6636464+09:00,0.0
2026-09-19T14:44:51.9438100+09:00,0.0
2026-09-19T14:44:52.2253070+09:00,0.0
2026-09-19T14:44:52.5035330+09:00,0.0
2026-09-19T14:44:52.7832352+09:00,0.0
2026-09-19T14:44:53.0630039+09:00,0.0
2026-09-19T14:44:53.3389783+09:00,0.0
2026-09-19T14:44:53.6416233+09:00,0.0
2026-09-19T14:44:53.9056041+09:00,0.0
2026-09-19T14:44:54.1864041+09:00,0.0
2026-09-19T14:44:54.4511158+09:00,0.0
2026-09-19T14:44:54.7368369+09:00,0.0
2026-09-19T14:44:55.0024278+09:00,0.0
2026-09-19T14:44:55.2536297+09:00,0.0
2026-09-19T14:44:55.5220069+09:00,0.0
2026-09-19T14:44:55.8018819+09:00,0.0
2026-09-19T14:44:56.1125916+09:00,0.0
2026-09-19T14:44:56.3946579+09:00,0.0
2026-09-19T14:44:56.6744948+09:00,0.0
2026-09-19T14:44:56.9677373+09:00,0.0
2026-09-19T14:44:57.2507176+09:00,0.0
2026-09-19T14:44:57.5477210+09:00,0.0
2026-09-19T14:44:57.8268969+09:00,0.0
2026-09-19T14:44:58.1229585+09:00,0.0
2026-09-19T14:44:58.4250726+09:00,0.0
2026-09-19T14:44:58.7066839+09:00,0.0
2026-09-19T14:44:59.0014182+09:00,0.0
2026-09-19T14:44:59.2847146+09:00,0.0
2026-09-19T14:44:59.5558650+09:00,0.0
2026-09-19T14:44:59.8322201+09:00,0.0
2026-09-19T14:45:00.0973750+09:00,0.0
2026-09-19T14:45:00.3791869+09:00,0.0
2026-09-19T14:45:00.6609856+09:00,0.0
2026-09-19T14:45:00.9725876+09:00,0.0
2026-09-19T14:45:01.2500066+09:00,0.0
2026-09-19T14:45:01.5535833+09:00,0.0
2026-09-19T14:45:01.8162110+09:00,0.0
2026-09-19T14:45:02.0967783+09:00,0.0
2026-09-19T14:45:02.3771870+09:00,0.0
2026-09-19T14:45:02.6585135+09:00,0.0
2026-09-19T14:45:02.9081094+09:00,0.0
2026-09-19T14:45:03.1923024+09:00,0.0
2026-09-19T14:45:03.4820128+09:00,0.0
2026-09-19T14:45:03.7647713+09:00,0.0
2026-09-19T14:45:04.0462547+09:00,0.0
2026-09-19T14:45:04.3095684+09:00,0.0
2026-09-19T14:45:04.5858335+09:00,0.0
2026-09-19T14:45:04.8550845+09:00,0.0
2026-09-19T14:45:05.1235729+09:00,0.0
2026-09-19T14:45:05.4036104+09:00,0.0
2026-09-19T14:45:05.6867840+09:00,0.0
2026-09-19T14:45:05.9938502+09:00,0.0
2026-09-19T14:45:06.2947137+09:00,0.0
2026-09-19T14:45:06.5721987+09:00,0.0
2026-09-19T14:45:06.8530944+09:00,0.0
2026-09-19T14:45:07.1320418+09:00,0.0
2026-09-19T14:45:07.4113937+09:00,0.0
2026-09-19T14:45:07.6745174+09:00,0.0
2026-09-19T14:45:07.9712172+09:00,0.0
2026-09-19T14:45:08.2355265+09:00,0.0
2026-09-19T14:45:08.5129434+09:00,0.0
2026-09-19T14:45:08.8090467+09:00,0.0
2026-09-19T14:45:09.0469805+09:00,0.0
2026-09-19T14:45:09.3415638+09:00,0.0
2026-09-19T14:45:09.6077468+09:00,0.0
2026-09-19T14:45:09.8887480+09:00,0.0
2026-09-19T14:45:10.1511789+09:00,0.0
2026-09-19T14:45:10.4332438+09:00,0.0
2026-09-19T14:45:10.7022456+09:00,0.0
2026-09-19T14:45:10.9973744+09:00,0.0
2026-09-19T14:45:11.2772178+09:00,0.0
2026-09-19T14:45:11.5424784+09:00,0.0
2026-09-19T14:45:11.8062690+09:00,0.0
2026-09-19T14:45:12.0717724+09:00,0.0
2026-09-19T14:45:12.3516464+09:00,0.0
2026-09-19T14:45:12.6177970+09:00,0.0
2026-09-19T14:45:12.9119530+09:00,0.0
2026-09-19T14:45:13.1901757+09:00,0.0
2026-09-19T14:45:13.4853380+09:00,0.0
2026-09-19T14:45:13.7508589+09:00,0.0
2026-09-19T14:45:14.0306060+09:00,0.0
2026-09-19T14:45:14.2958293+09:00,0.0
2026-09-19T14:45:14.5768119+09:00,0.0
2026-09-19T14:45:14.8595886+09:00,0.0
2026-09-19T14:45:15.1850496+09:00,0.0
2026-09-19T14:45:15.4500747+09:00,0.0
2026-09-19T14:45:15.7295195+09:00,0.0
2026-09-19T14:45:16.0270115+09:00,0.0
2026-09-19T14:45:16.3210740+09:00,0.0
2026-09-19T14:45:16.5900389+09:00,0.0
2026-09-19T14:45:16.8553346+09:00,0.0
2026-09-19T14:45:17.1287643+09:00,0.0
2026-09-19T14:45:17.4113210+09:00,0.0
2026-09-19T14:45:17.7005386+09:00,0.0
2026-09-19T14:45:17.9924040+09:00,0.0
2026-09-19T14:45:18.2558279+09:00,0.0
2026-09-19T14:45:18.5265968+09:00,0.0
2026-09-19T14:45:18.7932989+09:00,0.0
2026-09-19T14:45:19.0699554+09:00,0.0
2026-09-19T14:45:19.3495702+09:00,0.0
2026-09-19T14:45:19.5986382+09:00,0.0
2026-09-19T14:45:19.8786871+09:00,0.0
2026-09-19T14:45:20.1287614+09:00,0.0
2026-09-19T14:45:20.4091091+09:00,0.0
2026-09-19T14:45:20.6915729+09:00,0.0
2026-09-19T14:45:20.9926558+09:00,0.0
2026-09-19T14:45:21.2889006+09:00,0.0
2026-09-19T14:45:21.5522635+09:00,0.0
2026-09-19T14:45:21.8312415+09:00,0.0
2026-09-19T14:45:22.1254836+09:00,0.0
2026-09-19T14:45:22.4086824+09:00,0.0
2026-09-19T14:45:22.6919066+09:00,0.0
2026-09-19T14:45:22.9911821+09:00,0.0
2026-09-19T14:45:23.2524632+09:00,0.0
2026-09-19T14:45:23.5330398+09:00,0.0
2026-09-19T14:45:23.8141245+09:00,0.0
2026-09-19T14:45:24.0943185+09:00,0.0
2026-09-19T14:45:24.3728361+09:00,0.0
2026-09-19T14:45:24.6526070+09:00,0.0
2026-09-19T14:45:24.9578326+09:00,0.0
2026-09-19T14:45:25.2430396+09:00,0.0
2026-09-19T14:45:25.5072358+09:00,0.0
2026-09-19T14:45:25.7869719+09:00,0.0
2026-09-19T14:45:26.0528719+09:00,0.0
2026-09-19T14:45:26.3351688+09:00,0.0
2026-09-19T14:45:26.6023998+09:00,0.0
2026-09-19T14:45:26.8805616+09:00,0.0
2026-09-19T14:45:27.1555765+09:00,0.0
2026-09-19T14:45:27.4714445+09:00,0.0
2026-09-19T14:45:27.7515178+09:00,0.0
2026-09-19T14:45:28.0317494+09:00,0.0
2026-09-19T14:45:28.3282565+09:00,0.0
2026-09-19T14:45:28.5936328+09:00,0.0
2026-09-19T14:45:28.8548546+09:00,0.0
2026-09-19T14:45:29.1602733+09:00,0.0
2026-09-19T14:45:29.4389519+09:00,0.0
2026-09-19T14:45:29.7047093+09:00,0.0
2026-09-19T14:45:29.9749863+09:00,0.0
2026-09-19T14:45:30.2276374+09:00,0.0
2026-09-19T14:45:30.5068939+09:00,0.0
2026-09-19T14:45:30.7872956+09:00,0.0
2026-09-19T14:45:31.0813578+09:00,0.0
2026-09-19T14:45:31.3633391+09:00,0.0
2026-09-19T14:45:31.6433997+09:00,0.0
2026-09-19T14:45:31.9389137+09:00,0.0
2026-09-19T14:45:32.2081000+09:00,0.0
2026-09-19T14:45:32.4786420+09:00,0.0
2026-09-19T14:45:32.7508344+09:00,0.0
2026-09-19T14:45:33.0499577+09:00,0.0
2026-09-19T14:45:33.3299680+09:00,0.0
2026-09-19T14:45:33.6111858+09:00,0.0
2026-09-19T14:45:33.8897781+09:00,0.0
2026-09-19T14:45:34.1503560+09:00,0.0
2026-09-19T14:45:34.4160681+09:00,0.0
2026-09-19T14:45:34.6960429+09:00,0.0
2026-09-19T14:45:34.9753281+09:00,0.0
2026-09-19T14:45:35.2390840+09:00,0.0
2026-09-19T14:45:35.5185309+09:00,0.0
2026-09-19T14:45:35.7673687+09:00,0.0
2026-09-19T14:45:36.0494079+09:00,0.0
2026-09-19T14:45:36.3311931+09:00,0.0
2026-09-19T14:45:36.5944722+09:00,0.0
2026-09-19T14:45:36.8909836+09:00,0.0
2026-09-19T14:45:37.2004550+09:00,0.0
2026-09-19T14:45:37.4479778+09:00,0.0
2026-09-19T14:45:37.6980284+09:00,0.0
2026-09-19T14:45:37.9755872+09:00,0.0
2026-09-19T14:45:38.2568021+09:00,0.0
2026-09-19T14:45:38.5335903+09:00,0.0
2026-09-19T14:45:38.8287101+09:00,0.0
2026-09-19T14:45:39.0919990+09:00,0.0
2026-09-19T14:45:39.3711910+09:00,0.0
2026-09-19T14:45:39.6365327+09:00,0.0
2026-09-19T14:45:39.9045644+09:00,0.0
2026-09-19T14:45:40.1994085+09:00,0.0
2026-09-19T14:45:40.4772689+09:00,0.0
2026-09-19T14:45:40.7470095+09:00,0.0
2026-09-19T14:45:41.0275490+09:00,0.0
2026-09-19T14:45:41.3062222+09:00,0.0
2026-09-19T14:45:41.5885640+09:00,0.0
2026-09-19T14:45:41.8697741+09:00,0.0
2026-09-19T14:45:42.1521448+09:00,0.0
2026-09-19T14:45:42.4233229+09:00,0.0
2026-09-19T14:45:42.6894741+09:00,0.0
2026-09-19T14:45:42.9844052+09:00,0.0
2026-09-19T14:45:43.2839488+09:00,0.0
2026-09-19T14:45:43.5335192+09:00,0.0
2026-09-19T14:45:43.8144253+09:00,0.0
2026-09-19T14:45:44.1121208+09:00,0.0
2026-09-19T14:45:44.3776787+09:00,0.0
2026-09-19T14:45:44.6662148+09:00,0.0
2026-09-19T14:45:44.9050605+09:00,0.0
2026-09-19T14:45:45.1845995+09:00,0.0
2026-09-19T14:45:45.4507432+09:00,0.0
2026-09-19T14:45:45.7288391+09:00,0.0
2026-09-19T14:45:46.0215138+09:00,0.0
2026-09-19T14:45:46.3038700+09:00,0.0
2026-09-19T14:45:46.5833563+09:00,0.0
2026-09-19T14:45:46.8627295+09:00,0.0
2026-09-19T14:45:47.1441764+09:00,0.0
2026-09-19T14:45:47.4157746+09:00,0.0
2026-09-19T14:45:47.6629906+09:00,0.0
2026-09-19T14:45:47.9422444+09:00,0.0
2026-09-19T14:45:48.2247082+09:00,0.0
2026-09-19T14:45:48.5197991+09:00,0.0
2026-09-19T14:45:48.8012300+09:00,0.0
2026-09-19T14:45:49.0794584+09:00,0.0
2026-09-19T14:45:49.3614416+09:00,0.0
2026-09-19T14:45:49.6442624+09:00,0.0
2026-09-19T14:45:49.9209705+09:00,0.0
2026-09-19T14:45:50.2058774+09:00,0.0
2026-09-19T14:45:50.4957677+09:00,0.0
2026-09-19T14:45:50.7518353+09:00,0.0
2026-09-19T14:45:51.0383002+09:00,0.0
2026-09-19T14:45:51.3169811+09:00,0.0
2026-09-19T14:45:51.6121718+09:00,0.0
2026-09-19T14:45:51.8940733+09:00,0.0
2026-09-19T14:45:52.1789315+09:00,0.0
2026-09-19T14:45:52.4585725+09:00,0.0
2026-09-19T14:45:52.7463911+09:00,0.0
2026-09-19T14:45:53.0529458+09:00,0.0
2026-09-19T14:45:53.3305982+09:00,0.0
2026-09-19T14:45:53.6443600+09:00,0.0
2026-09-19T14:45:53.9426846+09:00,0.0
2026-09-19T14:45:54.1897632+09:00,0.0
2026-09-19T14:45:54.4699497+09:00,0.0
2026-09-19T14:45:54.7525452+09:00,0.0
2026-09-19T14:45:55.0291448+09:00,0.0
2026-09-19T14:45:55.3050609+09:00,0.0
2026-09-19T14:45:55.5891119+09:00,0.0
2026-09-19T14:45:55.8679775+09:00,0.0
2026-09-19T14:45:56.1461869+09:00,0.0
2026-09-19T14:45:56.4292797+09:00,0.0
2026-09-19T14:45:56.7244721+09:00,0.0
2026-09-19T14:45:56.9970557+09:00,0.0
2026-09-19T14:45:57.2645029+09:00,0.0
2026-09-19T14:45:57.5104218+09:00,0.0
2026-09-19T14:45:57.7891484+09:00,0.0
2026-09-19T14:45:58.0614975+09:00,0.0
2026-09-19T14:45:58.3277682+09:00,0.0
2026-09-19T14:45:58.6159294+09:00,0.0
2026-09-19T14:45:58.8997239+09:00,0.0
2026-09-19T14:45:59.1792071+09:00,0.0
2026-09-19T14:45:59.4434561+09:00,0.0
2026-09-19T14:45:59.7261845+09:00,0.0
2026-09-19T14:45:59.9972832+09:00,0.0
2026-09-19T14:46:00.2720480+09:00,0.0
2026-09-19T14:46:00.5381005+09:00,0.0
2026-09-19T14:46:00.8313103+09:00,0.0
2026-09-19T14:46:01.1138172+09:00,0.0
2026-09-19T14:46:01.3957537+09:00,0.0
2026-09-19T14:46:01.6955811+09:00,0.0
2026-09-19T14:46:01.9675612+09:00,0.0
2026-09-19T14:46:02.2643397+09:00,0.0
2026-09-19T14:46:02.5434437+09:00,0.0
2026-09-19T14:46:02.8266841+09:00,0.0
2026-09-19T14:46:03.1066058+09:00,0.0
2026-09-19T14:46:03.3708824+09:00,0.0
2026-09-19T14:46:03.6665355+09:00,0.0
2026-09-19T14:46:03.9510609+09:00,0.0
2026-09-19T14:46:04.2691626+09:00,0.0
2026-09-19T14:46:04.5556058+09:00,0.0
2026-09-19T14:46:04.8381103+09:00,0.0
2026-09-19T14:46:05.1004382+09:00,0.0
2026-09-19T14:46:05.3824779+09:00,0.0
2026-09-19T14:46:05.6786379+09:00,0.0
2026-09-19T14:46:05.9780119+09:00,0.0
2026-09-19T14:46:06.2617557+09:00,0.0
2026-09-19T14:46:06.5226868+09:00,0.0
2026-09-19T14:46:06.7881936+09:00,0.0
2026-09-19T14:46:07.0815153+09:00,0.0
2026-09-19T14:46:07.3458056+09:00,0.0
2026-09-19T14:46:07.6048444+09:00,0.0
2026-09-19T14:46:07.8599145+09:00,0.0
2026-09-19T14:46:08.1412890+09:00,0.0
2026-09-19T14:46:08.4552334+09:00,0.0
2026-09-19T14:46:08.7559938+09:00,0.0
2026-09-19T14:46:09.0533249+09:00,0.0
2026-09-19T14:46:09.3356209+09:00,0.0
2026-09-19T14:46:09.6299363+09:00,0.0
2026-09-19T14:46:09.9133235+09:00,0.0
2026-09-19T14:46:10.1925273+09:00,0.0
2026-09-19T14:46:10.4753392+09:00,0.0
2026-09-19T14:46:10.7445457+09:00,0.0
2026-09-19T14:46:11.0369325+09:00,0.0
2026-09-19T14:46:11.3138738+09:00,0.0
2026-09-19T14:46:11.6096483+09:00,0.0
2026-09-19T14:46:11.9052575+09:00,0.0
2026-09-19T14:46:12.1725259+09:00,0.0
2026-09-19T14:46:12.4744472+09:00,0.0
2026-09-19T14:46:12.7793993+09:00,0.0
2026-09-19T14:46:13.0828734+09:00,0.0
2026-09-19T14:46:13.3619968+09:00,0.0
2026-09-19T14:46:13.6179205+09:00,0.0
2026-09-19T14:46:13.8601036+09:00,0.0
2026-09-19T14:46:14.1459839+09:00,0.0
2026-09-19T14:46:14.4212397+09:00,0.0
2026-09-19T14:46:14.7090448+09:00,0.0
2026-09-19T14:46:15.0086766+09:00,0.0
2026-09-19T14:46:15.3217697+09:00,0.0
2026-09-19T14:46:15.6004883+09:00,0.0
2026-09-19T14:46:15.8828926+09:00,0.0
2026-09-19T14:46:16.1625898+09:00,0.0
2026-09-19T14:46:16.4610387+09:00,0.0
2026-09-19T14:46:16.7398472+09:00,0.0
2026-09-19T14:46:17.0315355+09:00,0.0
2026-09-19T14:46:17.3121148+09:00,0.0
2026-09-19T14:46:17.5800338+09:00,0.0
2026-09-19T14:46:17.8622954+09:00,0.0
2026-09-19T14:46:18.1467979+09:00,0.0
2026-09-19T14:46:18.4278875+09:00,0.0
2026-09-19T14:46:18.7063818+09:00,0.0
2026-09-19T14:46:19.0211438+09:00,0.0
2026-09-19T14:46:19.2714346+09:00,0.0
2026-09-19T14:46:19.5375284+09:00,0.0
2026-09-19T14:46:19.8364824+09:00,0.0
2026-09-19T14:46:20.1340329+09:00,0.0
2026-09-19T14:46:20.4033271+09:00,0.0
2026-09-19T14:46:20.6505197+09:00,0.0
2026-09-19T14:46:20.9319319+09:00,0.0
2026-09-19T14:46:21.2251676+09:00,0.0
2026-09-19T14:46:21.4743594+09:00,0.0
2026-09-19T14:46:21.7360667+09:00,0.0
2026-09-19T14:46:22.0482344+09:00,0.0
2026-09-19T14:46:22.3458178+09:00,0.0
2026-09-19T14:46:22.6116728+09:00,0.0
2026-09-19T14:46:22.8764615+09:00,0.0
2026-09-19T14:46:23.1532550+09:00,0.0
2026-09-19T14:46:23.4614631+09:00,0.0
2026-09-19T14:46:23.7543769+09:00,0.0
2026-09-19T14:46:24.0312703+09:00,0.0
2026-09-19T14:46:24.3264748+09:00,0.0
2026-09-19T14:46:24.5898396+09:00,0.0
2026-09-19T14:46:24.8731012+09:00,0.0
2026-09-19T14:46:25.1410887+09:00,0.0
2026-09-19T14:46:25.4299266+09:00,0.0
2026-09-19T14:46:25.7099603+09:00,0.0
2026-09-19T14:46:26.0040351+09:00,0.0
2026-09-19T14:46:26.2967402+09:00,0.0
2026-09-19T14:46:26.5620088+09:00,0.0
2026-09-19T14:46:26.8343446+09:00,0.0
2026-09-19T14:46:27.1452827+09:00,0.0
2026-09-19T14:46:27.4248440+09:00,0.0
2026-09-19T14:46:27.6656027+09:00,0.0
2026-09-19T14:46:27.9200055+09:00,0.0
2026-09-19T14:46:28.2013164+09:00,0.0
2026-09-19T14:46:28.4741813+09:00,0.0
2026-09-19T14:46:28.7624639+09:00,0.0
2026-09-19T14:46:29.0440854+09:00,0.0
2026-09-19T14:46:29.3579082+09:00,0.0
2026-09-19T14:46:29.6724013+09:00,0.0
2026-09-19T14:46:29.9629257+09:00,0.0
2026-09-19T14:46:30.2313832+09:00,0.0
2026-09-19T14:46:30.4844236+09:00,0.0
2026-09-19T14:46:30.7239505+09:00,0.0
2026-09-19T14:46:30.9997160+09:00,0.0
2026-09-19T14:46:31.2807840+09:00,0.0
2026-09-19T14:46:31.5623538+09:00,0.0
2026-09-19T14:46:31.8923631+09:00,0.0
2026-09-19T14:46:32.1897727+09:00,0.0
2026-09-19T14:46:32.4741545+09:00,0.0
2026-09-19T14:46:32.7444751+09:00,0.0
2026-09-19T14:46:33.0117391+09:00,0.0
2026-09-19T14:46:33.2925572+09:00,0.0
2026-09-19T14:46:33.5889181+09:00,0.0
2026-09-19T14:46:33.8372115+09:00,0.0
2026-09-19T14:46:34.1172576+09:00,0.0
2026-09-19T14:46:34.3736525+09:00,0.0
2026-09-19T14:46:34.6442849+09:00,0.0
2026-09-19T14:46:34.8999180+09:00,0.0
2026-09-19T14:46:35.1829183+09:00,0.0
2026-09-19T14:46:35.4745017+09:00,0.0
2026-09-19T14:46:35.7301219+09:00,0.0
2026-09-19T14:46:36.0128660+09:00,0.0
2026-09-19T14:46:36.2782126+09:00,0.0
2026-09-19T14:46:36.5703514+09:00,0.0
2026-09-19T14:46:36.8725912+09:00,0.0
2026-09-19T14:46:37.1682064+09:00,0.0
2026-09-19T14:46:37.4748891+09:00,0.0
2026-09-19T14:46:37.7620420+09:00,0.0
2026-09-19T14:46:38.0311741+09:00,0.0
2026-09-19T14:46:38.3109266+09:00,0.0
2026-09-19T14:46:38.5863934+09:00,0.0
2026-09-19T14:46:38.8586025+09:00,0.0
2026-09-19T14:46:39.1599694+09:00,0.0
2026-09-19T14:46:39.4456237+09:00,0.0
2026-09-19T14:46:39.7243650+09:00,0.0
2026-09-19T14:46:40.0172420+09:00,0.0
2026-09-19T14:46:40.3123315+09:00,0.0
2026-09-19T14:46:40.5958113+09:00,0.0
2026-09-19T14:46:40.8899170+09:00,0.0
2026-09-19T14:46:41.1655855+09:00,0.0
2026-09-19T14:46:41.4362098+09:00,0.0
2026-09-19T14:46:41.7319374+09:00,0.0
2026-09-19T14:46:42.0281630+09:00,0.0
2026-09-19T14:46:42.3065575+09:00,0.0
2026-09-19T14:46:42.6081782+09:00,0.0
2026-09-19T14:46:42.9023623+09:00,0.0
2026-09-19T14:46:43.1975687+09:00,0.0
2026-09-19T14:46:43.4810072+09:00,0.0
2026-09-19T14:46:43.7452490+09:00,0.0
2026-09-19T14:46:44.0228226+09:00,0.0
2026-09-19T14:46:44.2883811+09:00,0.0
2026-09-19T14:46:44.5868328+09:00,0.0
2026-09-19T14:46:44.8572163+09:00,0.0
2026-09-19T14:46:45.1285029+09:00,0.0
2026-09-19T14:46:45.3995804+09:00,0.0
2026-09-19T14:46:45.6499762+09:00,0.0
2026-09-19T14:46:45.9461973+09:00,0.0
2026-09-19T14:46:46.2156939+09:00,0.0
2026-09-19T14:46:46.5068106+09:00,0.0
2026-09-19T14:46:46.8089821+09:00,0.0
2026-09-19T14:46:47.1341132+09:00,0.0
2026-09-19T14:46:47.4458163+09:00,0.0
2026-09-19T14:46:47.7296781+09:00,0.0
2026-09-19T14:46:48.0144135+09:00,0.0
2026-09-19T14:46:48.2928942+09:00,0.0
2026-09-19T14:46:48.5739015+09:00,0.0
2026-09-19T14:46:48.8528831+09:00,0.0
2026-09-19T14:46:49.1335829+09:00,0.0
2026-09-19T14:46:49.4054783+09:00,0.0
2026-09-19T14:46:49.6756502+09:00,0.0
2026-09-19T14:46:49.9600179+09:00,0.0
2026-09-19T14:46:50.2432788+09:00,0.0
2026-09-19T14:46:50.5243485+09:00,0.0
2026-09-19T14:46:50.7900916+09:00,0.0
2026-09-19T14:46:51.0410026+09:00,0.0
2026-09-19T14:46:51.3064066+09:00,0.0
2026-09-19T14:46:51.6024447+09:00,0.0
2026-09-19T14:46:51.9131710+09:00,0.0
2026-09-19T14:46:52.1935926+09:00,0.0
2026-09-19T14:46:52.5055771+09:00,0.0
2026-09-19T14:46:52.7878279+09:00,0.0
2026-09-19T14:46:53.0711411+09:00,0.0
2026-09-19T14:46:53.3511084+09:00,0.0
2026-09-19T14:46:53.6827780+09:00,0.0
2026-09-19T14:46:53.9849352+09:00,0.0
2026-09-19T14:46:54.2548449+09:00,0.0
2026-09-19T14:46:54.5565892+09:00,0.0
2026-09-19T14:46:54.8362484+09:00,0.0
2026-09-19T14:46:55.1176868+09:00,0.0
2026-09-19T14:46:55.4208176+09:00,0.0
2026-09-19T14:46:55.6768402+09:00,0.0
2026-09-19T14:46:55.9631669+09:00,0.0
2026-09-19T14:46:56.2443872+09:00,0.0
2026-09-19T14:46:56.5562069+09:00,0.0
2026-09-19T14:46:56.8269552+09:00,0.0
2026-09-19T14:46:57.1371759+09:00,0.0
2026-09-19T14:46:57.4335599+09:00,0.0
2026-09-19T14:46:58.7059937+09:00,0.0
2026-09-19T14:46:59.0020451+09:00,0.0
2026-09-19T14:46:59.2694699+09:00,0.0
2026-09-19T14:46:59.5544299+09:00,0.0
2026-09-19T14:46:59.9496872+09:00,0.0
2026-09-19T14:47:00.3686373+09:00,0.0
2026-09-19T14:47:00.6965674+09:00,0.0
2026-09-19T14:47:01.0069024+09:00,0.0
2026-09-19T14:47:01.3704455+09:00,0.0
2026-09-19T14:47:01.6977471+09:00,0.0
2026-09-19T14:47:02.0206396+09:00,0.0
2026-09-19T14:47:02.3030833+09:00,0.0
2026-09-19T14:47:02.5709320+09:00,0.0
2026-09-19T14:47:02.8354248+09:00,0.0
2026-09-19T14:47:03.1192516+09:00,0.0
2026-09-19T14:47:03.4153789+09:00,0.0
2026-09-19T14:47:03.6972052+09:00,0.0
2026-09-19T14:47:03.9989354+09:00,0.0
2026-09-19T14:47:04.2966734+09:00,0.0
2026-09-19T14:47:04.5867017+09:00,0.0
2026-09-19T14:47:04.8425577+09:00,0.0
2026-09-19T14:47:05.1075422+09:00,0.0
2026-09-19T14:47:05.4398620+09:00,0.0
2026-09-19T14:47:05.7617348+09:00,0.0
2026-09-19T14:47:06.0467322+09:00,0.0
2026-09-19T14:47:06.3162913+09:00,0.0
2026-09-19T14:47:06.6133181+09:00,0.0
2026-09-19T14:47:06.9079804+09:00,0.0
2026-09-19T14:47:07.1963254+09:00,0.0
2026-09-19T14:47:07.4822895+09:00,0.0
2026-09-19T14:47:07.7916932+09:00,0.0
2026-09-19T14:47:08.1016002+09:00,0.0
2026-09-19T14:47:08.3709741+09:00,0.0
2026-09-19T14:47:08.6363536+09:00,0.0
2026-09-19T14:47:08.9632418+09:00,0.0
2026-09-19T14:47:09.2573301+09:00,0.0
2026-09-19T14:47:09.5231873+09:00,0.0
2026-09-19T14:47:09.7944916+09:00,0.0
2026-09-19T14:47:10.0628667+09:00,0.0
2026-09-19T14:47:10.3608554+09:00,0.0
2026-09-19T14:47:10.6575990+09:00,0.0
2026-09-19T14:47:10.9250405+09:00,0.0
2026-09-19T14:47:11.2056113+09:00,0.0
2026-09-19T14:47:11.4696072+09:00,0.0
2026-09-19T14:47:11.7337812+09:00,0.0
2026-09-19T14:47:12.0064699+09:00,0.0
2026-09-19T14:47:12.2762863+09:00,0.0
2026-09-19T14:47:12.5458784+09:00,0.0
2026-09-19T14:47:12.8904090+09:00,0.0
2026-09-19T14:47:13.1741570+09:00,0.0
2026-09-19T14:47:13.4899976+09:00,0.0
2026-09-19T14:47:13.8043921+09:00,0.0
2026-09-19T14:47:14.0853314+09:00,0.0
2026-09-19T14:47:14.3807842+09:00,0.0
2026-09-19T14:47:14.7093754+09:00,0.0
2026-09-19T14:47:15.0213183+09:00,0.0
2026-09-19T14:47:15.3208387+09:00,0.0
2026-09-19T14:47:15.6348037+09:00,0.0
2026-09-19T14:47:15.9312075+09:00,0.0
2026-09-19T14:47:16.2128647+09:00,0.0
2026-09-19T14:47:16.5435704+09:00,0.0
2026-09-19T14:47:16.8545623+09:00,0.0
2026-09-19T14:47:17.1512655+09:00,0.0
2026-09-19T14:47:17.4749808+09:00,0.0
2026-09-19T14:47:17.7755615+09:00,0.0
2026-09-19T14:47:18.0911815+09:00,0.0
2026-09-19T14:47:18.4031923+09:00,0.0
2026-09-19T14:47:18.6962525+09:00,0.0
2026-09-19T14:47:19.0115145+09:00,0.0
2026-09-19T14:47:19.2787669+09:00,0.0
2026-09-19T14:47:19.5868488+09:00,0.0
2026-09-19T14:47:19.8414380+09:00,0.0
2026-09-19T14:47:20.1284145+09:00,0.0
2026-09-19T14:47:20.3958480+09:00,0.0
2026-09-19T14:47:20.7114029+09:00,0.0
2026-09-19T14:47:20.9926965+09:00,0.0
2026-09-19T14:47:21.2605023+09:00,0.0
2026-09-19T14:47:21.5404797+09:00,0.0
2026-09-19T14:47:21.8186609+09:00,0.0
2026-09-19T14:47:22.0660638+09:00,0.0
2026-09-19T14:47:22.3493259+09:00,0.0
2026-09-19T14:47:22.6362025+09:00,0.0
2026-09-19T14:47:22.9070058+09:00,0.0
2026-09-19T14:47:23.2043232+09:00,0.0
2026-09-19T14:47:23.4745532+09:00,0.0
2026-09-19T14:47:23.7631488+09:00,0.0
2026-09-19T14:47:24.0498237+09:00,0.0
2026-09-19T14:47:24.3451934+09:00,0.0
2026-09-19T14:47:24.6272757+09:00,0.0
2026-09-19T14:47:24.9089800+09:00,0.0
2026-09-19T14:47:25.2052949+09:00,0.0
2026-09-19T14:47:25.4584956+09:00,0.0
2026-09-19T14:47:25.7778429+09:00,0.0
2026-09-19T14:47:26.0776418+09:00,0.0
2026-09-19T14:47:26.3445110+09:00,0.0
2026-09-19T14:47:26.6411728+09:00,0.0
2026-09-19T14:47:26.8873902+09:00,0.0
2026-09-19T14:47:27.1974769+09:00,0.0
2026-09-19T14:47:27.4695787+09:00,0.0
2026-09-19T14:47:27.7480149+09:00,0.0
2026-09-19T14:47:28.0438715+09:00,0.0
2026-09-19T14:47:28.3056429+09:00,0.0
2026-09-19T14:47:28.5879379+09:00,0.0
2026-09-19T14:47:28.8668400+09:00,0.0
2026-09-19T14:47:29.1160696+09:00,0.0
2026-09-19T14:47:29.3863772+09:00,0.0
2026-09-19T14:47:29.7160978+09:00,0.0
2026-09-19T14:47:30.0290502+09:00,0.0
2026-09-19T14:47:30.3098919+09:00,0.0
2026-09-19T14:47:30.5858722+09:00,0.0
2026-09-19T14:47:30.8741654+09:00,0.0
2026-09-19T14:47:31.1439213+09:00,0.0
2026-09-19T14:47:31.4257178+09:00,0.0
2026-09-19T14:47:31.7151526+09:00,0.0
2026-09-19T14:47:32.0170066+09:00,0.0
2026-09-19T14:47:32.2976941+09:00,0.0
2026-09-19T14:47:32.5617322+09:00,0.0
2026-09-19T14:47:32.7963321+09:00,0.0
2026-09-19T14:47:33.0473660+09:00,0.0
2026-09-19T14:47:33.3136877+09:00,0.0
2026-09-19T14:47:33.6020201+09:00,0.0
2026-09-19T14:47:33.8734973+09:00,0.0
2026-09-19T14:47:34.1278716+09:00,0.0
2026-09-19T14:47:34.4009029+09:00,0.0
2026-09-19T14:47:34.6662878+09:00,0.0
2026-09-19T14:47:34.9500691+09:00,0.0
2026-09-19T14:47:35.2265644+09:00,0.0
2026-09-19T14:47:35.5097533+09:00,0.0
2026-09-19T14:47:35.7738371+09:00,0.0
2026-09-19T14:47:36.0536990+09:00,0.0
2026-09-19T14:47:36.3343961+09:00,0.0
2026-09-19T14:47:36.6360386+09:00,0.0
2026-09-19T14:47:36.9041608+09:00,0.0
2026-09-19T14:47:37.2149456+09:00,0.0
2026-09-19T14:47:37.4902393+09:00,0.0
2026-09-19T14:47:37.7753117+09:00,0.0
2026-09-19T14:47:38.0444633+09:00,0.0
2026-09-19T14:47:38.3085532+09:00,0.0
2026-09-19T14:47:38.6051847+09:00,0.0
2026-09-19T14:47:38.9022368+09:00,0.0
2026-09-19T14:47:39.1795840+09:00,0.0
2026-09-19T14:47:39.4725944+09:00,0.0
2026-09-19T14:47:39.7571288+09:00,0.0
2026-09-19T14:47:40.0219025+09:00,0.0
2026-09-19T14:47:40.2696732+09:00,0.0
2026-09-19T14:47:40.5545704+09:00,0.0
2026-09-19T14:47:40.8263416+09:00,0.0
2026-09-19T14:47:41.1262241+09:00,0.0
2026-09-19T14:47:41.4068744+09:00,0.0
2026-09-19T14:47:41.7014752+09:00,0.0
2026-09-19T14:47:41.9907878+09:00,0.0
2026-09-19T14:47:42.2930574+09:00,0.0
2026-09-19T14:47:42.5491104+09:00,0.0
2026-09-19T14:47:42.8052447+09:00,0.0
2026-09-19T14:47:43.0764704+09:00,0.0
2026-09-19T14:47:43.3403589+09:00,0.0
2026-09-19T14:47:43.6364897+09:00,0.0
2026-09-19T14:47:43.9038167+09:00,0.0
2026-09-19T14:47:44.1809381+09:00,0.0
2026-09-19T14:47:44.4174522+09:00,0.0
2026-09-19T14:47:44.6983852+09:00,0.0
2026-09-19T14:47:44.9902774+09:00,0.0
2026-09-19T14:47:45.2776896+09:00,0.0
2026-09-19T14:47:45.5450362+09:00,0.0
2026-09-19T14:47:45.8107798+09:00,0.0
2026-09-19T14:47:46.0914923+09:00,0.0
2026-09-19T14:47:46.3745541+09:00,0.0
2026-09-19T14:47:46.6427419+09:00,0.0
2026-09-19T14:47:46.9051302+09:00,0.0
2026-09-19T14:47:47.2023500+09:00,0.0
2026-09-19T14:47:47.4809420+09:00,0.0
2026-09-19T14:47:47.8060562+09:00,0.0
2026-09-19T14:47:48.0747875+09:00,0.0
2026-09-19T14:47:48.3265243+09:00,0.0
2026-09-19T14:47:48.5726940+09:00,0.0
2026-09-19T14:47:48.8684191+09:00,0.0
2026-09-19T14:47:49.1483566+09:00,0.0
2026-09-19T14:47:49.4686571+09:00,0.0
2026-09-19T14:47:49.7401024+09:00,0.0
2026-09-19T14:47:49.9804389+09:00,0.0
2026-09-19T14:47:50.2300939+09:00,0.0
2026-09-19T14:47:50.4972823+09:00,0.0
2026-09-19T14:47:50.7459443+09:00,0.0
2026-09-19T14:47:51.0258143+09:00,0.0
2026-09-19T14:47:51.2896016+09:00,0.0
2026-09-19T14:47:51.5708784+09:00,0.0
2026-09-19T14:47:51.8730341+09:00,0.0
2026-09-19T14:47:52.1293328+09:00,0.0
2026-09-19T14:47:52.4174939+09:00,0.0
2026-09-19T14:47:52.6847073+09:00,0.0
2026-09-19T14:47:53.0000301+09:00,0.0
2026-09-19T14:47:53.3003977+09:00,0.0
2026-09-19T14:47:53.6256918+09:00,0.0
2026-09-19T14:47:53.9054286+09:00,0.0
2026-09-19T14:47:54.1795305+09:00,0.0
2026-09-19T14:47:54.4825237+09:00,0.0
2026-09-19T14:47:54.7614593+09:00,0.0
2026-09-19T14:47:55.0576586+09:00,0.0
2026-09-19T14:47:55.2921734+09:00,0.0
2026-09-19T14:47:55.6040346+09:00,0.0
2026-09-19T14:47:55.9013765+09:00,0.0
2026-09-19T14:47:56.1824006+09:00,0.0
2026-09-19T14:47:56.4619478+09:00,0.0
2026-09-19T14:47:56.7299860+09:00,0.0
2026-09-19T14:47:57.0038521+09:00,0.0
2026-09-19T14:47:57.2591566+09:00,0.0
2026-09-19T14:47:57.5598391+09:00,0.0
2026-09-19T14:47:57.8401417+09:00,0.0
2026-09-19T14:47:58.1532770+09:00,0.0
2026-09-19T14:47:58.4746328+09:00,0.0
2026-09-19T14:47:58.7452445+09:00,0.0
2026-09-19T14:47:59.0290348+09:00,0.0
2026-09-19T14:47:59.3098456+09:00,0.0
2026-09-19T14:47:59.5586535+09:00,0.0
2026-09-19T14:47:59.8222133+09:00,0.0
2026-09-19T14:48:00.1508559+09:00,0.0
2026-09-19T14:48:00.4342986+09:00,0.0
2026-09-19T14:48:00.7302198+09:00,0.0
2026-09-19T14:48:01.0254313+09:00,0.0
2026-09-19T14:48:01.3068855+09:00,0.0
2026-09-19T14:48:01.5693130+09:00,0.0
2026-09-19T14:48:01.8567945+09:00,0.0
2026-09-19T14:48:02.1233955+09:00,0.0
2026-09-19T14:48:02.4518204+09:00,0.0
2026-09-19T14:48:02.7626108+09:00,0.0
2026-09-19T14:48:03.0267666+09:00,0.0
2026-09-19T14:48:03.2936209+09:00,0.0
2026-09-19T14:48:03.5686105+09:00,0.0
2026-09-19T14:48:03.8068989+09:00,0.0
2026-09-19T14:48:04.0757416+09:00,0.0
2026-09-19T14:48:04.3869111+09:00,0.0
2026-09-19T14:48:04.6513996+09:00,0.0
2026-09-19T14:48:04.9239457+09:00,0.0
2026-09-19T14:48:05.2050002+09:00,0.0
2026-09-19T14:48:05.5075752+09:00,0.0
2026-09-19T14:48:05.7607100+09:00,0.0
2026-09-19T14:48:06.0298130+09:00,0.0
2026-09-19T14:48:06.2959723+09:00,0.0
2026-09-19T14:48:06.6242108+09:00,0.0
2026-09-19T14:48:06.9062942+09:00,0.0
2026-09-19T14:48:07.2104467+09:00,0.0
2026-09-19T14:48:07.4964805+09:00,0.0
2026-09-19T14:48:07.7742223+09:00,0.0
2026-09-19T14:48:08.0557023+09:00,0.0
2026-09-19T14:48:08.3692445+09:00,0.0
2026-09-19T14:48:08.6167657+09:00,0.0
2026-09-19T14:48:08.8888295+09:00,0.0
2026-09-19T14:48:09.1843028+09:00,0.0
2026-09-19T14:48:09.4749044+09:00,0.0
2026-09-19T14:48:09.7473169+09:00,0.0
2026-09-19T14:48:10.0174447+09:00,0.0
2026-09-19T14:48:10.2969759+09:00,0.0
2026-09-19T14:48:10.5813172+09:00,0.0
2026-09-19T14:48:10.8941041+09:00,0.0
2026-09-19T14:48:11.1811955+09:00,0.0
2026-09-19T14:48:11.4521347+09:00,0.0
2026-09-19T14:48:11.7603962+09:00,0.0
2026-09-19T14:48:12.0228462+09:00,0.0
2026-09-19T14:48:12.3191922+09:00,0.0
2026-09-19T14:48:12.6181412+09:00,0.0
2026-09-19T14:48:12.8752869+09:00,0.0
2026-09-19T14:48:13.1451063+09:00,0.0
2026-09-19T14:48:13.4259367+09:00,0.0
2026-09-19T14:48:13.7111372+09:00,0.0
2026-09-19T14:48:14.0136492+09:00,0.0
2026-09-19T14:48:14.2639531+09:00,0.0
2026-09-19T14:48:14.5711520+09:00,0.0
2026-09-19T14:48:14.8423975+09:00,0.0
2026-09-19T14:48:15.1275718+09:00,0.0
2026-09-19T14:48:15.3918259+09:00,0.0
2026-09-19T14:48:15.6741366+09:00,0.0
2026-09-19T14:48:16.0009122+09:00,0.0
2026-09-19T14:48:16.3139657+09:00,0.0
2026-09-19T14:48:16.5930320+09:00,0.0
2026-09-19T14:48:16.8724265+09:00,0.0
2026-09-19T14:48:17.1525842+09:00,0.0
2026-09-19T14:48:17.4322453+09:00,0.0
2026-09-19T14:48:17.7138732+09:00,0.0
2026-09-19T14:48:18.0102203+09:00,0.0
2026-09-19T14:48:18.2885451+09:00,0.0
2026-09-19T14:48:18.5378059+09:00,0.0
2026-09-19T14:48:18.8177424+09:00,0.0
2026-09-19T14:48:19.1130324+09:00,0.0
2026-09-19T14:48:19.3767630+09:00,0.0
2026-09-19T14:48:19.6248766+09:00,0.0
2026-09-19T14:48:19.9040585+09:00,0.0
2026-09-19T14:48:20.1693378+09:00,0.0
2026-09-19T14:48:20.4354750+09:00,0.0
2026-09-19T14:48:20.7447690+09:00,0.0
2026-09-19T14:48:21.0581721+09:00,0.0
2026-09-19T14:48:21.3534702+09:00,0.0
2026-09-19T14:48:21.6494142+09:00,0.0
2026-09-19T14:48:21.9649339+09:00,0.0
2026-09-19T14:48:22.2624642+09:00,0.0
2026-09-19T14:48:22.5611269+09:00,0.0
2026-09-19T14:48:22.8436461+09:00,0.0
2026-09-19T14:48:23.1270429+09:00,0.0
2026-09-19T14:48:23.3918321+09:00,0.0
2026-09-19T14:48:23.6866569+09:00,0.0
2026-09-19T14:48:23.9824651+09:00,0.0
2026-09-19T14:48:24.2625475+09:00,0.0
2026-09-19T14:48:24.5604379+09:00,0.0
2026-09-19T14:48:24.8413948+09:00,0.0
2026-09-19T14:48:25.1354471+09:00,0.0
2026-09-19T14:48:25.4650404+09:00,0.0
2026-09-19T14:48:25.7447041+09:00,0.0
2026-09-19T14:48:26.0433581+09:00,0.0
2026-09-19T14:48:26.3238526+09:00,0.0
2026-09-19T14:48:26.5917861+09:00,0.0
2026-09-19T14:48:26.8404321+09:00,0.0
2026-09-19T14:48:27.1043429+09:00,0.0
2026-09-19T14:48:27.4497335+09:00,0.0
2026-09-19T14:48:27.7328816+09:00,0.0
2026-09-19T14:48:28.0105154+09:00,0.0
2026-09-19T14:48:28.2912212+09:00,0.0
2026-09-19T14:48:28.5881409+09:00,0.0
2026-09-19T14:48:28.8681048+09:00,0.0
2026-09-19T14:48:29.1799231+09:00,0.0
2026-09-19T14:48:29.5241195+09:00,0.0
2026-09-19T14:48:29.8041567+09:00,0.0
2026-09-19T14:48:30.1038932+09:00,0.0
2026-09-19T14:48:30.3867490+09:00,0.0
2026-09-19T14:48:30.6514338+09:00,0.0
2026-09-19T14:48:30.9366986+09:00,0.0
2026-09-19T14:48:31.1861974+09:00,0.0
2026-09-19T14:48:31.4528769+09:00,0.0
2026-09-19T14:48:31.7464512+09:00,0.0
2026-09-19T14:48:32.0256398+09:00,0.0
2026-09-19T14:48:32.3245068+09:00,0.0
2026-09-19T14:48:32.6061156+09:00,0.0
2026-09-19T14:48:32.8727033+09:00,0.0
2026-09-19T14:48:33.1685225+09:00,0.0
2026-09-19T14:48:33.4652637+09:00,0.0
2026-09-19T14:48:33.7445868+09:00,0.0
2026-09-19T14:48:34.0448657+09:00,0.0
2026-09-19T14:48:34.3277126+09:00,0.0
2026-09-19T14:48:34.6175301+09:00,0.0
2026-09-19T14:48:34.8734868+09:00,0.0
2026-09-19T14:48:35.1392407+09:00,0.0
2026-09-19T14:48:35.4039019+09:00,0.0
2026-09-19T14:48:35.6845987+09:00,0.0
2026-09-19T14:48:35.9742327+09:00,0.0
2026-09-19T14:48:36.2120311+09:00,0.0
2026-09-19T14:48:36.5456518+09:00,0.0
2026-09-19T14:48:36.8092279+09:00,0.0
2026-09-19T14:48:37.0977654+09:00,0.0
2026-09-19T14:48:37.3716484+09:00,0.0
2026-09-19T14:48:37.6724817+09:00,0.0
2026-09-19T14:48:37.9687673+09:00,0.0
2026-09-19T14:48:38.2470809+09:00,0.0
2026-09-19T14:48:38.5211195+09:00,0.0
2026-09-19T14:48:38.8070021+09:00,0.0
2026-09-19T14:48:39.1225970+09:00,0.0
2026-09-19T14:48:39.4159782+09:00,0.0
2026-09-19T14:48:39.7122889+09:00,0.0
2026-09-19T14:48:40.0077150+09:00,0.0
2026-09-19T14:48:40.2635335+09:00,0.0
2026-09-19T14:48:40.5312910+09:00,0.0
2026-09-19T14:48:40.8030990+09:00,0.0
2026-09-19T14:48:41.0855977+09:00,0.0
2026-09-19T14:48:41.3511126+09:00,0.0
2026-09-19T14:48:41.6346697+09:00,0.0
2026-09-19T14:48:41.9219202+09:00,0.0
2026-09-19T14:48:42.2255942+09:00,0.0
2026-09-19T14:48:42.4639503+09:00,0.0
2026-09-19T14:48:42.7272648+09:00,0.0
2026-09-19T14:48:42.9791133+09:00,0.0
2026-09-19T14:48:43.2770940+09:00,0.0
2026-09-19T14:48:43.5288801+09:00,0.0
2026-09-19T14:48:43.8228357+09:00,0.0
2026-09-19T14:48:44.1189194+09:00,0.0
2026-09-19T14:48:44.3895690+09:00,0.0
2026-09-19T14:48:44.6604155+09:00,0.0
2026-09-19T14:48:44.9312515+09:00,0.0
2026-09-19T14:48:45.2110840+09:00,0.0
2026-09-19T14:48:45.4923449+09:00,0.0
2026-09-19T14:48:45.7401405+09:00,0.0
2026-09-19T14:48:46.0222355+09:00,0.0
2026-09-19T14:48:46.3397409+09:00,0.0
2026-09-19T14:48:46.6672772+09:00,0.0
2026-09-19T14:48:46.9200652+09:00,0.0
2026-09-19T14:48:47.2617334+09:00,0.0
2026-09-19T14:48:47.5241596+09:00,0.0
2026-09-19T14:48:47.8065199+09:00,0.0
2026-09-19T14:48:48.1161877+09:00,0.0
2026-09-19T14:48:48.3712442+09:00,0.0
2026-09-19T14:48:48.6222262+09:00,0.0
2026-09-19T14:48:48.8884124+09:00,0.0
2026-09-19T14:48:49.1666183+09:00,0.0
2026-09-19T14:48:49.4500991+09:00,0.0
2026-09-19T14:48:49.6967227+09:00,0.0
2026-09-19T14:48:49.9680362+09:00,0.0
2026-09-19T14:48:50.2646151+09:00,0.0
2026-09-19T14:48:50.5054934+09:00,0.0
2026-09-19T14:48:50.7612177+09:00,0.0
2026-09-19T14:48:51.0454260+09:00,0.0
2026-09-19T14:48:51.3564303+09:00,0.0
2026-09-19T14:48:51.6340156+09:00,0.0
2026-09-19T14:48:51.9402798+09:00,0.0
2026-09-19T14:48:52.2055389+09:00,0.0
2026-09-19T14:48:52.4735141+09:00,0.0
2026-09-19T14:48:52.7528716+09:00,0.0
2026-09-19T14:48:53.1370249+09:00,0.0
2026-09-19T14:48:53.4078777+09:00,0.0
2026-09-19T14:48:53.6583027+09:00,0.0
2026-09-19T14:48:53.9392653+09:00,0.0
2026-09-19T14:48:54.2346746+09:00,0.0
2026-09-19T14:48:54.5069170+09:00,0.0
2026-09-19T14:48:54.7764634+09:00,0.0
2026-09-19T14:48:55.0484129+09:00,0.0
2026-09-19T14:48:55.3199954+09:00,0.0
2026-09-19T14:48:55.6044560+09:00,0.0
2026-09-19T14:48:55.8684948+09:00,0.0
2026-09-19T14:48:56.1329975+09:00,0.0
2026-09-19T14:48:56.4307717+09:00,0.0
2026-09-19T14:48:56.7251859+09:00,0.0
2026-09-19T14:48:57.0211246+09:00,0.0
2026-09-19T14:48:57.2912962+09:00,0.0
2026-09-19T14:48:57.5616208+09:00,0.0
2026-09-19T14:48:57.8276041+09:00,0.0
2026-09-19T14:48:58.0756198+09:00,0.0
2026-09-19T14:48:58.3717852+09:00,0.0
2026-09-19T14:48:58.6342907+09:00,0.0
2026-09-19T14:48:58.9062888+09:00,0.0
2026-09-19T14:48:59.1994384+09:00,0.0
2026-09-19T14:48:59.4887959+09:00,0.0
2026-09-19T14:48:59.7740843+09:00,0.0
2026-09-19T14:49:00.0434911+09:00,0.0
2026-09-19T14:49:00.3361515+09:00,0.0
2026-09-19T14:49:00.6129988+09:00,0.0
2026-09-19T14:49:00.8881692+09:00,0.0
2026-09-19T14:49:01.1485836+09:00,0.0
2026-09-19T14:49:01.4355143+09:00,0.0
2026-09-19T14:49:01.7464842+09:00,0.0
2026-09-19T14:49:02.0386530+09:00,0.0
2026-09-19T14:49:02.3266272+09:00,0.0
2026-09-19T14:49:02.6139818+09:00,0.0
2026-09-19T14:49:02.8628997+09:00,0.0
2026-09-19T14:49:03.1258591+09:00,0.0
2026-09-19T14:49:03.4059563+09:00,0.0
2026-09-19T14:49:03.7457625+09:00,0.0
2026-09-19T14:49:04.0575465+09:00,0.0
2026-09-19T14:49:04.3678392+09:00,0.0
2026-09-19T14:49:04.6470283+09:00,0.0
2026-09-19T14:49:04.9589130+09:00,0.0
2026-09-19T14:49:05.2930247+09:00,0.0
2026-09-19T14:49:05.5491191+09:00,0.0
2026-09-19T14:49:05.8046357+09:00,0.0
2026-09-19T14:49:06.0736890+09:00,0.0
2026-09-19T14:49:06.3702678+09:00,0.0
2026-09-19T14:49:06.7126987+09:00,0.0
2026-09-19T14:49:06.9989561+09:00,0.0
2026-09-19T14:49:07.2829945+09:00,0.0
2026-09-19T14:49:07.5354073+09:00,0.0
2026-09-19T14:49:07.8183780+09:00,0.0
2026-09-19T14:49:08.0989569+09:00,0.0
2026-09-19T14:49:08.3685790+09:00,0.0
2026-09-19T14:49:08.6509324+09:00,0.0
2026-09-19T14:49:08.9338776+09:00,0.0
2026-09-19T14:49:09.2128538+09:00,0.0
2026-09-19T14:49:09.4817305+09:00,0.0
2026-09-19T14:49:09.7649317+09:00,0.0
2026-09-19T14:49:10.0532793+09:00,0.0
2026-09-19T14:49:10.3376095+09:00,0.0
2026-09-19T14:49:10.6044354+09:00,0.0
2026-09-19T14:49:10.8518257+09:00,0.0
2026-09-19T14:49:11.1198009+09:00,0.0
2026-09-19T14:49:11.4344027+09:00,0.0
2026-09-19T14:49:11.7135223+09:00,0.0
2026-09-19T14:49:11.9964418+09:00,0.0
2026-09-19T14:49:12.2644362+09:00,0.0
2026-09-19T14:49:12.5537820+09:00,0.0
2026-09-19T14:49:12.8240600+09:00,0.0
2026-09-19T14:49:13.1087563+09:00,0.0
2026-09-19T14:49:13.3760159+09:00,0.0
2026-09-19T14:49:13.6596315+09:00,0.0
2026-09-19T14:49:13.9896839+09:00,0.0
2026-09-19T14:49:14.2618610+09:00,0.0
2026-09-19T14:49:14.5593057+09:00,0.0
2026-09-19T14:49:14.8403072+09:00,0.0
2026-09-19T14:49:15.1203096+09:00,0.0
2026-09-19T14:49:15.3712535+09:00,0.0
2026-09-19T14:49:15.6491982+09:00,0.0
2026-09-19T14:49:15.9471364+09:00,0.0
2026-09-19T14:49:16.2147554+09:00,0.0
2026-09-19T14:49:16.5016669+09:00,0.0
2026-09-19T14:49:16.7520013+09:00,0.0
2026-09-19T14:49:17.0476178+09:00,0.0
2026-09-19T14:49:17.3252583+09:00,0.0
2026-09-19T14:49:17.6091569+09:00,0.0
2026-09-19T14:49:17.8721016+09:00,0.0
2026-09-19T14:49:18.1498400+09:00,0.0
2026-09-19T14:49:18.4096651+09:00,0.0
2026-09-19T14:49:18.6758103+09:00,0.0
2026-09-19T14:49:18.9422627+09:00,0.0
2026-09-19T14:49:19.3222304+09:00,0.0
2026-09-19T14:49:19.5732456+09:00,0.0
2026-09-19T14:49:19.8238063+09:00,0.0
2026-09-19T14:49:20.1369910+09:00,0.0
2026-09-19T14:49:20.4484456+09:00,0.0
2026-09-19T14:49:20.7299381+09:00,0.0
2026-09-19T14:49:21.0061871+09:00,0.0
2026-09-19T14:49:21.3075663+09:00,0.0
2026-09-19T14:49:21.5760566+09:00,0.0
2026-09-19T14:49:21.8721963+09:00,0.0
2026-09-19T14:49:22.1540000+09:00,0.0
2026-09-19T14:49:22.4177879+09:00,0.0
2026-09-19T14:49:22.6540082+09:00,0.0
2026-09-19T14:49:22.9028606+09:00,0.0
2026-09-19T14:49:23.1500646+09:00,0.0
2026-09-19T14:49:23.4047930+09:00,0.0
2026-09-19T14:49:23.6863021+09:00,0.0
2026-09-19T14:49:23.9827006+09:00,0.0
2026-09-19T14:49:24.2438781+09:00,0.0
2026-09-19T14:49:24.5382196+09:00,0.0
2026-09-19T14:49:24.8077874+09:00,0.0
2026-09-19T14:49:25.0789603+09:00,0.0
2026-09-19T14:49:25.3300283+09:00,0.0
2026-09-19T14:49:25.6069629+09:00,0.0
2026-09-19T14:49:25.9025939+09:00,0.0
2026-09-19T14:49:26.1665565+09:00,0.0
2026-09-19T14:49:26.4515584+09:00,0.0
2026-09-19T14:49:26.7643041+09:00,0.0
2026-09-19T14:49:27.0452451+09:00,0.0
2026-09-19T14:49:27.3253990+09:00,0.0
2026-09-19T14:49:27.6032635+09:00,0.0
2026-09-19T14:49:27.8760160+09:00,0.0
2026-09-19T14:49:28.1273793+09:00,0.0
2026-09-19T14:49:28.4242291+09:00,0.0
2026-09-19T14:49:28.6582121+09:00,0.0
2026-09-19T14:49:28.9056466+09:00,0.0
2026-09-19T14:49:29.1700106+09:00,0.0
2026-09-19T14:49:29.4343913+09:00,0.0
2026-09-19T14:49:29.7310869+09:00,0.0
2026-09-19T14:49:30.0035912+09:00,0.0
2026-09-19T14:49:30.3157574+09:00,0.0
2026-09-19T14:49:30.5959776+09:00,0.0
2026-09-19T14:49:30.8725728+09:00,0.0
2026-09-19T14:49:31.1492001+09:00,0.0
2026-09-19T14:49:31.4300730+09:00,0.0
2026-09-19T14:49:31.7130449+09:00,0.0
2026-09-19T14:49:31.9841835+09:00,0.0
2026-09-19T14:49:32.3001426+09:00,0.0
2026-09-19T14:49:32.6097674+09:00,0.0
2026-09-19T14:49:32.8909317+09:00,0.0
2026-09-19T14:49:33.1661143+09:00,0.0
2026-09-19T14:49:33.4689015+09:00,0.0
2026-09-19T14:49:33.7411416+09:00,0.0
2026-09-19T14:49:34.0410054+09:00,0.0
2026-09-19T14:49:34.3225795+09:00,0.0
2026-09-19T14:49:34.6041640+09:00,0.0
2026-09-19T14:49:34.8511477+09:00,0.0
2026-09-19T14:49:35.1182211+09:00,0.0
2026-09-19T14:49:35.3968924+09:00,0.0
2026-09-19T14:49:35.6927207+09:00,0.0
2026-09-19T14:49:36.0064956+09:00,0.0
2026-09-19T14:49:36.2712665+09:00,0.0
2026-09-19T14:49:36.5527880+09:00,0.0
2026-09-19T14:49:36.8168273+09:00,0.0
2026-09-19T14:49:37.1136178+09:00,0.0
2026-09-19T14:49:37.3623410+09:00,0.0
2026-09-19T14:49:37.6027851+09:00,0.0
2026-09-19T14:49:37.8425553+09:00,0.0
2026-09-19T14:49:38.1106485+09:00,0.0
2026-09-19T14:49:38.3888378+09:00,0.0
2026-09-19T14:49:38.6704017+09:00,0.0
2026-09-19T14:49:38.9672002+09:00,0.0
2026-09-19T14:49:39.2779769+09:00,0.0
2026-09-19T14:49:39.5551429+09:00,0.0
2026-09-19T14:49:39.8111881+09:00,0.0
2026-09-19T14:49:40.1131761+09:00,0.0
2026-09-19T14:49:40.3948177+09:00,0.0
2026-09-19T14:49:40.6776154+09:00,0.0
2026-09-19T14:49:40.9424955+09:00,0.0
2026-09-19T14:49:41.2141062+09:00,0.0
2026-09-19T14:49:41.4674659+09:00,0.0
2026-09-19T14:49:41.7633401+09:00,0.0
2026-09-19T14:49:42.0424458+09:00,0.0
2026-09-19T14:49:42.3110065+09:00,0.0
2026-09-19T14:49:42.6182860+09:00,0.0
2026-09-19T14:49:42.8744290+09:00,0.0
2026-09-19T14:49:43.1603374+09:00,0.0
2026-09-19T14:49:43.4247073+09:00,0.0
2026-09-19T14:49:43.7547698+09:00,0.0
2026-09-19T14:49:44.0520881+09:00,0.0
2026-09-19T14:49:44.3022198+09:00,0.0
2026-09-19T14:49:44.5705225+09:00,0.0
2026-09-19T14:49:44.8258597+09:00,0.0
2026-09-19T14:49:45.1131925+09:00,0.0
2026-09-19T14:49:45.3589533+09:00,0.0
2026-09-19T14:49:45.6533305+09:00,0.0
2026-09-19T14:49:45.9483895+09:00,0.0
2026-09-19T14:49:46.2469304+09:00,0.0
2026-09-19T14:49:46.5226050+09:00,0.0
2026-09-19T14:49:46.7948094+09:00,0.0
2026-09-19T14:49:47.1401970+09:00,0.0
2026-09-19T14:49:47.4370813+09:00,0.0
2026-09-19T14:49:47.7101187+09:00,0.0
2026-09-19T14:49:47.9911203+09:00,0.0
2026-09-19T14:49:48.2747110+09:00,0.0
2026-09-19T14:49:48.5561256+09:00,0.0
2026-09-19T14:49:48.7945423+09:00,0.0
2026-09-19T14:49:49.0475749+09:00,0.0
2026-09-19T14:49:49.3762176+09:00,0.0
2026-09-19T14:49:49.6401914+09:00,0.0
2026-09-19T14:49:49.8894553+09:00,0.0
2026-09-19T14:49:50.2640834+09:00,0.0
2026-09-19T14:49:50.5161362+09:00,0.0
2026-09-19T14:49:50.7705953+09:00,0.0
2026-09-19T14:49:51.0699970+09:00,0.0
2026-09-19T14:49:51.3668826+09:00,0.0
2026-09-19T14:49:51.6456914+09:00,0.0
2026-09-19T14:49:51.9116816+09:00,0.0
2026-09-19T14:49:52.1925249+09:00,0.0
2026-09-19T14:49:52.4744524+09:00,0.0
2026-09-19T14:49:52.7607269+09:00,0.0
2026-09-19T14:49:53.0584282+09:00,0.0
2026-09-19T14:49:53.3247088+09:00,0.0
2026-09-19T14:49:53.6023341+09:00,0.0
2026-09-19T14:49:53.9047949+09:00,0.0
2026-09-19T14:49:54.1684163+09:00,0.0
2026-09-19T14:49:54.4158047+09:00,0.0
2026-09-19T14:49:54.7095729+09:00,0.0
2026-09-19T14:49:55.0073124+09:00,0.0
2026-09-19T14:49:55.2884526+09:00,0.0
2026-09-19T14:49:55.5524521+09:00,0.0
2026-09-19T14:49:55.8493691+09:00,0.0
2026-09-19T14:49:56.1337039+09:00,0.0
2026-09-19T14:49:56.4465616+09:00,0.0
2026-09-19T14:49:56.7455124+09:00,0.0
2026-09-19T14:49:57.0270970+09:00,0.0
2026-09-19T14:49:57.3534992+09:00,0.0
2026-09-19T14:49:57.6686373+09:00,0.0
2026-09-19T14:49:57.9503592+09:00,0.0
2026-09-19T14:49:58.2321214+09:00,0.0
2026-09-19T14:49:58.5228859+09:00,0.0
2026-09-19T14:49:58.7957655+09:00,0.0
2026-09-19T14:49:59.0486327+09:00,0.0
2026-09-19T14:49:59.3460144+09:00,0.0
2026-09-19T14:49:59.6206788+09:00,0.0
2026-09-19T14:49:59.8756261+09:00,0.0
2026-09-19T14:50:00.1875106+09:00,0.0
2026-09-19T14:50:00.4745577+09:00,0.0
2026-09-19T14:50:00.7623798+09:00,0.0
2026-09-19T14:50:01.0493490+09:00,0.0
2026-09-19T14:50:01.3190309+09:00,0.0
2026-09-19T14:50:01.6046239+09:00,0.0
2026-09-19T14:50:01.8695376+09:00,0.0
2026-09-19T14:50:02.1509437+09:00,0.0
2026-09-19T14:50:02.5475255+09:00,0.0
2026-09-19T14:50:02.8273210+09:00,0.0
2026-09-19T14:50:03.1112287+09:00,0.0
2026-09-19T14:50:03.3910625+09:00,0.0
2026-09-19T14:50:03.6854146+09:00,0.0
2026-09-19T14:50:03.9674051+09:00,0.0
2026-09-19T14:50:04.2618444+09:00,0.0
2026-09-19T14:50:04.5073799+09:00,0.0
2026-09-19T14:50:04.7763801+09:00,0.0
2026-09-19T14:50:05.0432075+09:00,0.0
2026-09-19T14:50:05.3226777+09:00,0.0
2026-09-19T14:50:05.6015065+09:00,0.0
2026-09-19T14:50:05.8817681+09:00,0.0
2026-09-19T14:50:06.1493079+09:00,0.0
2026-09-19T14:50:06.4686849+09:00,0.0
2026-09-19T14:50:06.7173432+09:00,0.0
2026-09-19T14:50:07.0154182+09:00,0.0
2026-09-19T14:50:07.3127646+09:00,0.0
2026-09-19T14:50:07.5870604+09:00,0.0
2026-09-19T14:50:07.8910664+09:00,0.0
2026-09-19T14:50:08.2355971+09:00,0.0
2026-09-19T14:50:08.4901405+09:00,0.0
2026-09-19T14:50:08.7275077+09:00,0.0
2026-09-19T14:50:09.0003658+09:00,0.0
2026-09-19T14:50:09.2553013+09:00,0.0
2026-09-19T14:50:09.5405601+09:00,0.0
2026-09-19T14:50:09.8214953+09:00,0.0
2026-09-19T14:50:10.1657317+09:00,0.0
2026-09-19T14:50:10.4332411+09:00,0.0
2026-09-19T14:50:10.7441927+09:00,0.0
2026-09-19T14:50:11.0405492+09:00,0.0
2026-09-19T14:50:11.3544492+09:00,0.0
2026-09-19T14:50:11.6379409+09:00,0.0
2026-09-19T14:50:11.9028085+09:00,0.0
2026-09-19T14:50:12.2462590+09:00,0.0
2026-09-19T14:50:12.5014716+09:00,0.0
2026-09-19T14:50:12.7860549+09:00,0.0
2026-09-19T14:50:13.0689374+09:00,0.0
2026-09-19T14:50:13.4155085+09:00,0.0
2026-09-19T14:50:13.6991218+09:00,0.0
2026-09-19T14:50:13.9795714+09:00,0.0
2026-09-19T14:50:14.2447177+09:00,0.0
2026-09-19T14:50:14.5221863+09:00,0.0
2026-09-19T14:50:14.7915642+09:00,0.0
2026-09-19T14:50:15.0447662+09:00,0.0
2026-09-19T14:50:15.3126143+09:00,0.0
2026-09-19T14:50:15.5802420+09:00,0.0
2026-09-19T14:50:15.8758087+09:00,0.0
2026-09-19T14:50:16.1497507+09:00,0.0
2026-09-19T14:50:16.3864373+09:00,0.0
2026-09-19T14:50:16.6371399+09:00,0.0
2026-09-19T14:50:16.8876226+09:00,0.0
2026-09-19T14:50:17.1509803+09:00,0.0
2026-09-19T14:50:17.4156353+09:00,0.0
2026-09-19T14:50:17.6978602+09:00,0.0
2026-09-19T14:50:17.9848196+09:00,0.0
2026-09-19T14:50:18.2500029+09:00,0.0
2026-09-19T14:50:18.5298018+09:00,0.0
2026-09-19T14:50:18.8245793+09:00,0.0
2026-09-19T14:50:19.1492629+09:00,0.0
2026-09-19T14:50:19.4195048+09:00,0.0
2026-09-19T14:50:19.7156051+09:00,0.0
2026-09-19T14:50:20.0136174+09:00,0.0
2026-09-19T14:50:20.2763008+09:00,0.0
2026-09-19T14:50:20.5696174+09:00,0.0
2026-09-19T14:50:20.8405167+09:00,0.0
2026-09-19T14:50:21.1230533+09:00,0.0
2026-09-19T14:50:21.4035250+09:00,0.0
2026-09-19T14:50:21.6842150+09:00,0.0
2026-09-19T14:50:21.9582623+09:00,0.0
2026-09-19T14:50:22.3268787+09:00,0.0
2026-09-19T14:50:22.6129698+09:00,0.0
2026-09-19T14:50:22.8789757+09:00,0.0
2026-09-19T14:50:23.1420995+09:00,0.0
2026-09-19T14:50:23.4558774+09:00,0.0
2026-09-19T14:50:23.7465987+09:00,0.0
2026-09-19T14:50:24.0304571+09:00,0.0
2026-09-19T14:50:24.3110643+09:00,0.0
2026-09-19T14:50:24.6185376+09:00,0.0
2026-09-19T14:50:24.8889366+09:00,0.0
2026-09-19T14:50:25.2033419+09:00,0.0
2026-09-19T14:50:25.5149524+09:00,0.0
2026-09-19T14:50:25.7951255+09:00,0.0
2026-09-19T14:50:26.0705855+09:00,0.0
2026-09-19T14:50:26.3731083+09:00,0.0
2026-09-19T14:50:26.6282004+09:00,0.0
2026-09-19T14:50:26.9153122+09:00,0.0
2026-09-19T14:50:27.1618692+09:00,0.0
2026-09-19T14:50:27.4589159+09:00,0.0
2026-09-19T14:50:27.7307885+09:00,0.0
2026-09-19T14:50:28.0000879+09:00,0.0
2026-09-19T14:50:28.2801065+09:00,0.0
2026-09-19T14:50:28.5748809+09:00,0.0
2026-09-19T14:50:28.8541500+09:00,0.0
2026-09-19T14:50:29.1204824+09:00,0.0
2026-09-19T14:50:29.4058064+09:00,0.0
2026-09-19T14:50:29.6565556+09:00,0.0
2026-09-19T14:50:29.9360047+09:00,0.0
2026-09-19T14:50:30.2184157+09:00,0.0
2026-09-19T14:50:30.4850184+09:00,0.0
2026-09-19T14:50:30.7808183+09:00,0.0
2026-09-19T14:50:31.0709184+09:00,0.0
2026-09-19T14:50:31.4044224+09:00,0.0
2026-09-19T14:50:31.7070999+09:00,0.0
2026-09-19T14:50:31.9769579+09:00,0.0
2026-09-19T14:50:32.2566615+09:00,0.0
2026-09-19T14:50:32.6014623+09:00,0.0
2026-09-19T14:50:32.8513125+09:00,0.0
2026-09-19T14:50:33.1310106+09:00,0.0
2026-09-19T14:50:33.3818861+09:00,0.0
2026-09-19T14:50:33.6616550+09:00,0.0
2026-09-19T14:50:33.9741826+09:00,0.0
2026-09-19T14:50:34.2281431+09:00,0.0
2026-09-19T14:50:34.5255919+09:00,0.0
2026-09-19T14:50:34.8060615+09:00,0.0
2026-09-19T14:50:35.0840776+09:00,0.0
2026-09-19T14:50:35.3340870+09:00,0.0
2026-09-19T14:50:35.6002009+09:00,0.0
2026-09-19T14:50:35.8849450+09:00,0.0
2026-09-19T14:50:36.1523219+09:00,0.0
2026-09-19T14:50:36.4067751+09:00,0.0
2026-09-19T14:50:36.6880337+09:00,0.0
2026-09-19T14:50:36.9840008+09:00,0.0
2026-09-19T14:50:37.2628249+09:00,0.0
2026-09-19T14:50:37.5393629+09:00,0.0
2026-09-19T14:50:37.8124207+09:00,0.0
2026-09-19T14:50:38.0647297+09:00,0.0
2026-09-19T14:50:38.3126353+09:00,0.0
2026-09-19T14:50:38.6115612+09:00,0.0
2026-09-19T14:50:38.8929216+09:00,0.0
2026-09-19T14:50:39.1745740+09:00,0.0
2026-09-19T14:50:39.4581229+09:00,0.0
2026-09-19T14:50:39.7296807+09:00,0.0
2026-09-19T14:50:40.0300777+09:00,0.0
2026-09-19T14:50:40.2788426+09:00,0.0
2026-09-19T14:50:40.5732433+09:00,0.0
2026-09-19T14:50:40.8385928+09:00,0.0
2026-09-19T14:50:41.1347023+09:00,0.0
2026-09-19T14:50:41.3879598+09:00,0.0
2026-09-19T14:50:41.6675708+09:00,0.0
2026-09-19T14:50:41.9927900+09:00,0.0
2026-09-19T14:50:42.2925849+09:00,0.0
2026-09-19T14:50:42.5712590+09:00,0.0
2026-09-19T14:50:42.8261854+09:00,0.0
2026-09-19T14:50:43.1130416+09:00,0.0
2026-09-19T14:50:43.3923419+09:00,0.0
2026-09-19T14:50:43.6585837+09:00,0.0
2026-09-19T14:50:43.9393343+09:00,0.0
2026-09-19T14:50:44.2132945+09:00,0.0
2026-09-19T14:50:44.4822766+09:00,0.0
2026-09-19T14:50:44.7483742+09:00,0.0
2026-09-19T14:50:45.0257932+09:00,0.0
2026-09-19T14:50:45.3065703+09:00,0.0
2026-09-19T14:50:45.5850409+09:00,0.0
2026-09-19T14:50:45.8350400+09:00,0.0
2026-09-19T14:50:46.1180326+09:00,0.0
2026-09-19T14:50:46.4189386+09:00,0.0
2026-09-19T14:50:46.6684231+09:00,0.0
2026-09-19T14:50:46.9496639+09:00,0.0
2026-09-19T14:50:47.3070560+09:00,0.0
2026-09-19T14:50:47.5579009+09:00,0.0
2026-09-19T14:50:47.8546741+09:00,0.0
2026-09-19T14:50:48.1492039+09:00,0.0
2026-09-19T14:50:48.4170335+09:00,0.0
2026-09-19T14:50:48.6985453+09:00,0.0
2026-09-19T14:50:48.9683957+09:00,0.0
2026-09-19T14:50:49.2690744+09:00,0.0
2026-09-19T14:50:49.5528594+09:00,0.0
2026-09-19T14:50:49.8818304+09:00,0.0
2026-09-19T14:50:50.2299776+09:00,0.0
2026-09-19T14:50:50.5143787+09:00,0.0
2026-09-19T14:50:50.8083453+09:00,0.0
2026-09-19T14:50:51.0740034+09:00,0.0
2026-09-19T14:50:51.3555609+09:00,0.0
2026-09-19T14:50:51.6360075+09:00,0.0
2026-09-19T14:50:51.9587213+09:00,0.0
2026-09-19T14:50:52.2300427+09:00,0.0
2026-09-19T14:50:52.5015059+09:00,0.0
2026-09-19T14:50:52.8633777+09:00,0.0
2026-09-19T14:50:53.1276666+09:00,0.0
2026-09-19T14:50:53.4265332+09:00,0.0
2026-09-19T14:50:53.6986036+09:00,0.0
2026-09-19T14:50:54.0030703+09:00,0.0
2026-09-19T14:50:54.2520014+09:00,0.0
2026-09-19T14:50:54.5786857+09:00,0.0
2026-09-19T14:50:54.8439856+09:00,0.0
2026-09-19T14:50:55.1397151+09:00,0.0
2026-09-19T14:50:55.4207421+09:00,0.0
2026-09-19T14:50:55.6853202+09:00,0.0
2026-09-19T14:50:55.9633689+09:00,0.0
2026-09-19T14:50:56.2636177+09:00,0.0
2026-09-19T14:50:56.5438637+09:00,0.0
2026-09-19T14:50:56.8891099+09:00,0.0
2026-09-19T14:50:57.1485045+09:00,0.0
2026-09-19T14:50:57.4165842+09:00,0.0
2026-09-19T14:50:57.6986568+09:00,0.0
2026-09-19T14:50:57.9970250+09:00,0.0
2026-09-19T14:50:58.2593100+09:00,0.0
2026-09-19T14:50:58.5392000+09:00,0.0
2026-09-19T14:50:58.8111326+09:00,0.0
2026-09-19T14:50:59.0801303+09:00,0.0
2026-09-19T14:50:59.3496859+09:00,0.0
2026-09-19T14:50:59.6184776+09:00,0.0
2026-09-19T14:50:59.8998126+09:00,0.0
2026-09-19T14:51:00.1497136+09:00,0.0
2026-09-19T14:51:00.3889598+09:00,0.0
2026-09-19T14:51:00.6759402+09:00,0.0
2026-09-19T14:51:00.9472130+09:00,0.0
2026-09-19T14:51:01.2437595+09:00,0.0
2026-09-19T14:51:01.5393849+09:00,0.0
2026-09-19T14:51:01.7997864+09:00,0.0
2026-09-19T14:51:02.0973020+09:00,0.0
2026-09-19T14:51:02.3774890+09:00,0.0
2026-09-19T14:51:02.6343026+09:00,0.0
2026-09-19T14:51:02.9218079+09:00,0.0
2026-09-19T14:51:03.2057774+09:00,0.0
2026-09-19T14:51:03.4693361+09:00,0.0
2026-09-19T14:51:03.7675145+09:00,0.0
2026-09-19T14:51:04.0540401+09:00,0.0
2026-09-19T14:51:04.3090515+09:00,0.0
2026-09-19T14:51:04.5773456+09:00,0.0
2026-09-19T14:51:04.8276077+09:00,0.0
2026-09-19T14:51:05.1077231+09:00,0.0
2026-09-19T14:51:05.4029883+09:00,0.0
2026-09-19T14:51:05.6680502+09:00,0.0
2026-09-19T14:51:05.9694117+09:00,0.0
2026-09-19T14:51:06.2367118+09:00,0.0
2026-09-19T14:51:06.5219489+09:00,0.0
2026-09-19T14:51:06.7939083+09:00,0.0
2026-09-19T14:51:07.0488775+09:00,0.0
2026-09-19T14:51:07.3617734+09:00,0.0
2026-09-19T14:51:07.6314463+09:00,0.0
2026-09-19T14:51:07.9285063+09:00,0.0
2026-09-19T14:51:08.1931865+09:00,0.0
2026-09-19T14:51:08.4429759+09:00,0.0
2026-09-19T14:51:08.7154971+09:00,0.0
2026-09-19T14:51:09.0003379+09:00,0.0
2026-09-19T14:51:09.2879218+09:00,0.0
2026-09-19T14:51:09.5391078+09:00,0.0
2026-09-19T14:51:09.8041951+09:00,0.0
2026-09-19T14:51:10.0869982+09:00,0.0
2026-09-19T14:51:10.4137884+09:00,0.0
2026-09-19T14:51:10.7726231+09:00,0.0
2026-09-19T14:51:11.0382124+09:00,0.0
2026-09-19T14:51:11.3047628+09:00,0.0
2026-09-19T14:51:11.5704183+09:00,0.0
2026-09-19T14:51:11.8395692+09:00,0.0
2026-09-19T14:51:12.1065101+09:00,0.0
2026-09-19T14:51:12.3885589+09:00,0.0
2026-09-19T14:51:12.6820947+09:00,0.0
2026-09-19T14:51:12.9378902+09:00,0.0
2026-09-19T14:51:13.2689437+09:00,0.0
2026-09-19T14:51:13.5413345+09:00,0.0
2026-09-19T14:51:13.8205730+09:00,0.0
2026-09-19T14:51:14.1009860+09:00,0.0
2026-09-19T14:51:14.3668389+09:00,0.0
2026-09-19T14:51:14.6486694+09:00,0.0
2026-09-19T14:51:14.9199822+09:00,0.0
2026-09-19T14:51:15.2003087+09:00,0.0
2026-09-19T14:51:15.4590127+09:00,0.0
2026-09-19T14:51:15.7624371+09:00,0.0
2026-09-19T14:51:16.0329443+09:00,0.0
2026-09-19T14:51:16.3037314+09:00,0.0
2026-09-19T14:51:16.5716096+09:00,0.0
2026-09-19T14:51:16.8512726+09:00,0.0
2026-09-19T14:51:17.1293959+09:00,0.0
2026-09-19T14:51:17.4248621+09:00,0.0
2026-09-19T14:51:17.7055540+09:00,0.0
2026-09-19T14:51:17.9983364+09:00,0.0
2026-09-19T14:51:18.2957468+09:00,0.0
2026-09-19T14:51:18.5858105+09:00,0.0
2026-09-19T14:51:18.8568095+09:00,0.0
2026-09-19T14:51:19.1393973+09:00,0.0
2026-09-19T14:51:19.3873723+09:00,0.0
2026-09-19T14:51:19.6673044+09:00,0.0
2026-09-19T14:51:19.9384925+09:00,0.0
2026-09-19T14:51:20.2357626+09:00,0.0
2026-09-19T14:51:20.5021263+09:00,0.0
2026-09-19T14:51:20.7834003+09:00,0.0
2026-09-19T14:51:21.0480114+09:00,0.0
2026-09-19T14:51:21.3312803+09:00,0.0
2026-09-19T14:51:21.6305497+09:00,0.0
2026-09-19T14:51:21.8944353+09:00,0.0
2026-09-19T14:51:22.1346192+09:00,0.0
2026-09-19T14:51:22.3904506+09:00,0.0
2026-09-19T14:51:22.6923151+09:00,0.0
2026-09-19T14:51:22.9621020+09:00,0.0
2026-09-19T14:51:23.2271345+09:00,0.0
2026-09-19T14:51:23.4906715+09:00,0.0
2026-09-19T14:51:23.7781365+09:00,0.0
2026-09-19T14:51:24.0641027+09:00,0.0
2026-09-19T14:51:24.3560164+09:00,0.0
2026-09-19T14:51:24.6344201+09:00,0.0
2026-09-19T14:51:24.8996422+09:00,0.0
2026-09-19T14:51:25.1985241+09:00,0.0
2026-09-19T14:51:25.4683063+09:00,0.0
2026-09-19T14:51:25.7460857+09:00,0.0
2026-09-19T14:51:26.0271800+09:00,0.0
2026-09-19T14:51:26.3235040+09:00,0.0
2026-09-19T14:51:26.5866032+09:00,0.0
2026-09-19T14:51:26.8595780+09:00,0.0
2026-09-19T14:51:27.1079685+09:00,0.0
2026-09-19T14:51:27.3861148+09:00,0.0
2026-09-19T14:51:27.6679873+09:00,0.0
2026-09-19T14:51:27.9746200+09:00,0.0
2026-09-19T14:51:28.2621395+09:00,0.0
2026-09-19T14:51:28.5168391+09:00,0.0
2026-09-19T14:51:28.7579195+09:00,0.0
2026-09-19T14:51:29.0736794+09:00,0.0
2026-09-19T14:51:29.3692893+09:00,0.0
2026-09-19T14:51:29.6176208+09:00,0.0
2026-09-19T14:51:29.8893020+09:00,0.0
2026-09-19T14:51:30.1610278+09:00,0.0
2026-09-19T14:51:30.4469699+09:00,0.0
2026-09-19T14:51:30.7268464+09:00,0.0
2026-09-19T14:51:30.9763422+09:00,0.0
2026-09-19T14:51:31.2426406+09:00,0.0
2026-09-19T14:51:31.5075433+09:00,0.0
2026-09-19T14:51:31.8238782+09:00,0.0
2026-09-19T14:51:32.0925449+09:00,0.0
2026-09-19T14:51:32.3719595+09:00,0.0
2026-09-19T14:51:32.6518699+09:00,0.0
2026-09-19T14:51:32.9162003+09:00,0.0
2026-09-19T14:51:33.2139272+09:00,0.0
2026-09-19T14:51:33.5065420+09:00,0.0
2026-09-19T14:51:33.7772538+09:00,0.0
2026-09-19T14:51:34.0642696+09:00,0.0
2026-09-19T14:51:34.3035493+09:00,0.0
2026-09-19T14:51:34.5699866+09:00,0.0
2026-09-19T14:51:34.8520255+09:00,0.0
2026-09-19T14:51:35.1330875+09:00,0.0
2026-09-19T14:51:35.4682820+09:00,0.0
2026-09-19T14:51:35.7400774+09:00,0.0
2026-09-19T14:51:36.0133981+09:00,0.0
2026-09-19T14:51:36.2943129+09:00,0.0
2026-09-19T14:51:36.5903768+09:00,0.0
2026-09-19T14:51:36.8833201+09:00,0.0
2026-09-19T14:51:37.2420891+09:00,0.0
2026-09-19T14:51:37.5073279+09:00,0.0
2026-09-19T14:51:37.7777288+09:00,0.0
2026-09-19T14:51:38.0489549+09:00,0.0
2026-09-19T14:51:38.3301298+09:00,0.0
2026-09-19T14:51:38.6299225+09:00,0.0
2026-09-19T14:51:38.9098065+09:00,0.0
2026-09-19T14:51:39.2286391+09:00,0.0
2026-09-19T14:51:39.5319399+09:00,0.0
2026-09-19T14:51:39.8406137+09:00,0.0
2026-09-19T14:51:40.1495797+09:00,0.0
2026-09-19T14:51:40.4590990+09:00,0.0
2026-09-19T14:51:40.7283110+09:00,0.0
2026-09-19T14:51:40.9688318+09:00,0.0
2026-09-19T14:51:41.2247922+09:00,0.0
2026-09-19T14:51:41.4770474+09:00,0.0
2026-09-19T14:51:41.7739689+09:00,0.0
2026-09-19T14:51:42.0707176+09:00,0.0
2026-09-19T14:51:42.3415485+09:00,0.0
2026-09-19T14:51:42.6129008+09:00,0.0
2026-09-19T14:51:42.8520945+09:00,0.0
2026-09-19T14:51:43.1049378+09:00,0.0
2026-09-19T14:51:43.3861595+09:00,0.0
2026-09-19T14:51:43.6365629+09:00,0.0
2026-09-19T14:51:43.9004734+09:00,0.0
2026-09-19T14:51:44.1825592+09:00,0.0
2026-09-19T14:51:44.4529767+09:00,0.0
2026-09-19T14:51:44.7232040+09:00,0.0
2026-09-19T14:51:45.0076310+09:00,0.0
2026-09-19T14:51:45.2727869+09:00,0.0
2026-09-19T14:51:45.5527291+09:00,0.0
2026-09-19T14:51:45.8015494+09:00,0.0
2026-09-19T14:51:46.1481632+09:00,0.0
2026-09-19T14:51:46.4186708+09:00,0.0
2026-09-19T14:51:46.7009043+09:00,0.0
2026-09-19T14:51:46.9663324+09:00,0.0
2026-09-19T14:51:47.2142776+09:00,0.0
2026-09-19T14:51:47.4914248+09:00,0.0
2026-09-19T14:51:47.7617371+09:00,0.0
2026-09-19T14:51:48.0442563+09:00,0.0
2026-09-19T14:51:48.3248071+09:00,0.0
2026-09-19T14:55:21.9030405+09:00,0.0
2026-09-19T14:55:22.6277524+09:00,0.0
2026-09-19T14:55:22.9510188+09:00,0.0
2026-09-19T14:55:23.2114629+09:00,0.0
2026-09-19T14:55:23.4806166+09:00,0.0
2026-09-19T14:55:23.7451639+09:00,0.0
2026-09-19T14:55:23.9943763+09:00,0.0
2026-09-19T14:55:24.2589779+09:00,0.0
2026-09-19T14:55:24.5224902+09:00,0.0
2026-09-19T14:55:24.7762952+09:00,0.0
2026-09-19T14:55:24.9996729+09:00,0.0
2026-09-19T14:55:25.2383521+09:00,0.0
2026-09-19T14:55:25.4916917+09:00,0.0
2026-09-19T14:55:25.7977049+09:00,0.0
2026-09-19T14:55:26.0606621+09:00,0.0
2026-09-19T14:55:26.3232180+09:00,0.0
2026-09-19T14:55:26.5455593+09:00,0.0
2026-09-19T14:55:26.8108505+09:00,0.0
2026-09-19T14:55:27.0950772+09:00,0.0
2026-09-19T14:55:27.3657543+09:00,0.0
2026-09-19T14:55:27.6812383+09:00,0.0
2026-09-19T14:55:27.9910611+09:00,0.0
2026-09-19T14:55:28.2893321+09:00,0.0
2026-09-19T14:55:28.5879628+09:00,0.0
2026-09-19T14:55:28.8869355+09:00,0.0
2026-09-19T14:55:29.2275283+09:00,0.0
2026-09-19T14:55:29.4739935+09:00,0.0
2026-09-19T14:55:29.7766411+09:00,0.0
2026-09-19T14:55:30.0890667+09:00,0.0
2026-09-19T14:55:30.3857248+09:00,0.0
2026-09-19T14:55:30.6991011+09:00,0.0
2026-09-19T14:55:30.9947873+09:00,0.0
2026-09-19T14:55:31.3064088+09:00,0.0
2026-09-19T14:55:31.5862109+09:00,0.0
2026-09-19T14:55:31.8525647+09:00,0.0
2026-09-19T14:55:32.1315313+09:00,0.0
2026-09-19T14:55:32.4460819+09:00,0.0
2026-09-19T14:55:32.7445528+09:00,0.0
2026-09-19T14:55:33.0378714+09:00,0.0
2026-09-19T14:55:33.3179805+09:00,0.0
2026-09-19T14:55:33.6305044+09:00,0.0
2026-09-19T14:55:33.9468328+09:00,0.0
2026-09-19T14:55:34.2586696+09:00,0.0
2026-09-19T14:55:34.5540392+09:00,0.0
2026-09-19T14:55:34.8490496+09:00,0.0
2026-09-19T14:55:35.1578399+09:00,0.0
2026-09-19T14:55:35.4422431+09:00,0.0
2026-09-19T14:55:35.7237491+09:00,0.0
2026-09-19T14:55:36.0069054+09:00,0.0
2026-09-19T14:55:36.3030193+09:00,0.0
2026-09-19T14:55:36.6029963+09:00,0.0
2026-09-19T14:55:36.8360100+09:00,0.0
2026-09-19T14:55:37.1018893+09:00,0.0
2026-09-19T14:55:37.3659081+09:00,0.0
2026-09-19T14:55:37.6682385+09:00,0.0
2026-09-19T14:55:37.9646692+09:00,0.0
2026-09-19T14:55:38.2902700+09:00,0.0
2026-09-19T14:55:38.5845969+09:00,0.0
2026-09-19T14:55:38.8797495+09:00,0.0
2026-09-19T14:55:39.1497191+09:00,0.0
2026-09-19T14:55:39.4538722+09:00,0.0
2026-09-19T14:55:39.7666139+09:00,0.0
2026-09-19T14:55:40.0620930+09:00,0.0
2026-09-19T14:55:40.3418274+09:00,0.0
2026-09-19T14:55:40.6318677+09:00,0.0
2026-09-19T14:55:40.9719342+09:00,0.0
2026-09-19T14:55:41.2525254+09:00,0.0
2026-09-19T14:55:41.5544080+09:00,0.0
2026-09-19T14:55:41.8396536+09:00,0.0
2026-09-19T14:55:42.1470097+09:00,0.0
2026-09-19T14:55:42.4466579+09:00,0.0
2026-09-19T14:55:42.7583775+09:00,0.0
2026-09-19T14:55:43.0382967+09:00,0.0
2026-09-19T14:55:43.3472316+09:00,0.0
2026-09-19T14:55:43.6271870+09:00,0.0
2026-09-19T14:55:43.9075572+09:00,0.0
2026-09-19T14:55:44.2215914+09:00,0.0
2026-09-19T14:55:44.4899382+09:00,0.0
2026-09-19T14:55:44.7717262+09:00,0.0
2026-09-19T14:55:45.0701417+09:00,0.0
2026-09-19T14:55:45.3679995+09:00,0.0
2026-09-19T14:55:45.6670403+09:00,0.0
2026-09-19T14:55:45.9791073+09:00,0.0
2026-09-19T14:55:46.2771879+09:00,0.0
2026-09-19T14:55:46.5704649+09:00,0.0
2026-09-19T14:55:46.8391338+09:00,0.0
2026-09-19T14:55:47.1069800+09:00,0.0
2026-09-19T14:55:47.3560207+09:00,0.0
2026-09-19T14:55:47.6543281+09:00,0.0
2026-09-19T14:55:47.9598127+09:00,0.0
2026-09-19T14:55:48.2766070+09:00,0.0
2026-09-19T14:55:48.5494339+09:00,0.0
2026-09-19T14:55:48.8309219+09:00,0.0
2026-09-19T14:55:49.1279293+09:00,0.0
2026-09-19T14:55:49.4064802+09:00,0.0
2026-09-19T14:55:49.7180160+09:00,0.0
2026-09-19T14:55:50.0221302+09:00,0.0
2026-09-19T14:55:50.3069666+09:00,0.0
2026-09-19T14:55:50.5850845+09:00,0.0
2026-09-19T14:55:50.8839397+09:00,0.0
2026-09-19T14:55:51.1776697+09:00,0.0
2026-09-19T14:55:51.4958755+09:00,0.0
2026-09-19T14:55:51.7986873+09:00,0.0
2026-09-19T14:55:52.0964616+09:00,0.0
2026-09-19T14:55:52.4272619+09:00,0.0
2026-09-19T14:55:52.7368753+09:00,0.0
2026-09-19T14:55:53.0212717+09:00,0.0
2026-09-19T14:55:53.3335181+09:00,0.0
2026-09-19T14:55:53.6143878+09:00,0.0
2026-09-19T14:55:53.9280133+09:00,0.0
2026-09-19T14:55:54.2089137+09:00,0.0
2026-09-19T14:55:54.4934545+09:00,0.0
2026-09-19T14:55:54.7755774+09:00,0.0
2026-09-19T14:55:55.0714605+09:00,0.0
2026-09-19T14:55:55.3546485+09:00,0.0
2026-09-19T14:55:55.6492366+09:00,0.0
2026-09-19T14:55:55.9313264+09:00,0.0
2026-09-19T14:55:56.2123808+09:00,0.0
2026-09-19T14:55:56.4852817+09:00,0.0
2026-09-19T14:55:56.8177664+09:00,0.0
2026-09-19T14:55:57.1157061+09:00,0.0
2026-09-19T14:55:57.4301638+09:00,0.0
2026-09-19T14:55:57.6986903+09:00,0.0
2026-09-19T14:55:58.0058594+09:00,0.0
2026-09-19T14:55:58.3169351+09:00,0.0
2026-09-19T14:55:58.5954428+09:00,0.0
2026-09-19T14:55:58.8906252+09:00,0.0
2026-09-19T14:55:59.1811432+09:00,0.0
2026-09-19T14:55:59.4720882+09:00,0.0
2026-09-19T14:55:59.7575847+09:00,0.0
2026-09-19T14:56:00.0394920+09:00,0.0
2026-09-19T14:56:00.3382318+09:00,0.0
2026-09-19T14:56:00.6414421+09:00,0.0
2026-09-19T14:56:00.9112846+09:00,0.0
2026-09-19T14:56:01.2241701+09:00,0.0
2026-09-19T14:56:01.5209542+09:00,0.0
2026-09-19T14:56:01.8002463+09:00,0.0
2026-09-19T14:56:02.0959622+09:00,0.0
2026-09-19T14:56:02.3684916+09:00,0.0
2026-09-19T14:56:02.6368576+09:00,0.0
2026-09-19T14:56:02.9318587+09:00,0.0
2026-09-19T14:56:03.2424160+09:00,0.0
2026-09-19T14:56:03.5131366+09:00,0.0
2026-09-19T14:56:03.7965714+09:00,0.0
2026-09-19T14:56:04.0766278+09:00,0.0
2026-09-19T14:56:04.3589213+09:00,0.0
2026-09-19T14:56:04.6545260+09:00,0.0
2026-09-19T14:56:04.9332212+09:00,0.0
2026-09-19T14:56:05.2144881+09:00,0.0
2026-09-19T14:56:05.4868172+09:00,0.0
2026-09-19T14:56:05.7675355+09:00,0.0
2026-09-19T14:56:06.0641551+09:00,0.0
2026-09-19T14:56:06.3469592+09:00,0.0
2026-09-19T14:56:06.6677007+09:00,0.0
2026-09-19T14:56:06.9407874+09:00,0.0
2026-09-19T14:56:07.2206460+09:00,0.0
2026-09-19T14:56:07.5024443+09:00,0.0
2026-09-19T14:56:07.8021955+09:00,0.0
2026-09-19T14:56:08.1004061+09:00,0.0
2026-09-19T14:56:08.3814729+09:00,0.0
2026-09-19T14:56:08.6467245+09:00,0.0
2026-09-19T14:56:08.9263386+09:00,0.0
2026-09-19T14:56:09.1789976+09:00,0.0
2026-09-19T14:56:09.4448826+09:00,0.0
2026-09-19T14:56:09.7208950+09:00,0.0
2026-09-19T14:56:10.0062708+09:00,0.0
2026-09-19T14:56:10.3019562+09:00,0.0
2026-09-19T14:56:10.5876590+09:00,0.0
2026-09-19T14:56:10.8551346+09:00,0.0
2026-09-19T14:56:11.1761567+09:00,0.0
2026-09-19T14:56:11.4649827+09:00,0.0
2026-09-19T14:56:11.7409464+09:00,0.0
2026-09-19T14:56:12.0671749+09:00,0.0
2026-09-19T14:56:12.3652460+09:00,0.0
2026-09-19T14:56:12.6617664+09:00,0.0
2026-09-19T14:56:12.9559826+09:00,0.0
2026-09-19T14:56:13.2499395+09:00,0.0
2026-09-19T14:56:13.5229180+09:00,0.0
2026-09-19T14:56:13.7962981+09:00,0.0
2026-09-19T14:56:14.0815813+09:00,0.0
2026-09-19T14:56:14.3792631+09:00,0.0
2026-09-19T14:56:14.6827874+09:00,0.0
2026-09-19T14:56:14.9889261+09:00,0.0
2026-09-19T14:56:15.2713456+09:00,0.0
2026-09-19T14:56:15.5520293+09:00,0.0
2026-09-19T14:56:15.8489690+09:00,0.0
2026-09-19T14:56:16.1352419+09:00,0.0
2026-09-19T14:56:16.3997198+09:00,0.0
2026-09-19T14:56:16.7098799+09:00,0.0
2026-09-19T14:56:16.9756115+09:00,0.0
2026-09-19T14:56:17.2538334+09:00,0.0
2026-09-19T14:56:17.5187399+09:00,0.0
2026-09-19T14:56:17.8131283+09:00,0.0
2026-09-19T14:56:18.1090460+09:00,0.0
2026-09-19T14:56:18.3940977+09:00,0.0
2026-09-19T14:56:18.6409751+09:00,0.0
2026-09-19T14:56:18.9269360+09:00,0.0
2026-09-19T14:56:19.2385411+09:00,0.0
2026-09-19T14:56:19.5086904+09:00,0.0
2026-09-19T14:56:19.8235183+09:00,0.0
2026-09-19T14:56:20.1134910+09:00,0.0
2026-09-19T14:56:20.4006199+09:00,0.0
2026-09-19T14:56:20.6995227+09:00,0.0
2026-09-19T14:56:20.9750997+09:00,0.0
2026-09-19T14:56:21.2770322+09:00,0.0
2026-09-19T14:56:21.5640875+09:00,0.0
2026-09-19T14:56:21.8413784+09:00,0.0
2026-09-19T14:56:22.1351710+09:00,0.0
2026-09-19T14:56:22.4360779+09:00,0.0
2026-09-19T14:56:22.7794996+09:00,0.0
2026-09-19T14:56:23.0623002+09:00,0.0
2026-09-19T14:56:23.4063455+09:00,0.0
2026-09-19T14:56:23.7162235+09:00,0.0
2026-09-19T14:56:24.0353674+09:00,0.0
2026-09-19T14:56:24.3483702+09:00,0.0
2026-09-19T14:56:24.6293632+09:00,0.0
2026-09-19T14:56:24.9111334+09:00,0.0
2026-09-19T14:56:25.2071937+09:00,0.0
2026-09-19T14:56:25.5058316+09:00,0.0
2026-09-19T14:56:25.7748405+09:00,0.0
2026-09-19T14:56:26.0548436+09:00,0.0
2026-09-19T14:56:26.3372780+09:00,0.0
2026-09-19T14:56:26.6196571+09:00,0.0
2026-09-19T14:56:26.8865848+09:00,0.0
2026-09-19T14:56:27.1719960+09:00,0.0
2026-09-19T14:56:27.4115861+09:00,0.0
2026-09-19T14:56:27.7224903+09:00,0.0
2026-09-19T14:56:28.0244961+09:00,0.0
2026-09-19T14:56:28.3220996+09:00,0.0
2026-09-19T14:56:28.6332924+09:00,0.0
2026-09-19T14:56:28.9113292+09:00,0.0
2026-09-19T14:56:29.1780280+09:00,0.0
2026-09-19T14:56:29.4166345+09:00,0.0
2026-09-19T14:56:29.6824120+09:00,0.0
2026-09-19T14:56:29.9330359+09:00,0.0
2026-09-19T14:56:30.2154621+09:00,0.0
2026-09-19T14:56:30.4989172+09:00,0.0
2026-09-19T14:56:30.7759921+09:00,0.0
2026-09-19T14:56:31.0871647+09:00,0.0
2026-09-19T14:56:31.3603436+09:00,0.0
2026-09-19T14:56:31.6427179+09:00,0.0
2026-09-19T14:56:31.8912313+09:00,0.0
2026-09-19T14:56:32.1867123+09:00,0.0
2026-09-19T14:56:32.4671340+09:00,0.0
2026-09-19T14:56:32.7622269+09:00,0.0
2026-09-19T14:56:33.0385131+09:00,0.0
2026-09-19T14:56:33.3229079+09:00,0.0
2026-09-19T14:56:33.6159598+09:00,0.0
2026-09-19T14:56:33.8971074+09:00,0.0
2026-09-19T14:56:34.2259755+09:00,0.0
2026-09-19T14:56:34.5080588+09:00,0.0
2026-09-19T14:56:34.8159161+09:00,0.0
2026-09-19T14:56:35.1220975+09:00,0.0
2026-09-19T14:56:35.4184427+09:00,0.0
2026-09-19T14:56:35.6886159+09:00,0.0
2026-09-19T14:56:35.9814197+09:00,0.0
2026-09-19T14:56:36.2647941+09:00,0.0
2026-09-19T14:56:36.5492335+09:00,0.0
2026-09-19T14:56:36.8593132+09:00,0.0
2026-09-19T14:56:37.1436249+09:00,0.0
2026-09-19T14:56:37.4312424+09:00,0.0
2026-09-19T14:56:37.7121030+09:00,0.0
2026-09-19T14:56:37.9926485+09:00,0.0
2026-09-19T14:56:38.2878255+09:00,0.0
2026-09-19T14:56:38.5736856+09:00,0.0
2026-09-19T14:56:38.8870807+09:00,0.0
2026-09-19T14:56:39.1687150+09:00,0.0
2026-09-19T14:56:39.4473947+09:00,0.0
2026-09-19T14:56:39.7274553+09:00,0.0
2026-09-19T14:56:40.0229120+09:00,0.0
2026-09-19T14:56:40.3428492+09:00,0.0
2026-09-19T14:56:40.6256860+09:00,0.0
2026-09-19T14:56:40.9075502+09:00,0.0
2026-09-19T14:56:41.2152974+09:00,0.0
2026-09-19T14:56:41.5204074+09:00,0.0
2026-09-19T14:56:41.8327979+09:00,0.0
2026-09-19T14:56:42.1328719+09:00,0.0
2026-09-19T14:56:42.4292917+09:00,0.0
2026-09-19T14:56:42.7097299+09:00,0.0
2026-09-19T14:56:43.0376646+09:00,0.0
2026-09-19T14:56:43.3307620+09:00,0.0
2026-09-19T14:56:43.5864241+09:00,0.0
2026-09-19T14:56:43.8572654+09:00,0.0
2026-09-19T14:56:44.1447130+09:00,0.0
2026-09-19T14:56:44.4427495+09:00,0.0
2026-09-19T14:56:44.7393729+09:00,0.0
2026-09-19T14:56:45.0361574+09:00,0.0
2026-09-19T14:56:45.3468383+09:00,0.0
2026-09-19T14:56:45.6287329+09:00,0.0
2026-09-19T14:56:45.8829644+09:00,0.0
2026-09-19T14:56:46.1954184+09:00,0.0
2026-09-19T14:56:46.4773359+09:00,0.0
2026-09-19T14:56:46.7603635+09:00,0.0
2026-09-19T14:56:47.0401076+09:00,0.0
2026-09-19T14:56:47.3202648+09:00,0.0
2026-09-19T14:56:47.6495897+09:00,0.0
2026-09-19T14:56:47.9446484+09:00,0.0
2026-09-19T14:56:48.2256784+09:00,0.0
2026-09-19T14:56:48.5223868+09:00,0.0
2026-09-19T14:56:48.8103026+09:00,0.0
2026-09-19T14:56:49.0795312+09:00,0.0
2026-09-19T14:56:49.3775358+09:00,0.0
2026-09-19T14:56:49.6601950+09:00,0.0
2026-09-19T14:56:49.9398824+09:00,0.0
2026-09-19T14:56:50.2135524+09:00,0.0
2026-09-19T14:56:50.5046593+09:00,0.0
2026-09-19T14:56:50.8191596+09:00,0.0
2026-09-19T14:56:51.0871624+09:00,0.0
2026-09-19T14:56:51.3832961+09:00,0.0
2026-09-19T14:56:51.6498904+09:00,0.0
2026-09-19T14:56:51.9591934+09:00,0.0
2026-09-19T14:56:52.2428563+09:00,0.0
2026-09-19T14:56:52.5127280+09:00,0.0
2026-09-19T14:56:52.7574666+09:00,0.0
2026-09-19T14:56:53.0387391+09:00,0.0
2026-09-19T14:56:53.3353579+09:00,0.0
2026-09-19T14:56:53.6272305+09:00,0.0
2026-09-19T14:56:53.9313274+09:00,0.0
2026-09-19T14:56:54.2275151+09:00,0.0
2026-09-19T14:56:54.5242426+09:00,0.0
2026-09-19T14:56:54.8051827+09:00,0.0
2026-09-19T14:56:55.0876840+09:00,0.0
2026-09-19T14:56:55.3985924+09:00,0.0
2026-09-19T14:56:55.6773620+09:00,0.0
2026-09-19T14:56:55.9742227+09:00,0.0
2026-09-19T14:56:56.2622754+09:00,0.0
2026-09-19T14:56:56.5002380+09:00,0.0
2026-09-19T14:56:56.7682015+09:00,0.0
2026-09-19T14:56:57.0373808+09:00,0.0
2026-09-19T14:56:57.3091470+09:00,0.0
2026-09-19T14:56:57.6048578+09:00,0.0
2026-09-19T14:56:57.8891209+09:00,0.0
2026-09-19T14:56:58.1859313+09:00,0.0
2026-09-19T14:56:58.4902260+09:00,0.0
2026-09-19T14:56:58.7747445+09:00,0.0
2026-09-19T14:56:59.0659068+09:00,0.0
2026-09-19T14:56:59.3452141+09:00,0.0
2026-09-19T14:56:59.6185827+09:00,0.0
2026-09-19T14:56:59.8973812+09:00,0.0
2026-09-19T14:57:00.1792302+09:00,0.0
2026-09-19T14:57:00.4741385+09:00,0.0
2026-09-19T14:57:00.8074151+09:00,0.0
2026-09-19T14:57:01.1210705+09:00,0.0
2026-09-19T14:57:01.4032420+09:00,0.0
2026-09-19T14:57:01.6870546+09:00,0.0
2026-09-19T14:57:01.9815463+09:00,0.0
2026-09-19T14:57:02.2532357+09:00,0.0
2026-09-19T14:57:02.5557229+09:00,0.0
2026-09-19T14:57:02.8837735+09:00,0.0
2026-09-19T14:57:03.1808826+09:00,0.0
2026-09-19T14:57:03.4503680+09:00,0.0
2026-09-19T14:57:03.6994429+09:00,0.0
2026-09-19T14:57:04.0078404+09:00,0.0
2026-09-19T14:57:04.2742247+09:00,0.0
2026-09-19T14:57:04.5567370+09:00,0.0
2026-09-19T14:57:04.8532934+09:00,0.0
2026-09-19T14:57:05.1498517+09:00,0.0
2026-09-19T14:57:05.4350220+09:00,0.0
2026-09-19T14:57:05.7010637+09:00,0.0
2026-09-19T14:57:06.0068058+09:00,0.0
2026-09-19T14:57:06.2953216+09:00,0.0
2026-09-19T14:57:06.5632072+09:00,0.0
2026-09-19T14:57:06.8102265+09:00,0.0
2026-09-19T14:57:07.1208484+09:00,0.0
2026-09-19T14:57:07.4151028+09:00,0.0
2026-09-19T14:57:07.7112151+09:00,0.0
2026-09-19T14:57:07.9893112+09:00,0.0
2026-09-19T14:57:08.2739601+09:00,0.0
2026-09-19T14:57:08.5856827+09:00,0.0
2026-09-19T14:57:08.8649002+09:00,0.0
2026-09-19T14:57:09.1318259+09:00,0.0
2026-09-19T14:57:09.3821421+09:00,0.0
2026-09-19T14:57:09.7218140+09:00,0.0
2026-09-19T14:57:10.0002497+09:00,0.0
2026-09-19T14:57:10.2798843+09:00,0.0
2026-09-19T14:57:10.5610242+09:00,0.0
2026-09-19T14:57:10.8146055+09:00,0.0
2026-09-19T14:57:11.1029141+09:00,0.0
2026-09-19T14:57:11.3820985+09:00,0.0
2026-09-19T14:57:11.6953318+09:00,0.0
2026-09-19T14:57:11.9897712+09:00,0.0
2026-09-19T14:57:12.2714021+09:00,0.0
2026-09-19T14:57:12.5731043+09:00,0.0
2026-09-19T14:57:12.8820459+09:00,0.0
2026-09-19T14:57:13.1756593+09:00,0.0
2026-09-19T14:57:13.4583860+09:00,0.0
2026-09-19T14:57:13.7288275+09:00,0.0
2026-09-19T14:57:14.0160668+09:00,0.0
2026-09-19T14:57:14.3267619+09:00,0.0
2026-09-19T14:57:14.6061739+09:00,0.0
2026-09-19T14:57:14.8914610+09:00,0.0
2026-09-19T14:57:15.1424458+09:00,0.0
2026-09-19T14:57:15.4392050+09:00,0.0
2026-09-19T14:57:15.7227300+09:00,0.0
2026-09-19T14:57:16.0209687+09:00,0.0
2026-09-19T14:57:16.3187401+09:00,0.0
2026-09-19T14:57:16.5989325+09:00,0.0
2026-09-19T14:57:16.8681397+09:00,0.0
2026-09-19T14:57:17.1638740+09:00,0.0
2026-09-19T14:57:17.4473786+09:00,0.0
2026-09-19T14:57:17.7584776+09:00,0.0
2026-09-19T14:57:18.0532774+09:00,0.0
2026-09-19T14:57:18.3686821+09:00,0.0
2026-09-19T14:57:18.6622353+09:00,0.0
2026-09-19T14:57:18.9509008+09:00,0.0
2026-09-19T14:57:19.2451396+09:00,0.0
2026-09-19T14:57:19.5146991+09:00,0.0
2026-09-19T14:57:19.7853369+09:00,0.0
2026-09-19T14:57:20.0710431+09:00,0.0
2026-09-19T14:57:20.3219111+09:00,0.0
2026-09-19T14:57:20.6038437+09:00,0.0
2026-09-19T14:57:20.8821221+09:00,0.0
2026-09-19T14:57:21.1309973+09:00,0.0
2026-09-19T14:57:21.4170166+09:00,0.0
2026-09-19T14:57:21.6659808+09:00,0.0
2026-09-19T14:57:21.9470384+09:00,0.0
2026-09-19T14:57:22.2288806+09:00,0.0
2026-09-19T14:57:22.5136029+09:00,0.0
2026-09-19T14:57:22.7926736+09:00,0.0
2026-09-19T14:57:23.0755536+09:00,0.0
2026-09-19T14:57:23.3722390+09:00,0.0
2026-09-19T14:57:23.6508446+09:00,0.0
2026-09-19T14:57:23.9307948+09:00,0.0
2026-09-19T14:57:24.2168791+09:00,0.0
2026-09-19T14:57:24.4966271+09:00,0.0
2026-09-19T14:57:24.7772798+09:00,0.0
2026-09-19T14:57:25.0539623+09:00,0.0
2026-09-19T14:57:25.3337395+09:00,0.0
2026-09-19T14:57:25.6148459+09:00,0.0
2026-09-19T14:57:25.8956683+09:00,0.0
2026-09-19T14:57:26.1740265+09:00,0.0
2026-09-19T14:57:26.4747349+09:00,0.0
2026-09-19T14:57:26.7947405+09:00,0.0
2026-09-19T14:57:27.0806169+09:00,0.0
2026-09-19T14:57:27.3682801+09:00,0.0
2026-09-19T14:57:27.6515612+09:00,0.0
2026-09-19T14:57:27.9301852+09:00,0.0
2026-09-19T14:57:28.2366768+09:00,0.0
2026-09-19T14:57:28.5564433+09:00,0.0
2026-09-19T14:57:28.8371324+09:00,0.0
2026-09-19T14:57:29.1173108+09:00,0.0
2026-09-19T14:57:29.4003083+09:00,0.0
2026-09-19T14:57:29.6846060+09:00,0.0
2026-09-19T14:57:29.9742051+09:00,0.0
2026-09-19T14:57:30.2747535+09:00,0.0
2026-09-19T14:57:30.5749628+09:00,0.0
2026-09-19T14:57:30.9160001+09:00,0.0
2026-09-19T14:57:31.2272963+09:00,0.0
2026-09-19T14:57:31.5070578+09:00,0.0
2026-09-19T14:57:31.7805290+09:00,0.0
2026-09-19T14:57:32.0623261+09:00,0.0
2026-09-19T14:57:32.3570691+09:00,0.0
2026-09-19T14:57:32.6515168+09:00,0.0
2026-09-19T14:57:32.9587543+09:00,0.0
2026-09-19T14:57:33.2123347+09:00,0.0
2026-09-19T14:57:33.4871258+09:00,0.0
2026-09-19T14:57:33.7523914+09:00,0.0
2026-09-19T14:57:34.0371559+09:00,0.0
2026-09-19T14:57:34.3164628+09:00,0.0
2026-09-19T14:57:34.6161310+09:00,0.0
2026-09-19T14:57:34.8973750+09:00,0.0
2026-09-19T14:57:35.1929931+09:00,0.0
2026-09-19T14:57:35.4711689+09:00,0.0
2026-09-19T14:57:35.7863612+09:00,0.0
2026-09-19T14:57:36.0709212+09:00,0.0
2026-09-19T14:57:36.3262838+09:00,0.0
2026-09-19T14:57:36.6062657+09:00,0.0
2026-09-19T14:57:36.8858225+09:00,0.0
2026-09-19T14:57:37.1822332+09:00,0.0
2026-09-19T14:57:37.4931261+09:00,0.0
2026-09-19T14:57:37.7766770+09:00,0.0
2026-09-19T14:57:38.0644361+09:00,0.0
2026-09-19T14:57:38.3836852+09:00,0.0
2026-09-19T14:57:38.6821039+09:00,0.0
2026-09-19T14:57:38.9784802+09:00,0.0
2026-09-19T14:57:39.2872867+09:00,0.0
2026-09-19T14:57:39.5373724+09:00,0.0
2026-09-19T14:57:39.8069750+09:00,0.0
2026-09-19T14:57:40.0913168+09:00,0.0
2026-09-19T14:57:40.3894726+09:00,0.0
2026-09-19T14:57:40.6570582+09:00,0.0
2026-09-19T14:57:40.9397295+09:00,0.0
2026-09-19T14:57:41.2376152+09:00,0.0
2026-09-19T14:57:41.5233809+09:00,0.0
2026-09-19T14:57:41.8166566+09:00,0.0
2026-09-19T14:57:42.1144468+09:00,0.0
2026-09-19T14:57:42.3944178+09:00,0.0
2026-09-19T14:57:42.6815453+09:00,0.0
2026-09-19T14:57:42.9605338+09:00,0.0
2026-09-19T14:57:43.2399207+09:00,0.0
2026-09-19T14:57:43.5218059+09:00,0.0
2026-09-19T14:57:43.8181152+09:00,0.0
2026-09-19T14:57:44.1142992+09:00,0.0
2026-09-19T14:57:44.3800339+09:00,0.0
2026-09-19T14:57:44.6516733+09:00,0.0
2026-09-19T14:57:44.9009277+09:00,0.0
2026-09-19T14:57:45.1824966+09:00,0.0
2026-09-19T14:57:45.4584307+09:00,0.0
2026-09-19T14:57:45.7296124+09:00,0.0
2026-09-19T14:57:46.0312911+09:00,0.0
2026-09-19T14:57:46.3283091+09:00,0.0
2026-09-19T14:57:46.6254591+09:00,0.0
2026-09-19T14:57:46.9074413+09:00,0.0
2026-09-19T14:57:47.2047874+09:00,0.0
2026-09-19T14:57:47.4907058+09:00,0.0
2026-09-19T14:57:47.7748490+09:00,0.0
2026-09-19T14:57:48.0598817+09:00,0.0
2026-09-19T14:57:48.3434117+09:00,0.0
2026-09-19T14:57:48.6359457+09:00,0.0
2026-09-19T14:57:48.8726676+09:00,0.0
2026-09-19T14:57:49.1378479+09:00,0.0
2026-09-19T14:57:49.4148975+09:00,0.0
2026-09-19T14:57:49.6861483+09:00,0.0
2026-09-19T14:57:49.9727654+09:00,0.0
2026-09-19T14:57:50.2538830+09:00,0.0
2026-09-19T14:57:50.5375206+09:00,0.0
2026-09-19T14:57:50.8352983+09:00,0.0
2026-09-19T14:57:51.1141964+09:00,0.0
2026-09-19T14:57:51.3814479+09:00,0.0
2026-09-19T14:57:51.6778438+09:00,0.0
2026-09-19T14:57:51.9673351+09:00,0.0
2026-09-19T14:57:52.2547966+09:00,0.0
2026-09-19T14:57:52.5244620+09:00,0.0
2026-09-19T14:57:52.8030247+09:00,0.0
2026-09-19T14:57:53.0642141+09:00,0.0
2026-09-19T14:57:53.3889003+09:00,0.0
2026-09-19T14:57:53.6666335+09:00,0.0
2026-09-19T14:57:53.9654539+09:00,0.0
2026-09-19T14:57:54.2453183+09:00,0.0
2026-09-19T14:57:54.5199086+09:00,0.0
2026-09-19T14:57:54.8604202+09:00,0.0
2026-09-19T14:57:55.1233453+09:00,0.0
2026-09-19T14:57:55.4035301+09:00,0.0
2026-09-19T14:57:55.6955544+09:00,0.0
2026-09-19T14:57:55.9835806+09:00,0.0
2026-09-19T14:57:56.2668418+09:00,0.0
2026-09-19T14:57:56.5626174+09:00,0.0
2026-09-19T14:57:56.8416417+09:00,0.0
2026-09-19T14:57:57.1226387+09:00,0.0
2026-09-19T14:57:57.4015588+09:00,0.0
2026-09-19T14:57:57.6692835+09:00,0.0
2026-09-19T14:57:57.9842851+09:00,0.0
2026-09-19T14:57:58.2678496+09:00,0.0
2026-09-19T14:57:58.5360767+09:00,0.0
2026-09-19T14:57:58.8096789+09:00,0.0
2026-09-19T14:57:59.0873160+09:00,0.0
2026-09-19T14:57:59.3687142+09:00,0.0
2026-09-19T14:57:59.6531766+09:00,0.0
2026-09-19T14:57:59.9361891+09:00,0.0
2026-09-19T14:58:00.2135853+09:00,0.0
2026-09-19T14:58:00.4921663+09:00,0.0
2026-09-19T14:58:00.7740771+09:00,0.0
2026-09-19T14:58:01.0532774+09:00,0.0
2026-09-19T14:58:01.3336288+09:00,0.0
2026-09-19T14:58:01.6156406+09:00,0.0
2026-09-19T14:58:01.9424145+09:00,0.0
2026-09-19T14:58:02.2301299+09:00,0.0
2026-09-19T14:58:02.5155546+09:00,0.0
2026-09-19T14:58:02.7975907+09:00,0.0
2026-09-19T14:58:03.0782768+09:00,0.0
2026-09-19T14:58:03.3432653+09:00,0.0
2026-09-19T14:58:03.6236318+09:00,0.0
2026-09-19T14:58:03.9006493+09:00,0.0
2026-09-19T14:58:04.1715927+09:00,0.0
2026-09-19T14:58:04.4537166+09:00,0.0
2026-09-19T14:58:04.7331159+09:00,0.0
2026-09-19T14:58:05.0190600+09:00,0.0
2026-09-19T14:58:05.3118313+09:00,0.0
2026-09-19T14:58:05.5998267+09:00,0.0
2026-09-19T14:58:05.8934618+09:00,0.0
2026-09-19T14:58:06.1753764+09:00,0.0
2026-09-19T14:58:06.4576635+09:00,0.0
2026-09-19T14:58:06.7237911+09:00,0.0
2026-09-19T14:58:06.9971257+09:00,0.0
2026-09-19T14:58:07.2713211+09:00,0.0
2026-09-19T14:58:07.5421048+09:00,0.0
2026-09-19T14:58:07.8368221+09:00,0.0
2026-09-19T14:58:08.1217259+09:00,0.0
2026-09-19T14:58:08.4160985+09:00,0.0
2026-09-19T14:58:08.7041304+09:00,0.0
2026-09-19T14:58:08.9850883+09:00,0.0
2026-09-19T14:58:09.2671760+09:00,0.0
2026-09-19T14:58:09.5586123+09:00,0.0
2026-09-19T14:58:09.8381186+09:00,0.0
2026-09-19T14:58:10.1334875+09:00,0.0
2026-09-19T14:58:10.4315847+09:00,0.0
2026-09-19T14:58:10.7109054+09:00,0.0
2026-09-19T14:58:11.0077986+09:00,0.0
2026-09-19T14:58:11.2874611+09:00,0.0
2026-09-19T14:58:11.5542486+09:00,0.0
2026-09-19T14:58:11.8340221+09:00,0.0
2026-09-19T14:58:12.1115637+09:00,0.0
2026-09-19T14:58:12.4185169+09:00,0.0
2026-09-19T14:58:12.6978771+09:00,0.0
2026-09-19T14:58:13.0245546+09:00,0.0
2026-09-19T14:58:13.3205693+09:00,0.0
2026-09-19T14:58:13.6173398+09:00,0.0
2026-09-19T14:58:13.8874177+09:00,0.0
2026-09-19T14:58:14.2002619+09:00,0.0
2026-09-19T14:58:14.4903367+09:00,0.0
2026-09-19T14:58:14.7535470+09:00,0.0
2026-09-19T14:58:15.0327159+09:00,0.0
2026-09-19T14:58:15.3246461+09:00,0.0
2026-09-19T14:58:15.6035710+09:00,0.0
2026-09-19T14:58:15.9166734+09:00,0.0
2026-09-19T14:58:16.1988928+09:00,0.0
2026-09-19T14:58:16.4922890+09:00,0.0
2026-09-19T14:58:16.7622147+09:00,0.0
2026-09-19T14:58:16.9990748+09:00,0.0
2026-09-19T14:58:17.2639450+09:00,0.0
2026-09-19T14:58:17.5356772+09:00,0.0
2026-09-19T14:58:17.8329904+09:00,0.0
2026-09-19T14:58:18.1042157+09:00,0.0
2026-09-19T14:58:18.4030288+09:00,0.0
2026-09-19T14:58:18.6827859+09:00,0.0
2026-09-19T14:58:18.9751087+09:00,0.0
2026-09-19T14:58:19.2586891+09:00,0.0
2026-09-19T14:58:19.5321423+09:00,0.0
2026-09-19T14:58:19.8120665+09:00,0.0
2026-09-19T14:58:20.0929264+09:00,0.0
2026-09-19T14:58:20.3745769+09:00,0.0
2026-09-19T14:58:20.6558886+09:00,0.0
2026-09-19T14:58:20.9353666+09:00,0.0
2026-09-19T14:58:21.2150024+09:00,0.0
2026-09-19T14:58:21.5131592+09:00,0.0
2026-09-19T14:58:21.7776330+09:00,0.0
2026-09-19T14:58:22.0700872+09:00,0.0
2026-09-19T14:58:22.3838261+09:00,0.0
2026-09-19T14:58:22.6809140+09:00,0.0
2026-09-19T14:58:22.9742776+09:00,0.0
2026-09-19T14:58:23.2667406+09:00,0.0
2026-09-19T14:58:23.5511651+09:00,0.0
2026-09-19T14:58:23.8363915+09:00,0.0
2026-09-19T14:58:24.1085608+09:00,0.0
2026-09-19T14:58:24.3904546+09:00,0.0
2026-09-19T14:58:24.6730732+09:00,0.0
2026-09-19T14:58:24.9760721+09:00,0.0
2026-09-19T14:58:25.2763141+09:00,0.0
2026-09-19T14:58:25.5694576+09:00,0.0
2026-09-19T14:58:25.8549784+09:00,0.0
2026-09-19T14:58:26.1238096+09:00,0.0
2026-09-19T14:58:26.4239225+09:00,0.0
2026-09-19T14:58:26.7190063+09:00,0.0
2026-09-19T14:58:27.0444142+09:00,0.0
2026-09-19T14:58:27.3294479+09:00,0.0
2026-09-19T14:58:27.6256033+09:00,0.0
2026-09-19T14:58:27.9059250+09:00,0.0
2026-09-19T14:58:28.1866941+09:00,0.0
2026-09-19T14:58:28.4846625+09:00,0.0
2026-09-19T14:58:28.7347567+09:00,0.0
2026-09-19T14:58:29.0299473+09:00,0.0
2026-09-19T14:58:29.3084571+09:00,0.0
2026-09-19T14:58:29.5885726+09:00,0.0
2026-09-19T14:58:29.8827545+09:00,0.0
2026-09-19T14:58:30.1684141+09:00,0.0
2026-09-19T14:58:30.4186270+09:00,0.0
2026-09-19T14:58:30.6994574+09:00,0.0
2026-09-19T14:58:30.9906864+09:00,0.0
2026-09-19T14:58:31.2687428+09:00,0.0
2026-09-19T14:58:31.5638300+09:00,0.0
2026-09-19T14:58:31.8622535+09:00,0.0
2026-09-19T14:58:32.1422144+09:00,0.0
2026-09-19T14:58:32.4243199+09:00,0.0
2026-09-19T14:58:32.7084905+09:00,0.0
2026-09-19T14:58:32.9872694+09:00,0.0
2026-09-19T14:58:33.2828925+09:00,0.0
2026-09-19T14:58:33.5652770+09:00,0.0
2026-09-19T14:58:33.8558012+09:00,0.0
2026-09-19T14:58:34.1399221+09:00,0.0
2026-09-19T14:58:34.4206414+09:00,0.0
2026-09-19T14:58:34.7005670+09:00,0.0
2026-09-19T14:58:35.0038924+09:00,0.0
2026-09-19T14:58:35.2757327+09:00,0.0
2026-09-19T14:58:35.5653296+09:00,0.0
2026-09-19T14:58:35.8439231+09:00,0.0
2026-09-19T14:58:36.1314124+09:00,0.0
2026-09-19T14:58:36.4191505+09:00,0.0
2026-09-19T14:58:36.7026676+09:00,0.0
2026-09-19T14:58:36.9988738+09:00,0.0
2026-09-19T14:58:37.2791268+09:00,0.0
2026-09-19T14:58:37.5541495+09:00,0.0
2026-09-19T14:58:37.8036493+09:00,0.0
2026-09-19T14:58:38.0963967+09:00,0.0
2026-09-19T14:58:38.3779597+09:00,0.0
2026-09-19T14:58:38.6209139+09:00,0.0
2026-09-19T14:58:38.8968422+09:00,0.0
2026-09-19T14:58:39.1746083+09:00,0.0
2026-09-19T14:58:39.4560300+09:00,0.0
2026-09-19T14:58:39.7238194+09:00,0.0
2026-09-19T14:58:40.0004736+09:00,0.0
2026-09-19T14:58:40.2972319+09:00,0.0
2026-09-19T14:58:40.6154886+09:00,0.0
2026-09-19T14:58:40.9050117+09:00,0.0
2026-09-19T14:58:41.2141009+09:00,0.0
2026-09-19T14:58:41.5059109+09:00,0.0
2026-09-19T14:58:41.7909172+09:00,0.0
2026-09-19T14:58:42.0785479+09:00,0.0
2026-09-19T14:58:42.3603840+09:00,0.0
2026-09-19T14:58:42.6262491+09:00,0.0
2026-09-19T14:58:42.8938908+09:00,0.0
2026-09-19T14:58:43.1763280+09:00,0.0
2026-09-19T14:58:43.4557312+09:00,0.0
2026-09-19T14:58:43.7388335+09:00,0.0
2026-09-19T14:58:44.0490861+09:00,0.0
2026-09-19T14:58:44.3445602+09:00,0.0
2026-09-19T14:58:44.5934107+09:00,0.0
2026-09-19T14:58:44.9048786+09:00,0.0
2026-09-19T14:58:45.2018511+09:00,0.0
2026-09-19T14:58:45.4911007+09:00,0.0
2026-09-19T14:58:45.7626122+09:00,0.0
2026-09-19T14:58:46.0481645+09:00,0.0
2026-09-19T14:58:46.2968200+09:00,0.0
2026-09-19T14:58:46.5852132+09:00,0.0
2026-09-19T14:58:46.8881877+09:00,0.0
2026-09-19T14:58:47.1862104+09:00,0.0
2026-09-19T14:58:47.4500389+09:00,0.0
2026-09-19T14:58:47.7145374+09:00,0.0
2026-09-19T14:58:48.0281329+09:00,0.0
2026-09-19T14:58:48.3076530+09:00,0.0
2026-09-19T14:58:48.6211171+09:00,0.0
2026-09-19T14:58:48.9052872+09:00,0.0
2026-09-19T14:58:49.1859205+09:00,0.0
2026-09-19T14:58:49.4746625+09:00,0.0
2026-09-19T14:58:49.7782465+09:00,0.0
2026-09-19T14:58:50.0626981+09:00,0.0
2026-09-19T14:58:50.3402675+09:00,0.0
2026-09-19T14:58:50.6346326+09:00,0.0
2026-09-19T14:58:50.8727245+09:00,0.0
2026-09-19T14:58:51.1759427+09:00,0.0
2026-09-19T14:58:51.4463311+09:00,0.0
2026-09-19T14:58:51.7590285+09:00,0.0
2026-09-19T14:58:52.0540692+09:00,0.0
2026-09-19T14:58:52.3349560+09:00,0.0
2026-09-19T14:58:52.6315607+09:00,0.0
2026-09-19T14:58:52.8976477+09:00,0.0
2026-09-19T14:58:53.2250555+09:00,0.0
2026-09-19T14:58:53.5063433+09:00,0.0
2026-09-19T14:58:53.7739594+09:00,0.0
2026-09-19T14:58:54.0550387+09:00,0.0
2026-09-19T14:58:54.3170561+09:00,0.0
2026-09-19T14:58:54.5866201+09:00,0.0
2026-09-19T14:58:54.8736803+09:00,0.0
2026-09-19T14:58:55.1765965+09:00,0.0
2026-09-19T14:58:55.4630379+09:00,0.0
2026-09-19T14:58:55.7436571+09:00,0.0
2026-09-19T14:58:56.0273718+09:00,0.0
2026-09-19T14:58:56.3219617+09:00,0.0
2026-09-19T14:58:56.5869630+09:00,0.0
2026-09-19T14:58:56.8748561+09:00,0.0
2026-09-19T14:58:57.1400115+09:00,0.0
2026-09-19T14:58:57.4226977+09:00,0.0
2026-09-19T14:58:57.7152892+09:00,0.0
2026-09-19T14:58:58.0062015+09:00,0.0
2026-09-19T14:58:58.3091733+09:00,0.0
2026-09-19T14:58:58.5970712+09:00,0.0
2026-09-19T14:58:58.9003136+09:00,0.0
2026-09-19T14:58:59.1663977+09:00,0.0
2026-09-19T14:58:59.4633898+09:00,0.0
2026-09-19T14:58:59.7589261+09:00,0.0
2026-09-19T14:59:00.0377511+09:00,0.0
2026-09-19T14:59:00.3403942+09:00,0.0
2026-09-19T14:59:00.6096743+09:00,0.0
2026-09-19T14:59:00.9060836+09:00,0.0
2026-09-19T14:59:01.1983844+09:00,0.0
2026-09-19T14:59:01.4700326+09:00,0.0
2026-09-19T14:59:01.7661627+09:00,0.0
2026-09-19T14:59:02.0152311+09:00,0.0
2026-09-19T14:59:02.3243480+09:00,0.0
2026-09-19T14:59:02.6356686+09:00,0.0
2026-09-19T14:59:02.9178471+09:00,0.0
2026-09-19T14:59:03.1946175+09:00,0.0
2026-09-19T14:59:03.4660128+09:00,0.0
2026-09-19T14:59:03.7738795+09:00,0.0
2026-09-19T14:59:04.0854186+09:00,0.0
2026-09-19T14:59:04.3826531+09:00,0.0
2026-09-19T14:59:04.6625727+09:00,0.0
2026-09-19T14:59:04.9598514+09:00,0.0
2026-09-19T14:59:05.2613619+09:00,0.0
2026-09-19T14:59:05.4990852+09:00,0.0
2026-09-19T14:59:05.7978414+09:00,0.0
2026-09-19T14:59:06.0953703+09:00,0.0
2026-09-19T14:59:06.3452519+09:00,0.0
2026-09-19T14:59:06.6335363+09:00,0.0
2026-09-19T14:59:06.9371481+09:00,0.0
2026-09-19T14:59:07.2064003+09:00,0.0
2026-09-19T14:59:07.4770441+09:00,0.0
2026-09-19T14:59:07.7886856+09:00,0.0
2026-09-19T14:59:08.0670563+09:00,0.0
2026-09-19T14:59:08.3649496+09:00,0.0
2026-09-19T14:59:08.6460333+09:00,0.0
2026-09-19T14:59:08.9300499+09:00,0.0
2026-09-19T14:59:09.2455865+09:00,0.0
2026-09-19T14:59:09.4964282+09:00,0.0
2026-09-19T14:59:09.7946578+09:00,0.0
2026-09-19T14:59:10.1062385+09:00,0.0
2026-09-19T14:59:10.3856016+09:00,0.0
2026-09-19T14:59:10.6666876+09:00,0.0
2026-09-19T14:59:10.9695142+09:00,0.0
2026-09-19T14:59:11.2071390+09:00,0.0
2026-09-19T14:59:11.4929124+09:00,0.0
2026-09-19T14:59:11.8030884+09:00,0.0
2026-09-19T14:59:12.0841585+09:00,0.0
2026-09-19T14:59:12.3666190+09:00,0.0
2026-09-19T14:59:12.6510180+09:00,0.0
2026-09-19T14:59:12.9394404+09:00,0.0
2026-09-19T14:59:13.2216443+09:00,0.0
2026-09-19T14:59:13.5004756+09:00,0.0
2026-09-19T14:59:13.7786962+09:00,0.0
2026-09-19T14:59:14.0744198+09:00,0.0
2026-09-19T14:59:14.3876416+09:00,0.0
2026-09-19T14:59:14.6313266+09:00,0.0
2026-09-19T14:59:14.9166499+09:00,0.0
2026-09-19T14:59:15.1987694+09:00,0.0
2026-09-19T14:59:15.4902247+09:00,0.0
2026-09-19T14:59:15.7922310+09:00,0.0
2026-09-19T14:59:16.0777472+09:00,0.0
2026-09-19T14:59:16.3746508+09:00,0.0
2026-09-19T14:59:16.6550748+09:00,0.0
2026-09-19T14:59:16.9362814+09:00,0.0
2026-09-19T14:59:17.2291240+09:00,0.0
2026-09-19T14:59:17.4976331+09:00,0.0
2026-09-19T14:59:17.8250948+09:00,0.0
2026-09-19T14:59:18.1055067+09:00,0.0
2026-09-19T14:59:18.4004911+09:00,0.0
2026-09-19T14:59:18.6818952+09:00,0.0
2026-09-19T14:59:18.9511453+09:00,0.0
2026-09-19T14:59:19.2294327+09:00,0.0
2026-09-19T14:59:19.5278630+09:00,0.0
2026-09-19T14:59:19.8105422+09:00,0.0
2026-09-19T14:59:20.0858922+09:00,0.0
2026-09-19T14:59:20.3724528+09:00,0.0
2026-09-19T14:59:20.6553554+09:00,0.0
2026-09-19T14:59:20.9648378+09:00,0.0
2026-09-19T14:59:21.2610378+09:00,0.0
2026-09-19T14:59:21.5428777+09:00,0.0
2026-09-19T14:59:21.8542506+09:00,0.0
2026-09-19T14:59:22.1475764+09:00,0.0
2026-09-19T14:59:22.4151531+09:00,0.0
2026-09-19T14:59:22.6617938+09:00,0.0
2026-09-19T14:59:22.9584362+09:00,0.0
2026-09-19T14:59:23.2278263+09:00,0.0
2026-09-19T14:59:23.5120259+09:00,0.0
2026-09-19T14:59:23.8091960+09:00,0.0
2026-09-19T14:59:24.0876268+09:00,0.0
2026-09-19T14:59:24.3870068+09:00,0.0
2026-09-19T14:59:24.7146734+09:00,0.0
2026-09-19T14:59:25.0221246+09:00,0.0
2026-09-19T14:59:25.3058351+09:00,0.0
2026-09-19T14:59:25.5756037+09:00,0.0
2026-09-19T14:59:25.8699126+09:00,0.0
2026-09-19T14:59:26.1635398+09:00,0.0
2026-09-19T14:59:26.4437588+09:00,0.0
2026-09-19T14:59:26.7552507+09:00,0.0
2026-09-19T14:59:27.0397403+09:00,0.0
2026-09-19T14:59:27.3507515+09:00,0.0
2026-09-19T14:59:27.6457785+09:00,0.0
2026-09-19T14:59:27.9425365+09:00,0.0
2026-09-19T14:59:28.2103162+09:00,0.0
2026-09-19T14:59:28.4893193+09:00,0.0
2026-09-19T14:59:28.7718614+09:00,0.0
2026-09-19T14:59:29.0243088+09:00,0.0
2026-09-19T14:59:29.2918701+09:00,0.0
2026-09-19T14:59:29.5663485+09:00,0.0
2026-09-19T14:59:29.8790007+09:00,0.0
2026-09-19T14:59:30.1655617+09:00,0.0
2026-09-19T14:59:30.4685646+09:00,0.0
2026-09-19T14:59:30.7393179+09:00,0.0
2026-09-19T14:59:31.0264669+09:00,0.0
2026-09-19T14:59:31.3086263+09:00,0.0
2026-09-19T14:59:31.6204658+09:00,0.0
2026-09-19T14:59:31.9319658+09:00,0.0
2026-09-19T14:59:32.2252430+09:00,0.0
2026-09-19T14:59:32.5067977+09:00,0.0
2026-09-19T14:59:32.7462433+09:00,0.0
2026-09-19T14:59:33.0179682+09:00,0.0
2026-09-19T14:59:33.2965012+09:00,0.0
2026-09-19T14:59:33.5700316+09:00,0.0
2026-09-19T14:59:33.8598110+09:00,0.0
2026-09-19T14:59:34.1431479+09:00,0.0
2026-09-19T14:59:34.4143572+09:00,0.0
2026-09-19T14:59:34.7424215+09:00,0.0
2026-09-19T14:59:35.0380185+09:00,0.0
2026-09-19T14:59:35.3140771+09:00,0.0
2026-09-19T14:59:35.5867285+09:00,0.0
2026-09-19T14:59:35.8719825+09:00,0.0
2026-09-19T14:59:36.1550753+09:00,0.0
2026-09-19T14:59:36.4353089+09:00,0.0
2026-09-19T14:59:36.7479832+09:00,0.0
2026-09-19T14:59:37.0316857+09:00,0.0
2026-09-19T14:59:37.3259062+09:00,0.0
2026-09-19T14:59:37.6070155+09:00,0.0
2026-09-19T14:59:37.9056093+09:00,0.0
2026-09-19T14:59:38.1828214+09:00,0.0
2026-09-19T14:59:38.4684081+09:00,0.0
2026-09-19T14:59:38.7469909+09:00,0.0
2026-09-19T14:59:39.0452986+09:00,0.0
2026-09-19T14:59:39.3445456+09:00,0.0
2026-09-19T14:59:39.6185651+09:00,0.0
2026-09-19T14:59:39.9045519+09:00,0.0
2026-09-19T14:59:40.2005395+09:00,0.0
2026-09-19T14:59:40.4470835+09:00,0.0
2026-09-19T14:59:40.7408017+09:00,0.0
2026-09-19T14:59:41.0384686+09:00,0.0
2026-09-19T14:59:41.3187655+09:00,0.0
2026-09-19T14:59:41.6163677+09:00,0.0
2026-09-19T14:59:41.8804868+09:00,0.0
2026-09-19T14:59:42.1911598+09:00,0.0
2026-09-19T14:59:42.4738143+09:00,0.0
2026-09-19T14:59:42.7241872+09:00,0.0
2026-09-19T14:59:43.0069741+09:00,0.0
2026-09-19T14:59:43.3158352+09:00,0.0
2026-09-19T14:59:43.5937291+09:00,0.0
2026-09-19T14:59:43.8758812+09:00,0.0
2026-09-19T14:59:44.1635643+09:00,0.0
2026-09-19T14:59:44.4623580+09:00,0.0
2026-09-19T14:59:44.7299182+09:00,0.0
2026-09-19T14:59:45.0115614+09:00,0.0
2026-09-19T14:59:45.2900624+09:00,0.0
2026-09-19T14:59:45.5708491+09:00,0.0
2026-09-19T14:59:45.8259028+09:00,0.0
2026-09-19T14:59:46.1107185+09:00,0.0
2026-09-19T14:59:46.3909865+09:00,0.0
2026-09-19T14:59:46.6697864+09:00,0.0
2026-09-19T14:59:46.9498262+09:00,0.0
2026-09-19T14:59:47.2148476+09:00,0.0
2026-09-19T14:59:47.5060911+09:00,0.0
2026-09-19T14:59:47.7784649+09:00,0.0
2026-09-19T14:59:48.0652490+09:00,0.0
2026-09-19T14:59:48.3526664+09:00,0.0
2026-09-19T14:59:48.6501886+09:00,0.0
2026-09-19T14:59:48.9660665+09:00,0.0
2026-09-19T14:59:49.2921615+09:00,0.0
2026-09-19T14:59:49.5695303+09:00,0.0
2026-09-19T14:59:49.8405877+09:00,0.0
2026-09-19T14:59:50.1388134+09:00,0.0
2026-09-19T14:59:50.4189801+09:00,0.0
2026-09-19T14:59:50.6842714+09:00,0.0
2026-09-19T14:59:50.9798684+09:00,0.0
2026-09-19T14:59:51.2776152+09:00,0.0
2026-09-19T14:59:51.5757062+09:00,0.0
2026-09-19T14:59:51.8565122+09:00,0.0
2026-09-19T14:59:52.1369645+09:00,0.0
2026-09-19T14:59:52.4034964+09:00,0.0
2026-09-19T14:59:52.6830362+09:00,0.0
2026-09-19T14:59:53.0014415+09:00,0.0
2026-09-19T14:59:53.2816315+09:00,0.0
2026-09-19T14:59:53.5545516+09:00,0.0
2026-09-19T14:59:53.8418829+09:00,0.0
2026-09-19T14:59:54.1221490+09:00,0.0
2026-09-19T14:59:54.4333814+09:00,0.0
2026-09-19T14:59:54.7606398+09:00,0.0
2026-09-19T14:59:55.0706742+09:00,0.0
2026-09-19T14:59:55.3103133+09:00,0.0
2026-09-19T14:59:55.5643477+09:00,0.0
2026-09-19T14:59:55.8637101+09:00,0.0
2026-09-19T14:59:56.1328056+09:00,0.0
2026-09-19T14:59:56.4305016+09:00,0.0
2026-09-19T14:59:56.6963103+09:00,0.0
2026-09-19T14:59:56.9910617+09:00,0.0
2026-09-19T14:59:57.2732276+09:00,0.0
2026-09-19T14:59:57.5543254+09:00,0.0
2026-09-19T14:59:57.8261649+09:00,0.0
2026-09-19T14:59:58.0946002+09:00,0.0
2026-09-19T14:59:58.3933967+09:00,0.0
2026-09-19T14:59:58.6725084+09:00,0.0
2026-09-19T14:59:58.9738804+09:00,0.0
2026-09-19T14:59:59.2466751+09:00,0.0
2026-09-19T14:59:59.5146837+09:00,0.0
2026-09-19T14:59:59.8111529+09:00,0.0
2026-09-19T15:00:00.0534131+09:00,0.0
2026-09-19T15:00:00.3390577+09:00,0.0
2026-09-19T15:00:00.6229777+09:00,0.0
2026-09-19T15:00:00.9027881+09:00,0.0
2026-09-19T15:00:01.2013029+09:00,0.0
2026-09-19T15:00:01.4904820+09:00,0.0
2026-09-19T15:00:01.7605413+09:00,0.0
2026-09-19T15:00:02.0303342+09:00,0.0
2026-09-19T15:00:02.3562223+09:00,0.0
2026-09-19T15:00:02.6666953+09:00,0.0
2026-09-19T15:00:02.9590651+09:00,0.0
2026-09-19T15:00:03.1970686+09:00,0.0
2026-09-19T15:00:03.4831044+09:00,0.0
2026-09-19T15:00:03.7646632+09:00,0.0
2026-09-19T15:00:04.0852376+09:00,0.0
2026-09-19T15:00:04.3850808+09:00,0.0
2026-09-19T15:00:04.6971399+09:00,0.0
2026-09-19T15:00:04.9777722+09:00,0.0
2026-09-19T15:00:05.2590676+09:00,0.0
2026-09-19T15:00:05.5550520+09:00,0.0
2026-09-19T15:00:05.8430161+09:00,0.0
2026-09-19T15:00:06.1286399+09:00,0.0
2026-09-19T15:00:06.3964731+09:00,0.0
2026-09-19T15:00:06.6782611+09:00,0.0
2026-09-19T15:00:06.9589002+09:00,0.0
2026-09-19T15:00:07.2575340+09:00,0.0
2026-09-19T15:00:07.5356029+09:00,0.0
2026-09-19T15:00:07.8165624+09:00,0.0
2026-09-19T15:00:08.0991801+09:00,0.0
2026-09-19T15:00:08.3927479+09:00,0.0
2026-09-19T15:00:08.6745828+09:00,0.0
2026-09-19T15:00:08.9540974+09:00,0.0
2026-09-19T15:00:09.2364317+09:00,0.0
2026-09-19T15:00:09.5075804+09:00,0.0
2026-09-19T15:00:09.7772033+09:00,0.0
2026-09-19T15:00:10.0320740+09:00,0.0
2026-09-19T15:00:10.3020542+09:00,0.0
2026-09-19T15:00:10.5993318+09:00,0.0
2026-09-19T15:00:10.8472256+09:00,0.0
2026-09-19T15:00:11.1309612+09:00,0.0
2026-09-19T15:00:11.4270770+09:00,0.0
2026-09-19T15:00:11.6983644+09:00,0.0
2026-09-19T15:00:12.0169775+09:00,0.0
2026-09-19T15:00:12.3116612+09:00,0.0
2026-09-19T15:00:12.5942554+09:00,0.0
2026-09-19T15:00:12.8740655+09:00,0.0
2026-09-19T15:00:13.1543985+09:00,0.0
2026-09-19T15:00:13.4342317+09:00,0.0
2026-09-19T15:00:13.7142885+09:00,0.0
2026-09-19T15:00:13.9906512+09:00,0.0
2026-09-19T15:00:14.2767765+09:00,0.0
2026-09-19T15:00:14.5590159+09:00,0.0
2026-09-19T15:00:14.8246847+09:00,0.0
2026-09-19T15:00:15.0704890+09:00,0.0
2026-09-19T15:00:15.3591436+09:00,0.0
2026-09-19T15:00:15.6277802+09:00,0.0
2026-09-19T15:00:15.9098688+09:00,0.0
2026-09-19T15:00:16.1941275+09:00,0.0
2026-09-19T15:00:16.5001229+09:00,0.0
2026-09-19T15:00:16.8809481+09:00,0.0
2026-09-19T15:00:17.1802980+09:00,0.0
2026-09-19T15:00:17.4486943+09:00,0.0
2026-09-19T15:00:17.7305825+09:00,0.0
2026-09-19T15:00:18.0259879+09:00,0.0
2026-09-19T15:00:18.3068280+09:00,0.0
2026-09-19T15:00:18.5884501+09:00,0.0
2026-09-19T15:00:18.8703034+09:00,0.0
2026-09-19T15:00:19.1497229+09:00,0.0
2026-09-19T15:00:19.4362684+09:00,0.0
2026-09-19T15:00:19.7062227+09:00,0.0
2026-09-19T15:00:20.0065032+09:00,0.0
2026-09-19T15:00:20.2665901+09:00,0.0
2026-09-19T15:00:20.5619193+09:00,0.0
2026-09-19T15:00:20.8400779+09:00,0.0
2026-09-19T15:00:21.0755454+09:00,0.0
2026-09-19T15:00:21.3538964+09:00,0.0
2026-09-19T15:00:21.6486247+09:00,0.0
2026-09-19T15:00:21.9527038+09:00,0.0
2026-09-19T15:00:22.2176946+09:00,0.0
2026-09-19T15:00:22.5507026+09:00,0.0
2026-09-19T15:00:22.8303972+09:00,0.0
2026-09-19T15:00:23.1330212+09:00,0.0
2026-09-19T15:00:23.4199290+09:00,0.0
2026-09-19T15:00:23.7181971+09:00,0.0
2026-09-19T15:00:23.9987733+09:00,0.0
2026-09-19T15:00:24.2936562+09:00,0.0
2026-09-19T15:00:24.5871991+09:00,0.0
2026-09-19T15:00:24.8566958+09:00,0.0
2026-09-19T15:00:25.1553714+09:00,0.0
2026-09-19T15:00:25.4656086+09:00,0.0
2026-09-19T15:00:25.7161025+09:00,0.0
2026-09-19T15:00:26.0069368+09:00,0.0
2026-09-19T15:00:26.2768773+09:00,0.0
2026-09-19T15:00:26.5451947+09:00,0.0
2026-09-19T15:00:26.8399094+09:00,0.0
2026-09-19T15:00:27.1074388+09:00,0.0
2026-09-19T15:00:27.4023614+09:00,0.0
2026-09-19T15:00:27.6812727+09:00,0.0
2026-09-19T15:00:27.9666620+09:00,0.0
2026-09-19T15:00:28.2635369+09:00,0.0
2026-09-19T15:00:28.5373461+09:00,0.0
2026-09-19T15:00:28.8201864+09:00,0.0
2026-09-19T15:00:29.1011879+09:00,0.0
2026-09-19T15:00:29.3829813+09:00,0.0
2026-09-19T15:00:29.6625783+09:00,0.0
2026-09-19T15:00:29.9427038+09:00,0.0
2026-09-19T15:00:30.2231982+09:00,0.0
2026-09-19T15:00:30.5028316+09:00,0.0
2026-09-19T15:00:30.7987614+09:00,0.0
2026-09-19T15:00:31.0699744+09:00,0.0
2026-09-19T15:00:31.3728258+09:00,0.0
2026-09-19T15:00:31.6443588+09:00,0.0
2026-09-19T15:00:31.9164041+09:00,0.0
2026-09-19T15:00:32.1952787+09:00,0.0
2026-09-19T15:00:32.4594529+09:00,0.0
2026-09-19T15:00:32.7410835+09:00,0.0
2026-09-19T15:00:33.0397596+09:00,0.0
2026-09-19T15:00:33.3376646+09:00,0.0
2026-09-19T15:00:33.6071380+09:00,0.0
2026-09-19T15:00:33.8879878+09:00,0.0
2026-09-19T15:00:34.1682160+09:00,0.0
2026-09-19T15:00:34.4484274+09:00,0.0
2026-09-19T15:00:34.7286104+09:00,0.0
2026-09-19T15:00:35.0057915+09:00,0.0
2026-09-19T15:00:35.3079325+09:00,0.0
2026-09-19T15:00:35.5753069+09:00,0.0
2026-09-19T15:00:35.8861757+09:00,0.0
2026-09-19T15:00:36.1686808+09:00,0.0
2026-09-19T15:00:36.4339193+09:00,0.0
2026-09-19T15:00:36.7459500+09:00,0.0
2026-09-19T15:00:37.0593607+09:00,0.0
2026-09-19T15:00:37.3397132+09:00,0.0
2026-09-19T15:00:37.6188880+09:00,0.0
2026-09-19T15:00:37.9043598+09:00,0.0
2026-09-19T15:00:38.1897666+09:00,0.0
2026-09-19T15:00:38.4630739+09:00,0.0
2026-09-19T15:00:38.7109986+09:00,0.0
2026-09-19T15:00:39.0100706+09:00,0.0
2026-09-19T15:00:39.3057291+09:00,0.0
2026-09-19T15:00:39.6017673+09:00,0.0
2026-09-19T15:00:39.8713223+09:00,0.0
2026-09-19T15:00:40.1660861+09:00,0.0
2026-09-19T15:00:40.4598520+09:00,0.0
2026-09-19T15:00:40.7403436+09:00,0.0
2026-09-19T15:00:41.0719217+09:00,0.0
2026-09-19T15:00:41.3700698+09:00,0.0
2026-09-19T15:00:41.6810295+09:00,0.0
2026-09-19T15:00:41.9622761+09:00,0.0
2026-09-19T15:00:42.2411609+09:00,0.0
2026-09-19T15:00:42.5223923+09:00,0.0
2026-09-19T15:00:42.7929269+09:00,0.0
2026-09-19T15:00:43.0956939+09:00,0.0
2026-09-19T15:00:43.3808119+09:00,0.0
2026-09-19T15:00:43.6155267+09:00,0.0
2026-09-19T15:00:43.9113710+09:00,0.0
2026-09-19T15:00:44.1899887+09:00,0.0
2026-09-19T15:00:44.4736406+09:00,0.0
2026-09-19T15:00:44.7581836+09:00,0.0
2026-09-19T15:00:45.0288430+09:00,0.0
2026-09-19T15:00:45.3096636+09:00,0.0
2026-09-19T15:00:45.6051225+09:00,0.0
2026-09-19T15:00:45.8878869+09:00,0.0
2026-09-19T15:00:46.1668930+09:00,0.0
2026-09-19T15:00:46.4375775+09:00,0.0
2026-09-19T15:00:46.7079155+09:00,0.0
2026-09-19T15:00:46.9814155+09:00,0.0
2026-09-19T15:00:47.2621885+09:00,0.0
2026-09-19T15:00:47.5390325+09:00,0.0
2026-09-19T15:00:47.8422361+09:00,0.0
2026-09-19T15:00:48.1125093+09:00,0.0
2026-09-19T15:00:48.3849520+09:00,0.0
2026-09-19T15:00:48.6506287+09:00,0.0
2026-09-19T15:00:48.9471072+09:00,0.0
2026-09-19T15:00:49.2245990+09:00,0.0
2026-09-19T15:00:49.5230309+09:00,0.0
2026-09-19T15:00:49.8077348+09:00,0.0
2026-09-19T15:00:50.0731759+09:00,0.0
2026-09-19T15:00:50.3540389+09:00,0.0
2026-09-19T15:00:50.6039588+09:00,0.0
2026-09-19T15:00:50.8999431+09:00,0.0
2026-09-19T15:00:51.1839857+09:00,0.0
2026-09-19T15:00:51.4852612+09:00,0.0
2026-09-19T15:00:51.7665986+09:00,0.0
2026-09-19T15:00:52.0386540+09:00,0.0
2026-09-19T15:00:52.3858254+09:00,0.0
2026-09-19T15:00:52.6538605+09:00,0.0
2026-09-19T15:00:52.9519241+09:00,0.0
2026-09-19T15:00:53.2317930+09:00,0.0
2026-09-19T15:00:53.5440757+09:00,0.0
2026-09-19T15:00:53.8403697+09:00,0.0
2026-09-19T15:00:54.1366342+09:00,0.0
2026-09-19T15:00:54.4473847+09:00,0.0
2026-09-19T15:00:54.7301212+09:00,0.0
2026-09-19T15:00:55.0156788+09:00,0.0
2026-09-19T15:00:55.3162431+09:00,0.0
2026-09-19T15:00:55.5859418+09:00,0.0
2026-09-19T15:00:55.8736083+09:00,0.0
2026-09-19T15:00:56.1543875+09:00,0.0
2026-09-19T15:00:56.4199898+09:00,0.0
2026-09-19T15:00:56.7363983+09:00,0.0
2026-09-19T15:00:56.9905721+09:00,0.0
2026-09-19T15:00:57.2453162+09:00,0.0
2026-09-19T15:00:57.5284087+09:00,0.0
2026-09-19T15:00:57.8276595+09:00,0.0
2026-09-19T15:00:58.1252752+09:00,0.0
2026-09-19T15:00:58.4068068+09:00,0.0
2026-09-19T15:00:58.7272053+09:00,0.0
2026-09-19T15:00:59.0158226+09:00,0.0
2026-09-19T15:00:59.2663602+09:00,0.0
2026-09-19T15:00:59.5595915+09:00,0.0
2026-09-19T15:00:59.8378773+09:00,0.0
2026-09-19T15:01:00.1173424+09:00,0.0
2026-09-19T15:01:00.4170537+09:00,0.0
2026-09-19T15:01:00.6957980+09:00,0.0
2026-09-19T15:01:00.9747864+09:00,0.0
2026-09-19T15:01:01.2464922+09:00,0.0
2026-09-19T15:01:01.5323556+09:00,0.0
2026-09-19T15:01:01.8122445+09:00,0.0
2026-09-19T15:01:02.1071045+09:00,0.0
2026-09-19T15:01:02.4160284+09:00,0.0
2026-09-19T15:01:02.6964628+09:00,0.0
2026-09-19T15:01:02.9835032+09:00,0.0
2026-09-19T15:01:03.3126411+09:00,0.0
2026-09-19T15:01:03.6334618+09:00,0.0
2026-09-19T15:01:03.8880597+09:00,0.0
2026-09-19T15:01:04.1871951+09:00,0.0
2026-09-19T15:01:04.4500628+09:00,0.0
2026-09-19T15:01:04.7302200+09:00,0.0
2026-09-19T15:01:05.0023826+09:00,0.0
2026-09-19T15:01:05.2988313+09:00,0.0
2026-09-19T15:01:05.6138270+09:00,0.0
2026-09-19T15:01:05.8929702+09:00,0.0
2026-09-19T15:01:06.1730323+09:00,0.0
2026-09-19T15:01:06.4752780+09:00,0.0
2026-09-19T15:01:06.7303352+09:00,0.0
2026-09-19T15:01:07.0173457+09:00,0.0
2026-09-19T15:01:07.3128479+09:00,0.0
2026-09-19T15:01:07.5873365+09:00,0.0
2026-09-19T15:01:07.8275250+09:00,0.0
2026-09-19T15:01:08.0818834+09:00,0.0
2026-09-19T15:01:08.3441106+09:00,0.0
2026-09-19T15:01:08.5928707+09:00,0.0
2026-09-19T15:01:08.8386639+09:00,0.0
2026-09-19T15:01:09.1021333+09:00,0.0
2026-09-19T15:01:09.3732051+09:00,0.0
2026-09-19T15:01:09.6624241+09:00,0.0
2026-09-19T15:01:09.9418664+09:00,0.0
2026-09-19T15:01:10.2247188+09:00,0.0
2026-09-19T15:01:10.5043735+09:00,0.0
2026-09-19T15:01:10.7830303+09:00,0.0
2026-09-19T15:01:11.0745139+09:00,0.0
2026-09-19T15:01:11.3618702+09:00,0.0
2026-09-19T15:01:11.6027111+09:00,0.0
2026-09-19T15:01:11.8813965+09:00,0.0
2026-09-19T15:01:12.1780244+09:00,0.0
2026-09-19T15:01:12.4599249+09:00,0.0
2026-09-19T15:01:12.7493344+09:00,0.0
2026-09-19T15:01:13.0539478+09:00,0.0
2026-09-19T15:01:13.3619100+09:00,0.0
2026-09-19T15:01:13.6442758+09:00,0.0
2026-09-19T15:01:13.9262419+09:00,0.0
2026-09-19T15:01:14.2204993+09:00,0.0
2026-09-19T15:01:14.5132897+09:00,0.0
2026-09-19T15:01:14.7975819+09:00,0.0
2026-09-19T15:01:15.0824564+09:00,0.0
2026-09-19T15:01:15.3618648+09:00,0.0
2026-09-19T15:01:15.6458140+09:00,0.0
2026-09-19T15:01:15.9338692+09:00,0.0
2026-09-19T15:01:16.2310135+09:00,0.0
2026-09-19T15:01:16.5155186+09:00,0.0
2026-09-19T15:01:16.7879301+09:00,0.0
2026-09-19T15:01:17.0800247+09:00,0.0
2026-09-19T15:01:17.3632250+09:00,0.0
2026-09-19T15:01:17.6532398+09:00,0.0
2026-09-19T15:01:17.9337986+09:00,0.0
2026-09-19T15:01:18.2598494+09:00,0.0
2026-09-19T15:01:18.5232889+09:00,0.0
2026-09-19T15:01:18.7893539+09:00,0.0
2026-09-19T15:01:19.0685879+09:00,0.0
2026-09-19T15:01:19.3582407+09:00,0.0
2026-09-19T15:01:19.6396310+09:00,0.0
2026-09-19T15:01:19.9200650+09:00,0.0
2026-09-19T15:01:20.1996737+09:00,0.0
2026-09-19T15:01:20.4729329+09:00,0.0
2026-09-19T15:01:20.7513954+09:00,0.0
2026-09-19T15:01:21.0323036+09:00,0.0
2026-09-19T15:01:21.3043810+09:00,0.0
2026-09-19T15:01:21.6000203+09:00,0.0
2026-09-19T15:01:21.8967540+09:00,0.0
2026-09-19T15:01:22.1910071+09:00,0.0
2026-09-19T15:01:22.5477944+09:00,0.0
2026-09-19T15:01:22.8928070+09:00,0.0
2026-09-19T15:01:23.1654080+09:00,0.0
2026-09-19T15:01:23.4595405+09:00,0.0
2026-09-19T15:01:23.7651029+09:00,0.0
2026-09-19T15:01:24.0527443+09:00,0.0
2026-09-19T15:01:24.3024304+09:00,0.0
2026-09-19T15:01:24.6146174+09:00,0.0
2026-09-19T15:01:24.8831421+09:00,0.0
2026-09-19T15:01:25.1821914+09:00,0.0
2026-09-19T15:01:25.4416364+09:00,0.0
2026-09-19T15:01:25.7112324+09:00,0.0
2026-09-19T15:01:25.9934650+09:00,0.0
2026-09-19T15:01:26.2766801+09:00,0.0
2026-09-19T15:01:26.5485303+09:00,0.0
2026-09-19T15:01:26.8256616+09:00,0.0
2026-09-19T15:01:27.1086630+09:00,0.0
2026-09-19T15:01:27.3740753+09:00,0.0
2026-09-19T15:01:27.6522055+09:00,0.0
2026-09-19T15:01:27.9318442+09:00,0.0
2026-09-19T15:01:28.2129426+09:00,0.0
2026-09-19T15:01:28.4921332+09:00,0.0
2026-09-19T15:01:28.7709638+09:00,0.0
2026-09-19T15:01:29.0519714+09:00,0.0
2026-09-19T15:01:29.3462093+09:00,0.0
2026-09-19T15:01:29.6441875+09:00,0.0
2026-09-19T15:01:29.9417410+09:00,0.0
2026-09-19T15:01:30.2796512+09:00,0.0
2026-09-19T15:01:30.6389970+09:00,0.0
2026-09-19T15:01:30.9504486+09:00,0.0
2026-09-19T15:01:31.3032472+09:00,0.0
2026-09-19T15:01:31.6093656+09:00,0.0
2026-09-19T15:01:31.9214792+09:00,0.0
2026-09-19T15:01:32.2316860+09:00,0.0
2026-09-19T15:01:32.5573110+09:00,0.0
2026-09-19T15:01:32.8521560+09:00,0.0
2026-09-19T15:01:33.1871141+09:00,0.0
2026-09-19T15:01:33.4817298+09:00,0.0
2026-09-19T15:01:33.7789837+09:00,0.0
2026-09-19T15:01:34.0956456+09:00,0.0
2026-09-19T15:01:34.3773663+09:00,0.0
2026-09-19T15:01:34.6836557+09:00,0.0
2026-09-19T15:01:34.9657224+09:00,0.0
2026-09-19T15:01:35.2401610+09:00,0.0
2026-09-19T15:01:35.5075506+09:00,0.0
2026-09-19T15:01:35.7877711+09:00,0.0
2026-09-19T15:01:36.0830536+09:00,0.0
2026-09-19T15:01:36.3562362+09:00,0.0
2026-09-19T15:01:36.6519382+09:00,0.0
2026-09-19T15:01:36.9536490+09:00,0.0
2026-09-19T15:01:37.2225502+09:00,0.0
2026-09-19T15:01:37.5173455+09:00,0.0
2026-09-19T15:01:37.8067625+09:00,0.0
2026-09-19T15:01:38.0861764+09:00,0.0
2026-09-19T15:01:38.3625146+09:00,0.0
2026-09-19T15:01:38.6416143+09:00,0.0
2026-09-19T15:01:38.9294283+09:00,0.0
2026-09-19T15:01:39.2093213+09:00,0.0
2026-09-19T15:01:39.4808151+09:00,0.0
2026-09-19T15:01:39.7798462+09:00,0.0
2026-09-19T15:01:40.0466108+09:00,0.0
2026-09-19T15:01:40.2954869+09:00,0.0
2026-09-19T15:01:40.5808197+09:00,0.0
2026-09-19T15:01:40.8722454+09:00,0.0
2026-09-19T15:01:41.1302465+09:00,0.0
2026-09-19T15:01:41.4122929+09:00,0.0
2026-09-19T15:01:41.7016045+09:00,0.0
2026-09-19T15:01:41.9953960+09:00,0.0
2026-09-19T15:01:42.2712294+09:00,0.0
2026-09-19T15:01:42.5362092+09:00,0.0
2026-09-19T15:01:42.8311437+09:00,0.0
2026-09-19T15:01:43.1145699+09:00,0.0
2026-09-19T15:01:43.3931105+09:00,0.0
2026-09-19T15:01:43.6915631+09:00,0.0
2026-09-19T15:01:44.0174951+09:00,0.0
2026-09-19T15:01:44.2984130+09:00,0.0
2026-09-19T15:01:44.5964052+09:00,0.0
2026-09-19T15:01:44.8973529+09:00,0.0
2026-09-19T15:01:45.1789445+09:00,0.0
2026-09-19T15:01:45.4587810+09:00,0.0
2026-09-19T15:01:45.7249042+09:00,0.0
2026-09-19T15:01:46.0334902+09:00,0.0
2026-09-19T15:01:46.2841966+09:00,0.0
2026-09-19T15:01:46.5224124+09:00,0.0
2026-09-19T15:01:46.7765561+09:00,0.0
2026-09-19T15:01:47.0448698+09:00,0.0
2026-09-19T15:01:47.2936567+09:00,0.0
2026-09-19T15:01:47.5699502+09:00,0.0
2026-09-19T15:01:47.8491248+09:00,0.0
2026-09-19T15:01:48.1448446+09:00,0.0
2026-09-19T15:01:48.4249861+09:00,0.0
2026-09-19T15:01:48.6985871+09:00,0.0
2026-09-19T15:01:48.9950127+09:00,0.0
2026-09-19T15:01:49.2760513+09:00,0.0
2026-09-19T15:01:49.5531972+09:00,0.0
2026-09-19T15:01:49.8639941+09:00,0.0
2026-09-19T15:01:50.1297746+09:00,0.0
2026-09-19T15:01:50.4087988+09:00,0.0
2026-09-19T15:01:50.6910279+09:00,0.0
2026-09-19T15:01:50.9901789+09:00,0.0
2026-09-19T15:01:51.2589114+09:00,0.0
2026-09-19T15:01:51.5109105+09:00,0.0
2026-09-19T15:01:51.8087267+09:00,0.0
2026-09-19T15:01:52.1088422+09:00,0.0
2026-09-19T15:01:52.4040839+09:00,0.0
2026-09-19T15:01:52.6846361+09:00,0.0
2026-09-19T15:01:53.0035142+09:00,0.0
2026-09-19T15:01:53.2958034+09:00,0.0
2026-09-19T15:01:53.5636779+09:00,0.0
2026-09-19T15:01:53.8322521+09:00,0.0
2026-09-19T15:01:54.1105430+09:00,0.0
2026-09-19T15:01:54.3935834+09:00,0.0
2026-09-19T15:01:54.6644853+09:00,0.0
2026-09-19T15:01:54.9635098+09:00,0.0
2026-09-19T15:01:55.2436470+09:00,0.0
2026-09-19T15:01:55.5473479+09:00,0.0
2026-09-19T15:01:55.8071840+09:00,0.0
2026-09-19T15:01:56.0693120+09:00,0.0
2026-09-19T15:01:56.3507358+09:00,0.0
2026-09-19T15:01:56.6487422+09:00,0.0
2026-09-19T15:01:56.9329106+09:00,0.0
2026-09-19T15:01:57.2267194+09:00,0.0
2026-09-19T15:01:57.5168955+09:00,0.0
2026-09-19T15:01:57.7835876+09:00,0.0
2026-09-19T15:01:58.0545172+09:00,0.0
2026-09-19T15:01:58.3376833+09:00,0.0
2026-09-19T15:01:58.6127395+09:00,0.0
2026-09-19T15:01:58.9000130+09:00,0.0
2026-09-19T15:01:59.1815680+09:00,0.0
2026-09-19T15:01:59.4749875+09:00,0.0
2026-09-19T15:01:59.7876508+09:00,0.0
2026-09-19T15:02:00.0987067+09:00,0.0
2026-09-19T15:02:00.3888249+09:00,0.0
2026-09-19T15:02:00.6353399+09:00,0.0
2026-09-19T15:02:00.8996334+09:00,0.0
2026-09-19T15:02:01.1811075+09:00,0.0
2026-09-19T15:02:01.4513027+09:00,0.0
2026-09-19T15:02:01.7337314+09:00,0.0
2026-09-19T15:02:02.0117920+09:00,0.0
2026-09-19T15:02:02.2907799+09:00,0.0
2026-09-19T15:02:02.5563147+09:00,0.0
2026-09-19T15:02:02.8498858+09:00,0.0
2026-09-19T15:02:03.1354691+09:00,0.0
2026-09-19T15:02:03.4165617+09:00,0.0
2026-09-19T15:02:03.6949927+09:00,0.0
2026-09-19T15:02:03.9804451+09:00,0.0
2026-09-19T15:02:04.2710817+09:00,0.0
2026-09-19T15:02:04.5561825+09:00,0.0
2026-09-19T15:02:04.8389224+09:00,0.0
2026-09-19T15:02:05.1459418+09:00,0.0
2026-09-19T15:02:05.4268191+09:00,0.0
2026-09-19T15:02:05.6826120+09:00,0.0
2026-09-19T15:02:05.9838864+09:00,0.0
2026-09-19T15:02:06.2514524+09:00,0.0
2026-09-19T15:02:06.5168118+09:00,0.0
2026-09-19T15:02:06.8008468+09:00,0.0
2026-09-19T15:02:07.0727313+09:00,0.0
2026-09-19T15:02:07.3528781+09:00,0.0
2026-09-19T15:02:07.6309235+09:00,0.0
2026-09-19T15:02:07.9060438+09:00,0.0
2026-09-19T15:02:08.1871168+09:00,0.0
2026-09-19T15:02:08.4523893+09:00,0.0
2026-09-19T15:02:08.7326671+09:00,0.0
2026-09-19T15:02:09.0330377+09:00,0.0
2026-09-19T15:02:09.3164009+09:00,0.0
2026-09-19T15:02:09.5894137+09:00,0.0
2026-09-19T15:02:09.8716304+09:00,0.0
2026-09-19T15:02:10.1472605+09:00,0.0
2026-09-19T15:02:10.4334396+09:00,0.0
2026-09-19T15:02:10.6812690+09:00,0.0
2026-09-19T15:02:10.9599609+09:00,0.0
2026-09-19T15:02:11.2551940+09:00,0.0
2026-09-19T15:02:11.5347767+09:00,0.0
2026-09-19T15:02:11.7758081+09:00,0.0
2026-09-19T15:02:12.0604385+09:00,0.0
2026-09-19T15:02:12.3688732+09:00,0.0
2026-09-19T15:02:12.6331250+09:00,0.0
2026-09-19T15:02:12.9296783+09:00,0.0
2026-09-19T15:02:13.1994333+09:00,0.0
2026-09-19T15:02:13.4979200+09:00,0.0
2026-09-19T15:02:13.7781111+09:00,0.0
2026-09-19T15:02:14.0652480+09:00,0.0
2026-09-19T15:02:14.3372419+09:00,0.0
2026-09-19T15:02:14.6077609+09:00,0.0
2026-09-19T15:02:14.8906338+09:00,0.0
2026-09-19T15:02:15.1714782+09:00,0.0
2026-09-19T15:02:15.4514585+09:00,0.0
2026-09-19T15:02:15.7172548+09:00,0.0
2026-09-19T15:02:16.0487577+09:00,0.0
2026-09-19T15:02:16.3448231+09:00,0.0
2026-09-19T15:02:16.6180941+09:00,0.0
2026-09-19T15:02:16.8897228+09:00,0.0
2026-09-19T15:02:17.1704359+09:00,0.0
2026-09-19T15:02:17.4502193+09:00,0.0
2026-09-19T15:02:17.7287273+09:00,0.0
2026-09-19T15:02:18.0119500+09:00,0.0
2026-09-19T15:02:18.3228464+09:00,0.0
2026-09-19T15:02:18.6037351+09:00,0.0
2026-09-19T15:02:18.8903063+09:00,0.0
2026-09-19T15:02:19.1704192+09:00,0.0
2026-09-19T15:02:19.4509466+09:00,0.0
2026-09-19T15:02:19.7294280+09:00,0.0
2026-09-19T15:02:20.0169838+09:00,0.0
2026-09-19T15:02:20.2990420+09:00,0.0
2026-09-19T15:02:20.5894437+09:00,0.0
2026-09-19T15:02:20.8844804+09:00,0.0
2026-09-19T15:02:21.1640301+09:00,0.0
2026-09-19T15:02:21.4485737+09:00,0.0
2026-09-19T15:02:21.7295809+09:00,0.0
2026-09-19T15:02:22.0005942+09:00,0.0
2026-09-19T15:02:22.3318576+09:00,0.0
2026-09-19T15:02:22.6064934+09:00,0.0
2026-09-19T15:02:22.9034144+09:00,0.0
2026-09-19T15:02:23.1824105+09:00,0.0
2026-09-19T15:02:23.4516111+09:00,0.0
2026-09-19T15:02:23.7159596+09:00,0.0
2026-09-19T15:02:24.0004202+09:00,0.0
2026-09-19T15:02:24.2663022+09:00,0.0
2026-09-19T15:02:24.5423920+09:00,0.0
2026-09-19T15:02:24.8242085+09:00,0.0
2026-09-19T15:02:25.1154146+09:00,0.0
2026-09-19T15:02:25.4016189+09:00,0.0
2026-09-19T15:02:25.6810996+09:00,0.0
2026-09-19T15:02:25.9628282+09:00,0.0
2026-09-19T15:02:26.2268109+09:00,0.0
2026-09-19T15:02:26.5231609+09:00,0.0
2026-09-19T15:02:26.7716578+09:00,0.0
2026-09-19T15:02:27.0531255+09:00,0.0
2026-09-19T15:02:27.3345195+09:00,0.0
2026-09-19T15:02:27.6158562+09:00,0.0
2026-09-19T15:02:27.8962065+09:00,0.0
2026-09-19T15:02:28.1690760+09:00,0.0
2026-09-19T15:02:28.4020975+09:00,0.0
2026-09-19T15:02:28.6716188+09:00,0.0
2026-09-19T15:02:28.9675363+09:00,0.0
2026-09-19T15:02:29.2467096+09:00,0.0
2026-09-19T15:02:29.5447806+09:00,0.0
2026-09-19T15:02:29.8271607+09:00,0.0
2026-09-19T15:02:30.1049237+09:00,0.0
2026-09-19T15:02:30.3839852+09:00,0.0
2026-09-19T15:02:30.6678235+09:00,0.0
2026-09-19T15:02:30.9525543+09:00,0.0
2026-09-19T15:02:31.2351302+09:00,0.0
2026-09-19T15:02:31.5604762+09:00,0.0
2026-09-19T15:02:31.8401839+09:00,0.0
2026-09-19T15:02:32.1205707+09:00,0.0
2026-09-19T15:02:32.4483885+09:00,0.0
2026-09-19T15:02:32.7296047+09:00,0.0
2026-09-19T15:02:33.0171221+09:00,0.0
2026-09-19T15:02:33.3064226+09:00,0.0
2026-09-19T15:02:33.5749218+09:00,0.0
2026-09-19T15:02:33.8717603+09:00,0.0
2026-09-19T15:02:34.1511398+09:00,0.0
2026-09-19T15:02:34.4183776+09:00,0.0
2026-09-19T15:02:34.6974317+09:00,0.0
2026-09-19T15:02:34.9901658+09:00,0.0
2026-09-19T15:02:35.2679665+09:00,0.0
2026-09-19T15:02:35.5355025+09:00,0.0
2026-09-19T15:02:35.8318974+09:00,0.0
2026-09-19T15:02:36.1106406+09:00,0.0
2026-09-19T15:02:36.3906072+09:00,0.0
2026-09-19T15:02:36.6831979+09:00,0.0
2026-09-19T15:02:36.9957410+09:00,0.0
2026-09-19T15:02:37.2942333+09:00,0.0
2026-09-19T15:02:37.5743714+09:00,0.0
2026-09-19T15:02:37.8998822+09:00,0.0
2026-09-19T15:02:38.1826803+09:00,0.0
2026-09-19T15:02:38.4676535+09:00,0.0
2026-09-19T15:02:38.7937526+09:00,0.0
2026-09-19T15:02:39.0579274+09:00,0.0
2026-09-19T15:02:39.3385832+09:00,0.0
2026-09-19T15:02:39.6196031+09:00,0.0
2026-09-19T15:02:39.9138255+09:00,0.0
2026-09-19T15:02:40.1993435+09:00,0.0
2026-09-19T15:02:40.4912017+09:00,0.0
2026-09-19T15:02:40.8048983+09:00,0.0
2026-09-19T15:02:41.0830515+09:00,0.0
2026-09-19T15:02:41.3464121+09:00,0.0
2026-09-19T15:02:41.6267883+09:00,0.0
2026-09-19T15:02:41.8905060+09:00,0.0
2026-09-19T15:02:42.1678263+09:00,0.0
2026-09-19T15:02:42.4635618+09:00,0.0
2026-09-19T15:02:42.8026189+09:00,0.0
2026-09-19T15:02:43.1149917+09:00,5.0
2026-09-19T15:02:43.5910638+09:00,240.0
2026-09-19T15:02:46.6946544+09:00,480.0
2026-09-19T15:02:51.2677738+09:00,695.0
2026-09-19T15:02:56.5080857+09:00,770.0
2026-09-19T15:03:03.7172934+09:00,788.0
2026-09-19T15:03:10.6404602+09:00,558.0
2026-09-19T15:03:17.5275534+09:00,270.0
2026-09-19T15:03:23.0549424+09:00,40.0
2026-09-19T15:03:26.3547247+09:00,6.0
2026-09-19T15:03:26.6960306+09:00,0.0
2026-09-19T15:03:27.0062636+09:00,0.0
2026-09-19T15:03:27.3009007+09:00,0.0
2026-09-19T15:03:27.5801894+09:00,0.0
2026-09-19T15:03:27.8608886+09:00,0.0
2026-09-19T15:03:28.2170181+09:00,0.0
2026-09-19T15:03:28.5111227+09:00,0.0
2026-09-19T15:03:28.8052177+09:00,0.0
2026-09-19T15:03:29.0855946+09:00,0.0
2026-09-19T15:03:29.3823905+09:00,0.0
2026-09-19T15:03:29.6622469+09:00,0.0
2026-09-19T15:03:29.9425808+09:00,0.0
2026-09-19T15:03:30.2054323+09:00,0.0
2026-09-19T15:03:30.4712888+09:00,0.0
2026-09-19T15:03:30.7656078+09:00,0.0
2026-09-19T15:03:31.0602293+09:00,0.0
2026-09-19T15:03:31.3409306+09:00,0.0
2026-09-19T15:03:31.6326101+09:00,0.0
2026-09-19T15:03:32.0067494+09:00,0.0
2026-09-19T15:03:32.3636080+09:00,0.0
2026-09-19T15:03:32.6458462+09:00,0.0
2026-09-19T15:03:32.9121784+09:00,0.0
2026-09-19T15:03:33.1913465+09:00,0.0
2026-09-19T15:03:33.4718706+09:00,0.0
2026-09-19T15:03:33.7880724+09:00,0.0
2026-09-19T15:03:34.0647033+09:00,0.0
2026-09-19T15:03:34.3445554+09:00,0.0
2026-09-19T15:03:34.6170957+09:00,0.0
2026-09-19T15:03:34.8882605+09:00,0.0
2026-09-19T15:03:35.1710638+09:00,0.0
2026-09-19T15:03:35.4668489+09:00,0.0
2026-09-19T15:03:35.7441142+09:00,0.0
2026-09-19T15:03:36.0229385+09:00,0.0
2026-09-19T15:03:36.2713319+09:00,0.0
2026-09-19T15:03:36.5440503+09:00,0.0
2026-09-19T15:03:36.8257397+09:00,0.0
2026-09-19T15:03:37.1052737+09:00,0.0
2026-09-19T15:03:37.3823781+09:00,0.0
2026-09-19T15:03:37.6557915+09:00,0.0
2026-09-19T15:03:37.9525646+09:00,0.0
2026-09-19T15:03:38.2355247+09:00,0.0
2026-09-19T15:03:38.5182079+09:00,0.0
2026-09-19T15:03:38.8441768+09:00,0.0
2026-09-19T15:03:39.1246324+09:00,0.0
2026-09-19T15:03:39.3911571+09:00,0.0
2026-09-19T15:03:39.6668251+09:00,0.0
2026-09-19T15:03:39.9591600+09:00,0.0
2026-09-19T15:03:40.2412826+09:00,0.0
2026-09-19T15:03:40.5187923+09:00,0.0
2026-09-19T15:03:40.7885432+09:00,0.0
2026-09-19T15:03:41.0342157+09:00,0.0
2026-09-19T15:03:41.3097114+09:00,0.0
2026-09-19T15:03:41.6211296+09:00,0.0
2026-09-19T15:03:41.8995053+09:00,0.0
2026-09-19T15:03:42.1869697+09:00,0.0
2026-09-19T15:03:42.4744920+09:00,0.0
2026-09-19T15:03:42.7560246+09:00,0.0
2026-09-19T15:03:43.0352396+09:00,0.0
2026-09-19T15:03:43.2851155+09:00,0.0
2026-09-19T15:03:43.5668143+09:00,0.0
2026-09-19T15:03:43.8590620+09:00,0.0
2026-09-19T15:03:44.1344487+09:00,0.0
2026-09-19T15:03:44.4134897+09:00,0.0
2026-09-19T15:03:44.6882205+09:00,0.0
2026-09-19T15:03:45.0018510+09:00,0.0
2026-09-19T15:03:45.2801436+09:00,0.0
2026-09-19T15:03:45.5700023+09:00,0.0
2026-09-19T15:03:45.8539954+09:00,0.0
2026-09-19T15:03:46.1312632+09:00,0.0
2026-09-19T15:03:46.4140592+09:00,0.0
2026-09-19T15:03:46.6929983+09:00,0.0
2026-09-19T15:03:46.9745808+09:00,0.0
2026-09-19T15:03:47.2730648+09:00,0.0
2026-09-19T15:03:47.5494097+09:00,0.0
2026-09-19T15:03:47.8383440+09:00,0.0
2026-09-19T15:03:48.1283834+09:00,0.0
2026-09-19T15:03:48.4071857+09:00,0.0
2026-09-19T15:03:48.6834199+09:00,0.0
2026-09-19T15:03:48.9718152+09:00,0.0
2026-09-19T15:03:49.2560413+09:00,0.0
2026-09-19T15:03:49.5590647+09:00,0.0
2026-09-19T15:03:49.8377329+09:00,0.0
2026-09-19T15:03:50.1114002+09:00,0.0
2026-09-19T15:03:50.3884590+09:00,0.0
2026-09-19T15:03:50.6713344+09:00,0.0
2026-09-19T15:03:50.9512565+09:00,0.0
2026-09-19T15:03:51.2223975+09:00,0.0
2026-09-19T15:03:51.5190498+09:00,0.0
2026-09-19T15:03:51.7979710+09:00,0.0
2026-09-19T15:03:52.0713140+09:00,0.0
2026-09-19T15:03:52.3491850+09:00,0.0
2026-09-19T15:03:52.6400932+09:00,0.0
2026-09-19T15:03:52.9226792+09:00,0.0
2026-09-19T15:03:53.1722387+09:00,0.0
2026-09-19T15:03:53.4558041+09:00,0.0
2026-09-19T15:03:53.7210980+09:00,0.0
2026-09-19T15:03:53.9711473+09:00,0.0
2026-09-19T15:03:54.2168924+09:00,0.0
2026-09-19T15:03:54.5113295+09:00,0.0
2026-09-19T15:03:54.7890552+09:00,0.0
2026-09-19T15:03:55.0818461+09:00,0.0
2026-09-19T15:03:55.3800032+09:00,0.0
2026-09-19T15:03:55.6739271+09:00,0.0
2026-09-19T15:03:55.9412196+09:00,0.0
2026-09-19T15:03:56.2078209+09:00,0.0
2026-09-19T15:03:56.4713669+09:00,0.0
2026-09-19T15:03:56.7206482+09:00,0.0
2026-09-19T15:03:57.0064492+09:00,0.0
2026-09-19T15:03:57.2720187+09:00,0.0
2026-09-19T15:03:57.6053654+09:00,0.0
2026-09-19T15:03:57.8864964+09:00,0.0
2026-09-19T15:03:58.1836568+09:00,0.0
2026-09-19T15:03:58.4770176+09:00,0.0
2026-09-19T15:03:58.7637815+09:00,0.0
2026-09-19T15:03:59.0492848+09:00,0.0
2026-09-19T15:03:59.3610383+09:00,0.0
2026-09-19T15:03:59.6891944+09:00,0.0
2026-09-19T15:03:59.9734625+09:00,0.0
2026-09-19T15:04:00.2733741+09:00,0.0
2026-09-19T15:04:00.5501174+09:00,0.0
2026-09-19T15:04:00.8275955+09:00,0.0
2026-09-19T15:04:01.1217781+09:00,0.0
2026-09-19T15:04:01.3998517+09:00,0.0
2026-09-19T15:04:01.6959418+09:00,0.0
2026-09-19T15:04:01.9904432+09:00,0.0
2026-09-19T15:04:02.2728610+09:00,0.0
2026-09-19T15:04:02.5704567+09:00,0.0
2026-09-19T15:04:02.8191480+09:00,0.0
2026-09-19T15:04:03.1139836+09:00,0.0
2026-09-19T15:04:03.3963421+09:00,0.0
2026-09-19T15:04:03.6901677+09:00,0.0
2026-09-19T15:04:03.9740270+09:00,0.0
2026-09-19T15:04:04.2412393+09:00,0.0
2026-09-19T15:04:04.5262568+09:00,0.0
2026-09-19T15:04:04.8065605+09:00,0.0
2026-09-19T15:04:05.0705932+09:00,0.0
2026-09-19T15:04:05.3470706+09:00,0.0
2026-09-19T15:04:05.6430696+09:00,0.0
2026-09-19T15:04:05.9078016+09:00,0.0
2026-09-19T15:04:06.1899112+09:00,0.0
2026-09-19T15:04:06.4888564+09:00,0.0
2026-09-19T15:04:06.7580156+09:00,0.0
2026-09-19T15:04:07.0326323+09:00,0.0
2026-09-19T15:04:07.3279333+09:00,0.0
2026-09-19T15:04:07.6570884+09:00,0.0
2026-09-19T15:04:07.9518367+09:00,0.0
2026-09-19T15:04:08.2320424+09:00,0.0
2026-09-19T15:04:08.5045864+09:00,0.0
2026-09-19T15:04:08.7965869+09:00,0.0
2026-09-19T15:04:09.0660439+09:00,0.0
2026-09-19T15:04:09.3606954+09:00,0.0
2026-09-19T15:04:09.6405839+09:00,0.0
2026-09-19T15:04:09.9389125+09:00,0.0
2026-09-19T15:04:10.1887059+09:00,0.0
2026-09-19T15:04:10.4740384+09:00,0.0
2026-09-19T15:04:10.7611948+09:00,0.0
2026-09-19T15:04:11.0290376+09:00,0.0
2026-09-19T15:04:11.3258548+09:00,0.0
2026-09-19T15:04:11.6030796+09:00,0.0
2026-09-19T15:04:11.8815857+09:00,0.0
2026-09-19T15:04:12.1669665+09:00,0.0
2026-09-19T15:04:12.4731912+09:00,0.0
2026-09-19T15:04:12.7368843+09:00,0.0
2026-09-19T15:04:13.0158999+09:00,0.0
2026-09-19T15:04:13.3073402+09:00,0.0
2026-09-19T15:04:13.5938820+09:00,0.0
2026-09-19T15:04:13.8663668+09:00,0.0
2026-09-19T15:04:14.1571624+09:00,0.0
2026-09-19T15:04:14.4360744+09:00,0.0
2026-09-19T15:04:14.7090267+09:00,0.0
2026-09-19T15:04:15.0011273+09:00,0.0
2026-09-19T15:04:15.2653704+09:00,0.0
2026-09-19T15:04:15.5769080+09:00,0.0
2026-09-19T15:04:15.8251820+09:00,0.0
2026-09-19T15:04:16.1014145+09:00,0.0
2026-09-19T15:04:16.4050801+09:00,0.0
2026-09-19T15:04:16.6910092+09:00,0.0
2026-09-19T15:04:16.9871342+09:00,0.0
2026-09-19T15:04:17.2664967+09:00,0.0
2026-09-19T15:04:17.5703475+09:00,0.0
2026-09-19T15:04:17.8404800+09:00,0.0
2026-09-19T15:04:18.1093828+09:00,0.0
2026-09-19T15:04:18.3899438+09:00,0.0
2026-09-19T15:04:18.6872391+09:00,0.0
2026-09-19T15:04:18.9906129+09:00,0.0
2026-09-19T15:04:19.2698627+09:00,0.0
2026-09-19T15:04:19.5505322+09:00,0.0
2026-09-19T15:04:19.8021150+09:00,0.0
2026-09-19T15:04:20.1019771+09:00,0.0
2026-09-19T15:04:20.3713642+09:00,0.0
2026-09-19T15:04:20.6553245+09:00,0.0
2026-09-19T15:04:20.9503696+09:00,0.0
2026-09-19T15:04:21.2445473+09:00,0.0
2026-09-19T15:04:21.5402990+09:00,0.0
2026-09-19T15:04:21.8218803+09:00,0.0
2026-09-19T15:04:22.1318276+09:00,0.0
2026-09-19T15:04:22.4133604+09:00,0.0
2026-09-19T15:04:22.7119707+09:00,0.0
2026-09-19T15:04:22.9942720+09:00,0.0
2026-09-19T15:04:23.2742252+09:00,0.0
2026-09-19T15:04:23.5574366+09:00,0.0
2026-09-19T15:04:23.8721785+09:00,0.0
2026-09-19T15:04:24.2049046+09:00,0.0
2026-09-19T15:04:24.4749105+09:00,0.0
2026-09-19T15:04:24.7650175+09:00,0.0
2026-09-19T15:04:25.0622830+09:00,0.0
2026-09-19T15:04:25.3443319+09:00,0.0
2026-09-19T15:04:25.6086993+09:00,0.0
2026-09-19T15:04:25.8881539+09:00,0.0
2026-09-19T15:04:26.1669669+09:00,0.0
2026-09-19T15:04:26.4542400+09:00,0.0
2026-09-19T15:04:26.7496755+09:00,0.0
2026-09-19T15:04:27.0234172+09:00,0.0
2026-09-19T15:04:27.2902325+09:00,0.0
2026-09-19T15:04:27.5625869+09:00,0.0
2026-09-19T15:04:27.8426945+09:00,0.0
2026-09-19T15:04:28.1456636+09:00,0.0
2026-09-19T15:04:28.4402891+09:00,0.0
2026-09-19T15:04:28.7199570+09:00,0.0
2026-09-19T15:04:29.0068144+09:00,0.0
2026-09-19T15:04:29.2749892+09:00,0.0
2026-09-19T15:04:29.5637867+09:00,0.0
2026-09-19T15:04:29.8441441+09:00,0.0
2026-09-19T15:04:30.0926261+09:00,0.0
2026-09-19T15:04:30.3746287+09:00,0.0
2026-09-19T15:04:30.6564774+09:00,0.0
2026-09-19T15:04:30.9583027+09:00,0.0
2026-09-19T15:04:31.2558408+09:00,0.0
2026-09-19T15:04:31.5328884+09:00,0.0
2026-09-19T15:04:31.7967368+09:00,0.0
2026-09-19T15:04:32.0894739+09:00,0.0
2026-09-19T15:04:32.3710650+09:00,0.0
2026-09-19T15:04:32.6539484+09:00,0.0
2026-09-19T15:04:32.9341008+09:00,0.0
2026-09-19T15:04:33.2241699+09:00,0.0
2026-09-19T15:04:33.5028803+09:00,0.0
2026-09-19T15:04:33.7800815+09:00,0.0
2026-09-19T15:04:34.0403954+09:00,0.0
2026-09-19T15:04:34.3047960+09:00,0.0
2026-09-19T15:04:34.5661951+09:00,0.0
2026-09-19T15:04:34.8625182+09:00,0.0
2026-09-19T15:04:35.1307269+09:00,0.0
2026-09-19T15:04:35.4140073+09:00,0.0
2026-09-19T15:04:35.6617140+09:00,0.0
2026-09-19T15:04:35.9250300+09:00,0.0
2026-09-19T15:04:36.1895669+09:00,0.0
2026-09-19T15:04:36.4825670+09:00,0.0
2026-09-19T15:04:36.7640465+09:00,0.0
2026-09-19T15:04:37.0438869+09:00,0.0
2026-09-19T15:04:37.3256248+09:00,0.0
2026-09-19T15:04:37.6126692+09:00,0.0
2026-09-19T15:04:37.8925723+09:00,0.0
2026-09-19T15:04:38.1721816+09:00,0.0
2026-09-19T15:04:38.4508584+09:00,0.0
2026-09-19T15:04:38.7111241+09:00,0.0
2026-09-19T15:04:39.0046506+09:00,0.0
2026-09-19T15:04:39.2873700+09:00,0.0
2026-09-19T15:04:39.5507544+09:00,0.0
2026-09-19T15:04:39.8310367+09:00,0.0
2026-09-19T15:04:40.1123831+09:00,0.0
2026-09-19T15:04:40.3606337+09:00,0.0
2026-09-19T15:04:40.6092954+09:00,0.0
2026-09-19T15:04:40.8712152+09:00,0.0
2026-09-19T15:04:41.1244564+09:00,0.0
2026-09-19T15:04:41.3742223+09:00,0.0
2026-09-19T15:04:41.6300307+09:00,0.0
2026-09-19T15:04:41.8768741+09:00,0.0
2026-09-19T15:04:42.1412448+09:00,0.0
2026-09-19T15:04:42.3888032+09:00,0.0
2026-09-19T15:04:42.6580028+09:00,0.0
2026-09-19T15:04:42.9268239+09:00,0.0
2026-09-19T15:04:43.1905472+09:00,0.0
2026-09-19T15:04:43.4784717+09:00,0.0
2026-09-19T15:04:43.7570313+09:00,0.0
2026-09-19T15:04:44.0361839+09:00,0.0
2026-09-19T15:04:44.3176861+09:00,0.0
2026-09-19T15:04:44.6089839+09:00,0.0
2026-09-19T15:04:44.8922197+09:00,0.0
2026-09-19T15:04:45.1742405+09:00,0.0
2026-09-19T15:04:45.4880145+09:00,0.0
2026-09-19T15:04:45.7663039+09:00,0.0
2026-09-19T15:04:46.0439178+09:00,0.0
2026-09-19T15:04:46.3110667+09:00,0.0
2026-09-19T15:04:46.5860080+09:00,0.0
2026-09-19T15:04:46.8678869+09:00,0.0
2026-09-19T15:04:47.1491599+09:00,0.0
2026-09-19T15:04:47.4131805+09:00,0.0
2026-09-19T15:04:47.7131188+09:00,0.0
2026-09-19T15:04:47.9906223+09:00,0.0
2026-09-19T15:04:48.2690700+09:00,0.0
2026-09-19T15:04:48.5431975+09:00,0.0
2026-09-19T15:04:48.8262038+09:00,0.0
2026-09-19T15:04:49.0968373+09:00,0.0
2026-09-19T15:04:49.3782419+09:00,0.0
2026-09-19T15:04:49.6581690+09:00,0.0
2026-09-19T15:04:49.9438962+09:00,0.0
2026-09-19T15:04:50.2762023+09:00,0.0
2026-09-19T15:04:50.5518032+09:00,0.0
2026-09-19T15:04:50.8340601+09:00,0.0
2026-09-19T15:04:51.1137481+09:00,0.0
2026-09-19T15:04:51.4085364+09:00,0.0
2026-09-19T15:04:51.6679845+09:00,0.0
2026-09-19T15:04:51.9443989+09:00,0.0
2026-09-19T15:04:52.2246039+09:00,0.0
2026-09-19T15:04:52.5248128+09:00,0.0
2026-09-19T15:04:52.7953840+09:00,0.0
2026-09-19T15:04:53.0762274+09:00,0.0
2026-09-19T15:04:53.3584231+09:00,0.0
2026-09-19T15:04:53.6737389+09:00,0.0
2026-09-19T15:04:53.9522835+09:00,0.0
2026-09-19T15:04:54.2307799+09:00,0.0
2026-09-19T15:04:54.5082310+09:00,0.0
2026-09-19T15:04:54.7934585+09:00,0.0
2026-09-19T15:04:55.1099208+09:00,0.0
2026-09-19T15:04:55.3790550+09:00,0.0
2026-09-19T15:04:55.6440141+09:00,0.0
2026-09-19T15:04:55.9723906+09:00,0.0
2026-09-19T15:04:56.2521393+09:00,0.0
2026-09-19T15:04:56.5352551+09:00,0.0
2026-09-19T15:04:56.7991395+09:00,0.0
2026-09-19T15:04:57.0906057+09:00,0.0
2026-09-19T15:04:57.3754971+09:00,0.0
2026-09-19T15:04:57.6452743+09:00,0.0
2026-09-19T15:04:57.9264023+09:00,0.0
2026-09-19T15:04:58.2084715+09:00,0.0
2026-09-19T15:04:58.4911580+09:00,0.0
2026-09-19T15:04:58.7726028+09:00,0.0
2026-09-19T15:04:59.0663896+09:00,0.0
2026-09-19T15:04:59.3644932+09:00,0.0
2026-09-19T15:04:59.6444605+09:00,0.0
2026-09-19T15:04:59.9286551+09:00,0.0
2026-09-19T15:05:00.2118876+09:00,0.0
2026-09-19T15:05:00.4935802+09:00,0.0
2026-09-19T15:05:00.7898404+09:00,0.0
2026-09-19T15:05:01.0881022+09:00,0.0
2026-09-19T15:05:01.3529585+09:00,0.0
2026-09-19T15:05:01.6467334+09:00,0.0
2026-09-19T15:05:01.9281086+09:00,0.0
2026-09-19T15:05:02.2248482+09:00,0.0
2026-09-19T15:05:02.5408067+09:00,0.0
2026-09-19T15:05:02.8088598+09:00,0.0
2026-09-19T15:05:03.1140378+09:00,0.0
2026-09-19T15:05:03.3929614+09:00,0.0
2026-09-19T15:05:03.6903883+09:00,0.0
2026-09-19T15:05:03.9892099+09:00,0.0
2026-09-19T15:05:04.2698211+09:00,0.0
2026-09-19T15:05:04.5461833+09:00,0.0
2026-09-19T15:05:04.8266266+09:00,0.0
2026-09-19T15:05:05.0944413+09:00,0.0
2026-09-19T15:05:05.3618827+09:00,0.0
2026-09-19T15:05:05.6617842+09:00,0.0
2026-09-19T15:05:05.9396617+09:00,0.0
2026-09-19T15:05:06.2077910+09:00,0.0
2026-09-19T15:05:06.4760532+09:00,0.0
2026-09-19T15:05:06.7576129+09:00,0.0
2026-09-19T15:05:07.0367174+09:00,0.0
2026-09-19T15:05:07.3178042+09:00,0.0
2026-09-19T15:05:07.5973139+09:00,0.0
2026-09-19T15:05:07.8658766+09:00,0.0
2026-09-19T15:05:08.1427162+09:00,0.0
2026-09-19T15:05:08.4459353+09:00,0.0
2026-09-19T15:05:08.7263045+09:00,0.0
2026-09-19T15:05:09.0219066+09:00,0.0
2026-09-19T15:05:09.3045143+09:00,0.0
2026-09-19T15:05:09.5841238+09:00,0.0
2026-09-19T15:05:09.8611082+09:00,0.0
2026-09-19T15:05:10.1329305+09:00,0.0
2026-09-19T15:05:10.4261455+09:00,0.0
2026-09-19T15:05:10.6940501+09:00,0.0
2026-09-19T15:05:10.9793167+09:00,0.0
2026-09-19T15:05:11.2772491+09:00,0.0
2026-09-19T15:05:11.5582078+09:00,0.0
2026-09-19T15:05:11.8263489+09:00,0.0
2026-09-19T15:05:12.1284741+09:00,0.0
2026-09-19T15:05:12.3933548+09:00,0.0
2026-09-19T15:05:12.6742498+09:00,0.0
2026-09-19T15:05:12.9535812+09:00,0.0
2026-09-19T15:05:13.2342014+09:00,0.0
2026-09-19T15:05:13.5142975+09:00,0.0
2026-09-19T15:05:13.7956062+09:00,0.0
2026-09-19T15:05:14.0686076+09:00,0.0
2026-09-19T15:05:14.3669974+09:00,0.0
2026-09-19T15:05:14.6497652+09:00,0.0
2026-09-19T15:05:14.9310970+09:00,0.0
2026-09-19T15:05:15.2089902+09:00,0.0
2026-09-19T15:05:15.4908618+09:00,0.0
2026-09-19T15:05:15.7585416+09:00,0.0
2026-09-19T15:05:16.0403637+09:00,0.0
2026-09-19T15:05:16.3212677+09:00,0.0
2026-09-19T15:05:16.5871914+09:00,0.0
2026-09-19T15:05:16.8697228+09:00,0.0
2026-09-19T15:05:17.1432743+09:00,0.0
2026-09-19T15:05:17.4299791+09:00,0.0
2026-09-19T15:05:17.6896262+09:00,0.0
2026-09-19T15:05:17.9521425+09:00,0.0
2026-09-19T15:05:18.2464405+09:00,0.0
2026-09-19T15:05:18.5434108+09:00,0.0
2026-09-19T15:05:18.8276474+09:00,0.0
2026-09-19T15:05:19.1264119+09:00,0.0
2026-09-19T15:05:19.3941981+09:00,0.0
2026-09-19T15:05:19.7080146+09:00,0.0
2026-09-19T15:05:19.9815008+09:00,0.0
2026-09-19T15:05:20.2633713+09:00,0.0
2026-09-19T15:05:20.5553627+09:00,0.0
2026-09-19T15:05:20.8374180+09:00,0.0
2026-09-19T15:05:21.1174556+09:00,0.0
2026-09-19T15:05:21.4115746+09:00,0.0
2026-09-19T15:05:21.6907054+09:00,0.0
2026-09-19T15:05:21.9852553+09:00,0.0
2026-09-19T15:05:22.2487594+09:00,0.0
2026-09-19T15:05:22.5315812+09:00,0.0
2026-09-19T15:05:22.8015643+09:00,0.0
2026-09-19T15:05:23.0630081+09:00,0.0
2026-09-19T15:05:23.3453957+09:00,0.0
2026-09-19T15:05:23.6626815+09:00,0.0
2026-09-19T15:05:23.9348186+09:00,0.0
2026-09-19T15:05:24.2228314+09:00,0.0
2026-09-19T15:05:24.4904457+09:00,0.0
2026-09-19T15:05:24.7730918+09:00,0.0
2026-09-19T15:05:25.0485663+09:00,0.0
2026-09-19T15:05:25.3268112+09:00,0.0
2026-09-19T15:05:25.5995902+09:00,0.0
2026-09-19T15:05:25.8789328+09:00,0.0
2026-09-19T15:05:26.1593307+09:00,0.0
2026-09-19T15:05:26.4424894+09:00,0.0
2026-09-19T15:05:26.7316035+09:00,0.0
2026-09-19T15:05:27.0046097+09:00,0.0
2026-09-19T15:05:27.2830294+09:00,0.0
2026-09-19T15:05:27.5595721+09:00,0.0
2026-09-19T15:05:27.8276731+09:00,0.0
2026-09-19T15:05:28.0972006+09:00,0.0
2026-09-19T15:05:28.3767691+09:00,0.0
2026-09-19T15:05:28.6579103+09:00,0.0
2026-09-19T15:05:28.9236985+09:00,0.0
2026-09-19T15:05:29.1877233+09:00,0.0
2026-09-19T15:05:29.4587548+09:00,0.0
2026-09-19T15:05:29.7417820+09:00,0.0
2026-09-19T15:05:30.0381322+09:00,0.0
2026-09-19T15:05:30.3097125+09:00,0.0
2026-09-19T15:05:30.6024918+09:00,0.0
2026-09-19T15:05:30.8477240+09:00,0.0
2026-09-19T15:05:31.1288201+09:00,0.0
2026-09-19T15:05:31.4091662+09:00,0.0
2026-09-19T15:05:31.6786497+09:00,0.0
2026-09-19T15:05:31.9745200+09:00,0.0
2026-09-19T15:05:32.2418938+09:00,0.0
2026-09-19T15:05:32.4874437+09:00,0.0
2026-09-19T15:05:32.7832277+09:00,0.0
2026-09-19T15:05:33.0475533+09:00,0.0
2026-09-19T15:05:33.3296983+09:00,0.0
2026-09-19T15:05:33.6097250+09:00,0.0
2026-09-19T15:05:33.8863365+09:00,0.0
2026-09-19T15:05:34.1754216+09:00,0.0
2026-09-19T15:05:34.4412004+09:00,0.0
2026-09-19T15:05:34.7379990+09:00,0.0
2026-09-19T15:05:35.0386291+09:00,0.0
2026-09-19T15:05:35.2932459+09:00,0.0
2026-09-19T15:05:35.5695912+09:00,0.0
2026-09-19T15:05:35.8637751+09:00,0.0
2026-09-19T15:05:36.1390403+09:00,0.0
2026-09-19T15:05:36.4179116+09:00,0.0
2026-09-19T15:05:36.7073910+09:00,0.0
2026-09-19T15:05:36.9953284+09:00,0.0
2026-09-19T15:05:37.2733492+09:00,0.0
2026-09-19T15:05:37.5544584+09:00,0.0
2026-09-19T15:05:37.8331878+09:00,0.0
2026-09-19T15:05:38.0841874+09:00,0.0
2026-09-19T15:05:38.3611724+09:00,0.0
2026-09-19T15:05:38.6096761+09:00,0.0
2026-09-19T15:05:38.8806752+09:00,0.0
2026-09-19T15:05:39.1613466+09:00,0.0
2026-09-19T15:05:39.4420799+09:00,0.0
2026-09-19T15:05:39.7299526+09:00,0.0
2026-09-19T15:05:40.0065455+09:00,0.0
2026-09-19T15:05:40.3000571+09:00,0.0
2026-09-19T15:05:40.5886141+09:00,0.0
2026-09-19T15:05:40.8769351+09:00,0.0
2026-09-19T15:05:41.1579687+09:00,0.0
2026-09-19T15:05:41.4369848+09:00,0.0
2026-09-19T15:05:41.7100128+09:00,0.0
2026-09-19T15:05:41.9919419+09:00,0.0
2026-09-19T15:05:42.2719851+09:00,0.0
2026-09-19T15:05:42.5666543+09:00,0.0
2026-09-19T15:05:42.8475599+09:00,0.0
2026-09-19T15:05:43.1162270+09:00,0.0
2026-09-19T15:05:43.3934424+09:00,0.0
2026-09-19T15:05:43.6797181+09:00,0.0
2026-09-19T15:05:43.9599281+09:00,0.0
2026-09-19T15:05:44.2410992+09:00,0.0
2026-09-19T15:05:44.5054710+09:00,0.0
2026-09-19T15:05:44.8019070+09:00,0.0
2026-09-19T15:05:45.0612919+09:00,0.0
2026-09-19T15:05:45.3288108+09:00,0.0
2026-09-19T15:05:45.6011205+09:00,0.0
2026-09-19T15:05:45.8661294+09:00,0.0
2026-09-19T15:05:46.1622118+09:00,0.0
2026-09-19T15:05:46.4594273+09:00,0.0
2026-09-19T15:05:46.7261717+09:00,0.0
2026-09-19T15:05:47.0065261+09:00,0.0
2026-09-19T15:05:47.2942799+09:00,0.0
2026-09-19T15:05:47.5561128+09:00,0.0
2026-09-19T15:05:47.8355536+09:00,0.0
2026-09-19T15:05:48.1109677+09:00,0.0
2026-09-19T15:05:48.3959960+09:00,0.0
2026-09-19T15:05:48.6820328+09:00,0.0
2026-09-19T15:05:48.9649945+09:00,0.0
2026-09-19T15:05:49.2455764+09:00,0.0
2026-09-19T15:05:49.5068869+09:00,0.0
2026-09-19T15:05:49.7472676+09:00,0.0
2026-09-19T15:05:50.0229031+09:00,0.0
2026-09-19T15:05:50.3162367+09:00,0.0
2026-09-19T15:05:50.5958801+09:00,0.0
2026-09-19T15:05:50.9121254+09:00,0.0
2026-09-19T15:05:51.1882138+09:00,0.0
2026-09-19T15:05:51.4824151+09:00,0.0
2026-09-19T15:05:51.7473537+09:00,0.0
2026-09-19T15:05:52.0180239+09:00,0.0
2026-09-19T15:05:52.2727332+09:00,0.0
2026-09-19T15:05:52.5531118+09:00,0.0
2026-09-19T15:05:52.8510780+09:00,0.0
2026-09-19T15:05:53.1180702+09:00,0.0
2026-09-19T15:05:53.4323146+09:00,0.0
2026-09-19T15:05:53.6981941+09:00,0.0
2026-09-19T15:05:53.9773381+09:00,0.0
2026-09-19T15:05:54.2748104+09:00,0.0
2026-09-19T15:05:54.5452026+09:00,0.0
2026-09-19T15:05:54.8254231+09:00,0.0
2026-09-19T15:05:55.1055784+09:00,0.0
2026-09-19T15:05:55.3711357+09:00,0.0
2026-09-19T15:05:55.6492960+09:00,0.0
2026-09-19T15:05:55.9586614+09:00,0.0
2026-09-19T15:05:56.2282542+09:00,0.0
2026-09-19T15:05:56.5053690+09:00,0.0
2026-09-19T15:05:56.7871005+09:00,0.0
2026-09-19T15:05:57.0391804+09:00,0.0
2026-09-19T15:05:57.3332651+09:00,0.0
2026-09-19T15:05:57.6269604+09:00,0.0
2026-09-19T15:05:57.9171313+09:00,0.0
2026-09-19T15:05:58.1957603+09:00,0.0
2026-09-19T15:05:58.4692887+09:00,0.0
2026-09-19T15:05:58.7616954+09:00,0.0
2026-09-19T15:05:59.0295292+09:00,0.0
2026-09-19T15:05:59.2959648+09:00,0.0
2026-09-19T15:05:59.5419663+09:00,0.0
2026-09-19T15:05:59.8090197+09:00,0.0
2026-09-19T15:06:00.0708395+09:00,0.0
2026-09-19T15:06:00.3515798+09:00,0.0
2026-09-19T15:06:00.5874282+09:00,0.0
2026-09-19T15:06:00.8824190+09:00,0.0
2026-09-19T15:06:01.1642128+09:00,0.0
2026-09-19T15:06:01.4285580+09:00,0.0
2026-09-19T15:06:01.6981313+09:00,0.0
2026-09-19T15:06:01.9917780+09:00,0.0
2026-09-19T15:06:02.2722006+09:00,0.0
2026-09-19T15:06:02.5347213+09:00,0.0
2026-09-19T15:06:02.7678027+09:00,0.0
2026-09-19T15:06:03.0231716+09:00,0.0
2026-09-19T15:06:03.2769482+09:00,0.0
2026-09-19T15:06:03.5276203+09:00,0.0
2026-09-19T15:06:03.7770001+09:00,0.0
2026-09-19T15:06:04.0262613+09:00,0.0
2026-09-19T15:06:04.3243926+09:00,0.0
2026-09-19T15:06:04.5889446+09:00,0.0
2026-09-19T15:06:04.8552175+09:00,0.0
2026-09-19T15:06:05.0961982+09:00,0.0
2026-09-19T15:06:05.3302240+09:00,0.0
2026-09-19T15:06:05.5697033+09:00,0.0
2026-09-19T15:06:05.8339027+09:00,0.0
2026-09-19T15:06:06.0973889+09:00,0.0
2026-09-19T15:06:06.3454895+09:00,0.0
2026-09-19T15:06:06.6353334+09:00,0.0
2026-09-19T15:06:06.9060454+09:00,0.0
2026-09-19T15:06:07.2004468+09:00,0.0
2026-09-19T15:06:07.4950216+09:00,0.0
2026-09-19T15:06:07.7743082+09:00,0.0
2026-09-19T15:06:08.0533967+09:00,0.0
2026-09-19T15:06:08.3347905+09:00,0.0
2026-09-19T15:06:08.6025917+09:00,0.0
2026-09-19T15:06:08.8851481+09:00,0.0
2026-09-19T15:06:09.1498881+09:00,0.0
2026-09-19T15:06:09.4318774+09:00,0.0
2026-09-19T15:06:09.7140456+09:00,0.0
2026-09-19T15:06:10.0222195+09:00,0.0
2026-09-19T15:06:10.2918270+09:00,0.0
2026-09-19T15:06:10.5650837+09:00,0.0
2026-09-19T15:06:10.8357691+09:00,0.0
2026-09-19T15:06:11.1191048+09:00,0.0
2026-09-19T15:06:11.4166900+09:00,0.0
2026-09-19T15:06:11.6959129+09:00,0.0
2026-09-19T15:06:11.9773950+09:00,0.0
2026-09-19T15:06:12.2569333+09:00,0.0
2026-09-19T15:06:12.5370348+09:00,0.0
2026-09-19T15:06:12.8501790+09:00,0.0
2026-09-19T15:06:13.1310001+09:00,0.0
2026-09-19T15:06:13.3956761+09:00,0.0
2026-09-19T15:06:13.6650137+09:00,0.0
2026-09-19T15:06:13.9480354+09:00,0.0
2026-09-19T15:06:14.2286182+09:00,0.0
2026-09-19T15:06:14.5391814+09:00,0.0
2026-09-19T15:06:14.8198576+09:00,0.0
2026-09-19T15:06:15.0661473+09:00,0.0
2026-09-19T15:06:15.3642863+09:00,0.0
2026-09-19T15:06:15.6324555+09:00,0.0
2026-09-19T15:06:15.9299587+09:00,0.0
2026-09-19T15:06:16.1966023+09:00,0.0
2026-09-19T15:06:16.4620760+09:00,0.0
2026-09-19T15:06:16.7740458+09:00,0.0
2026-09-19T15:06:17.0472832+09:00,0.0
2026-09-19T15:06:17.3429577+09:00,0.0
2026-09-19T15:06:17.6319928+09:00,0.0
2026-09-19T15:06:17.8965658+09:00,0.0
2026-09-19T15:06:18.1879630+09:00,0.0
2026-09-19T15:06:18.4746315+09:00,0.0
2026-09-19T15:06:18.7625476+09:00,0.0
2026-09-19T15:06:19.0406724+09:00,0.0
2026-09-19T15:06:19.3210144+09:00,0.0
2026-09-19T15:06:19.5885339+09:00,0.0
2026-09-19T15:06:19.8380284+09:00,0.0
2026-09-19T15:06:20.1637540+09:00,0.0
2026-09-19T15:06:20.4528502+09:00,0.0
2026-09-19T15:06:20.7457284+09:00,0.0
2026-09-19T15:06:21.0389770+09:00,0.0
2026-09-19T15:06:21.3347137+09:00,0.0
2026-09-19T15:06:21.6294959+09:00,0.0
2026-09-19T15:06:21.9247685+09:00,0.0
2026-09-19T15:06:22.2062259+09:00,0.0
2026-09-19T15:06:22.4895080+09:00,0.0
2026-09-19T15:06:22.7604853+09:00,0.0
2026-09-19T15:06:23.0250674+09:00,0.0
2026-09-19T15:06:23.3061333+09:00,0.0
2026-09-19T15:06:23.6145068+09:00,0.0
2026-09-19T15:06:23.8621630+09:00,0.0
2026-09-19T15:06:24.1447276+09:00,0.0
2026-09-19T15:06:24.4419448+09:00,0.0
2026-09-19T15:06:24.7270940+09:00,0.0
2026-09-19T15:06:25.0274991+09:00,0.0
2026-09-19T15:06:25.2927299+09:00,0.0
2026-09-19T15:06:25.5908929+09:00,0.0
2026-09-19T15:06:25.8731013+09:00,0.0
2026-09-19T15:06:26.1498317+09:00,0.0
2026-09-19T15:06:26.4318817+09:00,0.0
2026-09-19T15:06:26.7204286+09:00,0.0
2026-09-19T15:06:26.9933654+09:00,0.0
2026-09-19T15:06:27.2739306+09:00,0.0
2026-09-19T15:06:27.5526426+09:00,0.0
2026-09-19T15:06:27.8490129+09:00,0.0
2026-09-19T15:06:28.1310386+09:00,0.0
2026-09-19T15:06:28.4284223+09:00,0.0
2026-09-19T15:06:28.7225796+09:00,0.0
2026-09-19T15:06:29.0107441+09:00,0.0
2026-09-19T15:06:29.2926517+09:00,0.0
2026-09-19T15:06:29.5727086+09:00,0.0
2026-09-19T15:06:29.8527089+09:00,0.0
2026-09-19T15:06:30.1504307+09:00,0.0
2026-09-19T15:06:30.4006494+09:00,0.0
2026-09-19T15:06:30.6953875+09:00,0.0
2026-09-19T15:06:30.9970901+09:00,0.0
2026-09-19T15:06:31.2952419+09:00,0.0
2026-09-19T15:06:31.6197943+09:00,0.0
2026-09-19T15:06:31.9489631+09:00,0.0
2026-09-19T15:06:32.2788815+09:00,0.0
2026-09-19T15:06:32.5700881+09:00,0.0
2026-09-19T15:06:32.8179697+09:00,0.0
2026-09-19T15:06:33.0987327+09:00,0.0
2026-09-19T15:06:33.3675751+09:00,0.0
2026-09-19T15:06:33.6475841+09:00,0.0
2026-09-19T15:06:33.9380008+09:00,0.0
2026-09-19T15:06:34.2212758+09:00,0.0
2026-09-19T15:06:34.5052613+09:00,0.0
2026-09-19T15:06:34.7805339+09:00,0.0
2026-09-19T15:06:35.0719769+09:00,0.0
2026-09-19T15:06:35.3663790+09:00,0.0
2026-09-19T15:06:35.6481354+09:00,0.0
2026-09-19T15:06:35.9613072+09:00,0.0
2026-09-19T15:06:36.2389940+09:00,0.0
2026-09-19T15:06:36.5201154+09:00,0.0
2026-09-19T15:06:36.8168762+09:00,0.0
2026-09-19T15:06:37.0994119+09:00,0.0
2026-09-19T15:06:37.3953661+09:00,0.0
2026-09-19T15:06:37.6729977+09:00,0.0
2026-09-19T15:06:37.9473473+09:00,0.0
2026-09-19T15:06:38.2422202+09:00,0.0
2026-09-19T15:06:38.5400744+09:00,0.0
2026-09-19T15:06:38.8357763+09:00,0.0
2026-09-19T15:06:39.1250586+09:00,0.0
2026-09-19T15:06:39.3952241+09:00,0.0
2026-09-19T15:06:39.7106456+09:00,0.0
2026-09-19T15:06:39.9899797+09:00,0.0
2026-09-19T15:06:40.2750764+09:00,0.0
2026-09-19T15:06:40.5751785+09:00,0.0
2026-09-19T15:06:40.8709341+09:00,0.0
2026-09-19T15:06:41.1506920+09:00,0.0
2026-09-19T15:06:41.4437609+09:00,0.0
2026-09-19T15:06:41.7108493+09:00,0.0
2026-09-19T15:06:42.0070532+09:00,0.0
2026-09-19T15:06:42.2830304+09:00,0.0
2026-09-19T15:06:42.5570392+09:00,0.0
2026-09-19T15:06:42.8382926+09:00,0.0
2026-09-19T15:06:43.1032583+09:00,0.0
2026-09-19T15:06:43.3843185+09:00,0.0
2026-09-19T15:06:43.6664069+09:00,0.0
2026-09-19T15:06:43.9675604+09:00,0.0
2026-09-19T15:06:44.2628215+09:00,0.0
2026-09-19T15:06:44.5913472+09:00,0.0
2026-09-19T15:06:44.8394572+09:00,0.0
2026-09-19T15:06:45.1250585+09:00,0.0
2026-09-19T15:06:45.4035661+09:00,0.0
2026-09-19T15:06:45.7168090+09:00,0.0
2026-09-19T15:06:46.0165341+09:00,0.0
2026-09-19T15:06:46.2892842+09:00,0.0
2026-09-19T15:06:46.5843792+09:00,0.0
2026-09-19T15:06:46.8487915+09:00,0.0
2026-09-19T15:06:47.1320015+09:00,0.0
2026-09-19T15:06:47.4139325+09:00,0.0
2026-09-19T15:06:47.7074781+09:00,0.0
2026-09-19T15:06:47.9750990+09:00,0.0
2026-09-19T15:06:48.2333062+09:00,0.0
2026-09-19T15:06:48.4780443+09:00,0.0
2026-09-19T15:06:48.7717636+09:00,0.0
2026-09-19T15:06:49.0345719+09:00,0.0
2026-09-19T15:06:49.3171845+09:00,0.0
2026-09-19T15:06:49.5706693+09:00,0.0
2026-09-19T15:06:49.8123858+09:00,0.0
2026-09-19T15:06:50.0728954+09:00,0.0
2026-09-19T15:06:50.3512784+09:00,0.0
2026-09-19T15:06:50.6331438+09:00,0.0
2026-09-19T15:06:50.9119548+09:00,0.0
2026-09-19T15:06:51.1900376+09:00,0.0
2026-09-19T15:06:51.4649197+09:00,0.0
2026-09-19T15:06:51.7395363+09:00,0.0
2026-09-19T15:06:52.0252183+09:00,0.0
2026-09-19T15:06:52.3206226+09:00,0.0
2026-09-19T15:06:52.6291675+09:00,0.0
2026-09-19T15:06:52.9266915+09:00,0.0
2026-09-19T15:06:53.2101044+09:00,0.0
2026-09-19T15:06:53.4583605+09:00,0.0
2026-09-19T15:06:53.7455364+09:00,0.0
2026-09-19T15:06:54.0489988+09:00,0.0
2026-09-19T15:06:54.3360304+09:00,0.0
2026-09-19T15:06:54.6184032+09:00,0.0
2026-09-19T15:06:54.9161275+09:00,0.0
2026-09-19T15:06:55.1966624+09:00,0.0
2026-09-19T15:06:55.4354270+09:00,0.0
2026-09-19T15:06:55.7313361+09:00,0.0
2026-09-19T15:06:56.0128090+09:00,0.0
2026-09-19T15:06:56.2903564+09:00,0.0
2026-09-19T15:06:56.5701560+09:00,0.0
2026-09-19T15:06:56.8333422+09:00,0.0
2026-09-19T15:06:57.1059255+09:00,0.0
2026-09-19T15:06:57.3869019+09:00,0.0
2026-09-19T15:06:57.6816988+09:00,0.0
2026-09-19T15:06:57.9902246+09:00,0.0
2026-09-19T15:06:58.3029602+09:00,0.0
2026-09-19T15:06:58.5859131+09:00,0.0
2026-09-19T15:06:58.8690986+09:00,0.0
2026-09-19T15:06:59.1503130+09:00,0.0
2026-09-19T15:06:59.4295692+09:00,0.0
2026-09-19T15:06:59.7092903+09:00,0.0
2026-09-19T15:07:00.0080645+09:00,0.0
2026-09-19T15:07:00.3038268+09:00,0.0
2026-09-19T15:07:00.5705415+09:00,0.0
2026-09-19T15:07:00.8716722+09:00,0.0
2026-09-19T15:07:01.1441284+09:00,0.0
2026-09-19T15:07:01.4257720+09:00,0.0
2026-09-19T15:07:01.7227625+09:00,0.0
2026-09-19T15:07:02.0106264+09:00,0.0
2026-09-19T15:07:02.2910314+09:00,0.0
2026-09-19T15:07:02.5828691+09:00,0.0
2026-09-19T15:07:02.8969442+09:00,0.0
2026-09-19T15:07:03.1863830+09:00,0.0
2026-09-19T15:07:03.4514362+09:00,0.0
2026-09-19T15:07:03.7446581+09:00,0.0
2026-09-19T15:07:04.0320525+09:00,0.0
2026-09-19T15:07:04.3036220+09:00,0.0
2026-09-19T15:07:04.5706690+09:00,0.0
2026-09-19T15:07:04.8650289+09:00,0.0
2026-09-19T15:07:05.1460445+09:00,0.0
2026-09-19T15:07:05.4572701+09:00,0.0
2026-09-19T15:07:05.7394408+09:00,0.0
2026-09-19T15:07:06.0326177+09:00,0.0
2026-09-19T15:07:06.3201373+09:00,0.0
2026-09-19T15:07:06.5742872+09:00,0.0
2026-09-19T15:07:06.8551165+09:00,0.0
2026-09-19T15:07:07.1518219+09:00,0.0
2026-09-19T15:07:07.4327464+09:00,0.0
2026-09-19T15:07:07.7091639+09:00,0.0
2026-09-19T15:07:08.0030362+09:00,0.0
2026-09-19T15:07:08.2833330+09:00,0.0
2026-09-19T15:07:08.5362372+09:00,0.0
2026-09-19T15:07:08.8075931+09:00,0.0
2026-09-19T15:07:09.0759288+09:00,0.0
2026-09-19T15:07:09.3560308+09:00,0.0
2026-09-19T15:07:09.6337977+09:00,0.0
2026-09-19T15:07:09.9196191+09:00,0.0
2026-09-19T15:07:10.1984324+09:00,0.0
2026-09-19T15:07:10.4698475+09:00,0.0
2026-09-19T15:07:10.7505328+09:00,0.0
2026-09-19T15:07:11.0281782+09:00,0.0
2026-09-19T15:07:11.2919911+09:00,0.0
2026-09-19T15:07:11.5697648+09:00,0.0
2026-09-19T15:07:11.8513453+09:00,0.0
2026-09-19T15:07:12.1634728+09:00,0.0
2026-09-19T15:07:12.4565871+09:00,0.0
2026-09-19T15:07:12.7311989+09:00,0.0
2026-09-19T15:07:12.9974411+09:00,0.0
2026-09-19T15:07:13.2764888+09:00,0.0
2026-09-19T15:07:13.5640926+09:00,0.0
2026-09-19T15:07:13.8671155+09:00,0.0
2026-09-19T15:07:14.1475042+09:00,0.0
2026-09-19T15:07:14.4445762+09:00,0.0
2026-09-19T15:07:14.7422383+09:00,0.0
2026-09-19T15:07:15.0121380+09:00,0.0
2026-09-19T15:07:15.2593089+09:00,0.0
2026-09-19T15:07:15.5297486+09:00,0.0
2026-09-19T15:07:15.8119545+09:00,0.0
2026-09-19T15:07:16.0901599+09:00,0.0
2026-09-19T15:07:16.3712629+09:00,0.0
2026-09-19T15:07:16.6670388+09:00,0.0
2026-09-19T15:07:16.9827235+09:00,0.0
2026-09-19T15:07:17.2500278+09:00,0.0
2026-09-19T15:07:17.5415770+09:00,0.0
2026-09-19T15:07:17.8504154+09:00,0.0
2026-09-19T15:07:18.1332222+09:00,0.0
2026-09-19T15:07:18.3804972+09:00,0.0
2026-09-19T15:07:18.6325133+09:00,0.0
2026-09-19T15:07:18.9216714+09:00,0.0
2026-09-19T15:07:19.1958462+09:00,0.0
2026-09-19T15:07:19.4836226+09:00,0.0
2026-09-19T15:07:19.7633410+09:00,0.0
2026-09-19T15:07:20.0445265+09:00,0.0
2026-09-19T15:07:20.3451250+09:00,0.0
2026-09-19T15:07:20.6468620+09:00,0.0
2026-09-19T15:07:20.9487456+09:00,0.0
2026-09-19T15:07:21.2289849+09:00,0.0
2026-09-19T15:07:21.4954933+09:00,0.0
2026-09-19T15:07:21.7929814+09:00,0.0
2026-09-19T15:07:22.0857916+09:00,0.0
2026-09-19T15:07:22.3657997+09:00,0.0
2026-09-19T15:07:22.6428881+09:00,0.0
2026-09-19T15:07:22.9229942+09:00,0.0
2026-09-19T15:07:23.2061368+09:00,0.0
2026-09-19T15:07:23.4837479+09:00,0.0
2026-09-19T15:07:23.7526902+09:00,0.0
2026-09-19T15:07:24.0270600+09:00,0.0
2026-09-19T15:07:24.2925211+09:00,0.0
2026-09-19T15:07:24.5880219+09:00,0.0
2026-09-19T15:07:24.9111346+09:00,0.0
2026-09-19T15:07:25.2333315+09:00,0.0
2026-09-19T15:07:25.5070013+09:00,0.0
2026-09-19T15:07:25.7752972+09:00,0.0
2026-09-19T15:07:26.0622484+09:00,0.0
2026-09-19T15:07:26.3445189+09:00,0.0
2026-09-19T15:07:26.6235101+09:00,0.0
2026-09-19T15:07:26.9026048+09:00,0.0
2026-09-19T15:07:27.1845087+09:00,0.0
2026-09-19T15:07:27.4532714+09:00,0.0
2026-09-19T15:07:27.7313711+09:00,0.0
2026-09-19T15:07:28.0000442+09:00,0.0
2026-09-19T15:07:28.2852435+09:00,0.0
2026-09-19T15:07:28.5609406+09:00,0.0
2026-09-19T15:07:28.8386825+09:00,0.0
2026-09-19T15:07:29.0837744+09:00,0.0
2026-09-19T15:07:29.3670379+09:00,0.0
2026-09-19T15:07:29.6528396+09:00,0.0
2026-09-19T15:07:29.9314791+09:00,0.0
2026-09-19T15:07:30.2098250+09:00,0.0
2026-09-19T15:07:30.5038880+09:00,0.0
2026-09-19T15:07:30.7534605+09:00,0.0
2026-09-19T15:07:31.0344950+09:00,0.0
2026-09-19T15:07:31.3151057+09:00,0.0
2026-09-19T15:07:31.6085269+09:00,0.0
2026-09-19T15:07:31.8857577+09:00,0.0
2026-09-19T15:07:32.1539082+09:00,0.0
2026-09-19T15:07:32.4326682+09:00,0.0
2026-09-19T15:07:32.7292042+09:00,0.0
2026-09-19T15:07:33.0265026+09:00,0.0
2026-09-19T15:07:33.2919554+09:00,0.0
2026-09-19T15:07:33.5712989+09:00,0.0
2026-09-19T15:07:33.8514639+09:00,0.0
2026-09-19T15:07:34.1351814+09:00,0.0
2026-09-19T15:07:34.4343307+09:00,0.0
2026-09-19T15:07:34.7151245+09:00,0.0
2026-09-19T15:07:34.9977993+09:00,0.0
2026-09-19T15:07:35.2913785+09:00,0.0
2026-09-19T15:07:35.5669718+09:00,0.0
2026-09-19T15:07:35.8602867+09:00,0.0
2026-09-19T15:07:36.1366141+09:00,0.0
2026-09-19T15:07:36.3864913+09:00,0.0
2026-09-19T15:07:36.6536175+09:00,0.0
2026-09-19T15:07:36.9319041+09:00,0.0
2026-09-19T15:07:37.2185792+09:00,0.0
2026-09-19T15:07:37.4959736+09:00,0.0
2026-09-19T15:07:37.7764014+09:00,0.0
2026-09-19T15:07:38.0410874+09:00,0.0
2026-09-19T15:07:38.3227339+09:00,0.0
2026-09-19T15:07:38.5959146+09:00,0.0
2026-09-19T15:07:38.8857104+09:00,0.0
2026-09-19T15:07:39.1681184+09:00,0.0
2026-09-19T15:07:39.4775939+09:00,0.0
2026-09-19T15:07:39.7585501+09:00,0.0
2026-09-19T15:07:40.0517939+09:00,0.0
2026-09-19T15:07:40.3213356+09:00,0.0
2026-09-19T15:07:40.5912155+09:00,0.0
2026-09-19T15:07:40.8869329+09:00,0.0
2026-09-19T15:07:41.1834668+09:00,0.0
2026-09-19T15:07:41.4513755+09:00,0.0
2026-09-19T15:07:41.7339453+09:00,0.0
2026-09-19T15:07:42.0180918+09:00,0.0
2026-09-19T15:07:42.2633321+09:00,0.0
2026-09-19T15:07:42.4981674+09:00,0.0
2026-09-19T15:07:42.7480806+09:00,0.0
2026-09-19T15:07:43.0518342+09:00,0.0
2026-09-19T15:07:43.3354653+09:00,0.0
2026-09-19T15:07:43.6369497+09:00,0.0
2026-09-19T15:07:43.9153862+09:00,0.0
2026-09-19T15:07:44.2063328+09:00,0.0
2026-09-19T15:07:44.4832079+09:00,0.0
2026-09-19T15:07:44.7764839+09:00,0.0
2026-09-19T15:07:45.0536560+09:00,0.0
2026-09-19T15:07:45.3240972+09:00,0.0
2026-09-19T15:07:45.6037207+09:00,0.0
2026-09-19T15:07:45.8552851+09:00,0.0
2026-09-19T15:07:46.1351156+09:00,0.0
2026-09-19T15:07:46.4007122+09:00,0.0
2026-09-19T15:07:46.6658507+09:00,0.0
2026-09-19T15:07:46.9467828+09:00,0.0
2026-09-19T15:07:47.1881009+09:00,0.0
2026-09-19T15:07:47.4687690+09:00,0.0
2026-09-19T15:07:47.8102342+09:00,0.0
2026-09-19T15:07:48.0795938+09:00,0.0
2026-09-19T15:07:48.3522228+09:00,0.0
2026-09-19T15:07:48.6212704+09:00,0.0
2026-09-19T15:07:48.9014640+09:00,0.0
2026-09-19T15:07:49.1975474+09:00,0.0
2026-09-19T15:07:49.4903920+09:00,0.0
2026-09-19T15:07:49.7677602+09:00,0.0
2026-09-19T15:07:50.0431509+09:00,0.0
2026-09-19T15:07:50.3412110+09:00,0.0
2026-09-19T15:07:50.6192464+09:00,0.0
2026-09-19T15:07:50.9006904+09:00,0.0
2026-09-19T15:07:51.1679214+09:00,0.0
2026-09-19T15:07:51.4495081+09:00,0.0
2026-09-19T15:07:51.7303981+09:00,0.0
2026-09-19T15:07:52.0289071+09:00,0.0
2026-09-19T15:07:52.3091614+09:00,0.0
2026-09-19T15:07:52.5768931+09:00,0.0
2026-09-19T15:07:52.8510551+09:00,0.0
2026-09-19T15:07:53.1323331+09:00,0.0
2026-09-19T15:07:53.4127786+09:00,0.0
2026-09-19T15:07:53.6911129+09:00,0.0
2026-09-19T15:07:53.9676268+09:00,0.0
2026-09-19T15:07:54.2566202+09:00,0.0
2026-09-19T15:07:54.5271842+09:00,0.0
2026-09-19T15:07:54.7915183+09:00,0.0
2026-09-19T15:07:55.0694512+09:00,0.0
2026-09-19T15:07:55.3525838+09:00,0.0
2026-09-19T15:07:55.5908928+09:00,0.0
2026-09-19T15:07:55.8865559+09:00,0.0
2026-09-19T15:07:56.1671007+09:00,0.0
2026-09-19T15:07:56.4336980+09:00,0.0
2026-09-19T15:07:56.7042842+09:00,0.0
2026-09-19T15:07:56.9998485+09:00,0.0
2026-09-19T15:07:57.2687917+09:00,0.0
2026-09-19T15:07:57.5492593+09:00,0.0
2026-09-19T15:07:57.8331483+09:00,0.0
2026-09-19T15:07:58.1242403+09:00,0.0
2026-09-19T15:07:58.4517774+09:00,0.0
2026-09-19T15:07:58.7324547+09:00,0.0
2026-09-19T15:07:59.0491534+09:00,0.0
2026-09-19T15:07:59.3420135+09:00,0.0
2026-09-19T15:07:59.6205946+09:00,0.0
2026-09-19T15:07:59.9158938+09:00,0.0
2026-09-19T15:08:00.2005026+09:00,0.0
2026-09-19T15:08:00.4750062+09:00,0.0
2026-09-19T15:08:00.7547256+09:00,0.0
2026-09-19T15:08:01.0539084+09:00,0.0
2026-09-19T15:08:01.3343558+09:00,0.0
2026-09-19T15:08:01.6204356+09:00,0.0
2026-09-19T15:08:01.8840368+09:00,0.0
2026-09-19T15:08:02.1662375+09:00,0.0
2026-09-19T15:08:02.4287156+09:00,0.0
2026-09-19T15:08:02.7358172+09:00,0.0
2026-09-19T15:08:03.0285807+09:00,0.0
2026-09-19T15:08:03.3169114+09:00,0.0
2026-09-19T15:08:03.5610524+09:00,0.0
2026-09-19T15:08:03.8251109+09:00,0.0
2026-09-19T15:08:04.1352209+09:00,0.0
2026-09-19T15:08:04.4031480+09:00,0.0
2026-09-19T15:08:04.6849555+09:00,0.0
2026-09-19T15:08:04.9663734+09:00,0.0
2026-09-19T15:08:05.2765715+09:00,0.0
2026-09-19T15:08:05.5704277+09:00,0.0
2026-09-19T15:08:05.8536483+09:00,0.0
2026-09-19T15:08:06.1485827+09:00,0.0
2026-09-19T15:08:06.4427925+09:00,0.0
2026-09-19T15:08:06.7175994+09:00,0.0
2026-09-19T15:08:07.0132216+09:00,0.0
2026-09-19T15:08:07.2973248+09:00,0.0
2026-09-19T15:08:07.5701187+09:00,0.0
2026-09-19T15:08:07.8353540+09:00,0.0
2026-09-19T15:08:08.1061317+09:00,0.0
2026-09-19T15:08:08.3871620+09:00,0.0
2026-09-19T15:08:08.6826586+09:00,0.0
2026-09-19T15:08:08.9690401+09:00,0.0
2026-09-19T15:08:09.2682776+09:00,0.0
2026-09-19T15:08:09.5814990+09:00,0.0
2026-09-19T15:08:09.8775789+09:00,0.0
2026-09-19T15:08:10.1746629+09:00,0.0
2026-09-19T15:08:10.4541696+09:00,0.0
2026-09-19T15:08:10.7205230+09:00,0.0
2026-09-19T15:08:11.0011809+09:00,0.0
2026-09-19T15:08:11.3270429+09:00,0.0
2026-09-19T15:08:11.5986934+09:00,0.0
2026-09-19T15:08:11.8720079+09:00,0.0
2026-09-19T15:08:12.1631178+09:00,0.0
2026-09-19T15:08:12.4354981+09:00,0.0
2026-09-19T15:08:12.7311003+09:00,0.0
2026-09-19T15:08:13.0345849+09:00,0.0
2026-09-19T15:08:13.3266311+09:00,0.0
2026-09-19T15:08:13.6059118+09:00,0.0
2026-09-19T15:08:13.8867651+09:00,0.0
2026-09-19T15:08:14.1699296+09:00,0.0
2026-09-19T15:08:14.4375345+09:00,0.0
2026-09-19T15:08:14.7159740+09:00,0.0
2026-09-19T15:08:15.0062996+09:00,0.0
2026-09-19T15:08:15.2735710+09:00,0.0
2026-09-19T15:08:15.5609487+09:00,0.0
2026-09-19T15:08:15.8392597+09:00,0.0
2026-09-19T15:08:16.1316165+09:00,0.0
2026-09-19T15:08:16.4080929+09:00,0.0
2026-09-19T15:08:16.6958761+09:00,0.0
2026-09-19T15:08:16.9587719+09:00,0.0
2026-09-19T15:08:17.2696125+09:00,0.0
2026-09-19T15:08:17.5378545+09:00,0.0
2026-09-19T15:08:17.8642681+09:00,0.0
2026-09-19T15:08:18.1544067+09:00,0.0
2026-09-19T15:08:18.4370001+09:00,0.0
2026-09-19T15:08:18.7171897+09:00,0.0
2026-09-19T15:08:19.0296346+09:00,0.0
2026-09-19T15:08:19.3251049+09:00,0.0
2026-09-19T15:08:19.6216541+09:00,0.0
2026-09-19T15:08:19.9014689+09:00,0.0
2026-09-19T15:08:20.1862526+09:00,0.0
2026-09-19T15:08:20.4913134+09:00,0.0
2026-09-19T15:08:20.7712346+09:00,0.0
2026-09-19T15:08:21.0347112+09:00,0.0
2026-09-19T15:08:21.3654198+09:00,0.0
2026-09-19T15:08:21.6448160+09:00,0.0
2026-09-19T15:08:21.9248991+09:00,0.0
2026-09-19T15:08:22.2143394+09:00,0.0
2026-09-19T15:08:22.4832898+09:00,0.0
2026-09-19T15:08:22.7612125+09:00,0.0
2026-09-19T15:08:23.0538627+09:00,0.0
2026-09-19T15:08:23.3369477+09:00,0.0
2026-09-19T15:08:23.6377317+09:00,0.0
2026-09-19T15:08:23.9208345+09:00,0.0
2026-09-19T15:08:24.2005199+09:00,0.0
2026-09-19T15:08:24.4550467+09:00,0.0
2026-09-19T15:08:24.7177554+09:00,0.0
2026-09-19T15:08:25.0050793+09:00,0.0
2026-09-19T15:08:25.3020774+09:00,0.0
2026-09-19T15:08:25.5768292+09:00,0.0
2026-09-19T15:08:25.8607837+09:00,0.0
2026-09-19T15:08:26.1409810+09:00,0.0
2026-09-19T15:08:26.4545476+09:00,0.0
2026-09-19T15:08:26.7115949+09:00,0.0
2026-09-19T15:08:26.9973157+09:00,0.0
2026-09-19T15:08:27.2749834+09:00,0.0
2026-09-19T15:08:27.5529710+09:00,0.0
2026-09-19T15:08:27.8317625+09:00,0.0
2026-09-19T15:08:28.1011711+09:00,0.0
2026-09-19T15:08:28.3705616+09:00,0.0
2026-09-19T15:08:28.6537496+09:00,0.0
2026-09-19T15:08:28.9294390+09:00,0.0
2026-09-19T15:08:29.2077799+09:00,0.0
2026-09-19T15:08:29.4883589+09:00,0.0
2026-09-19T15:08:29.7701074+09:00,0.0
2026-09-19T15:08:30.0595381+09:00,0.0
2026-09-19T15:08:30.3419432+09:00,0.0
2026-09-19T15:08:30.6214428+09:00,0.0
2026-09-19T15:08:30.8840729+09:00,0.0
2026-09-19T15:08:31.1323167+09:00,0.0
2026-09-19T15:08:31.4308110+09:00,0.0
2026-09-19T15:08:31.6975564+09:00,0.0
2026-09-19T15:08:31.9877637+09:00,0.0
2026-09-19T15:08:32.2614068+09:00,0.0
2026-09-19T15:08:32.5169493+09:00,0.0
2026-09-19T15:08:32.7946633+09:00,0.0
2026-09-19T15:08:33.0925035+09:00,0.0
2026-09-19T15:08:33.3888279+09:00,0.0
2026-09-19T15:08:33.6634649+09:00,0.0
2026-09-19T15:08:33.9540030+09:00,0.0
2026-09-19T15:08:34.2323663+09:00,0.0
2026-09-19T15:08:34.5096462+09:00,0.0
2026-09-19T15:08:34.8056547+09:00,0.0
2026-09-19T15:08:35.0564339+09:00,0.0
2026-09-19T15:08:35.3548600+09:00,0.0
2026-09-19T15:08:35.6211015+09:00,0.0
2026-09-19T15:08:35.9136839+09:00,0.0
2026-09-19T15:08:36.2110985+09:00,0.0
2026-09-19T15:08:36.4899080+09:00,0.0
2026-09-19T15:08:36.7712788+09:00,0.0
2026-09-19T15:08:37.0501694+09:00,0.0
2026-09-19T15:08:37.3300079+09:00,0.0
2026-09-19T15:08:37.5780535+09:00,0.0
2026-09-19T15:08:37.8549062+09:00,0.0
2026-09-19T15:08:38.1331866+09:00,0.0
2026-09-19T15:08:38.4126956+09:00,0.0
2026-09-19T15:08:38.6865848+09:00,0.0
2026-09-19T15:08:38.9713015+09:00,0.0
2026-09-19T15:08:39.2607340+09:00,0.0
2026-09-19T15:08:39.5317186+09:00,0.0
2026-09-19T15:08:39.8137689+09:00,0.0
2026-09-19T15:08:40.1236396+09:00,0.0
2026-09-19T15:08:40.4037235+09:00,0.0
2026-09-19T15:08:40.6935889+09:00,0.0
2026-09-19T15:08:40.9706559+09:00,0.0
2026-09-19T15:08:41.2493291+09:00,0.0
2026-09-19T15:08:41.5290405+09:00,0.0
2026-09-19T15:08:41.7644221+09:00,0.0
2026-09-19T15:08:42.0378370+09:00,0.0
2026-09-19T15:08:42.3088869+09:00,0.0
2026-09-19T15:08:42.5786724+09:00,0.0
2026-09-19T15:08:42.8746141+09:00,0.0
2026-09-19T15:08:43.1370299+09:00,0.0
2026-09-19T15:08:43.4140088+09:00,0.0
2026-09-19T15:08:43.6777804+09:00,0.0
2026-09-19T15:08:43.9735775+09:00,0.0
2026-09-19T15:08:44.2214472+09:00,0.0
2026-09-19T15:08:44.5136012+09:00,0.0
2026-09-19T15:08:44.8188212+09:00,0.0
2026-09-19T15:08:45.1042558+09:00,0.0
2026-09-19T15:08:45.3577321+09:00,0.0
2026-09-19T15:08:45.6097007+09:00,0.0
2026-09-19T15:08:45.8754938+09:00,0.0
2026-09-19T15:08:46.1265417+09:00,0.0
2026-09-19T15:08:46.4398084+09:00,0.0
2026-09-19T15:08:46.7266770+09:00,0.0
2026-09-19T15:08:47.0071454+09:00,0.0
2026-09-19T15:08:47.2866800+09:00,0.0
2026-09-19T15:08:47.5698406+09:00,0.0
2026-09-19T15:08:47.8622193+09:00,0.0
2026-09-19T15:08:48.1335086+09:00,0.0
2026-09-19T15:08:48.4022200+09:00,0.0
2026-09-19T15:08:48.6823214+09:00,0.0
2026-09-19T15:08:48.9794043+09:00,0.0
2026-09-19T15:08:49.2927000+09:00,0.0
2026-09-19T15:08:49.5738107+09:00,0.0
2026-09-19T15:08:49.8534832+09:00,0.0
2026-09-19T15:08:50.1392777+09:00,0.0
2026-09-19T15:08:50.3881263+09:00,0.0
2026-09-19T15:08:50.6687467+09:00,0.0
2026-09-19T15:08:50.9489629+09:00,0.0
2026-09-19T15:08:51.2155957+09:00,0.0
2026-09-19T15:08:51.4850057+09:00,0.0
2026-09-19T15:08:51.7797889+09:00,0.0
2026-09-19T15:08:52.0764848+09:00,0.0
2026-09-19T15:08:52.3899380+09:00,0.0
2026-09-19T15:08:52.6534662+09:00,0.0
2026-09-19T15:08:52.9543960+09:00,0.0
2026-09-19T15:08:53.2353047+09:00,0.0
2026-09-19T15:08:53.5109368+09:00,0.0
2026-09-19T15:08:53.7593916+09:00,0.0
2026-09-19T15:08:54.0400330+09:00,0.0
2026-09-19T15:08:54.3360104+09:00,0.0
2026-09-19T15:08:54.6024811+09:00,0.0
2026-09-19T15:08:54.8832569+09:00,0.0
2026-09-19T15:08:55.1666894+09:00,0.0
2026-09-19T15:08:55.4552228+09:00,0.0
2026-09-19T15:08:55.7497625+09:00,0.0
2026-09-19T15:08:56.0620236+09:00,0.0
2026-09-19T15:08:56.3593079+09:00,0.0
2026-09-19T15:08:56.6684799+09:00,0.0
2026-09-19T15:08:56.9488787+09:00,0.0
2026-09-19T15:08:57.2301909+09:00,0.0
2026-09-19T15:08:57.5188679+09:00,0.0
2026-09-19T15:08:57.7961528+09:00,0.0
2026-09-19T15:08:58.0970161+09:00,0.0
2026-09-19T15:08:58.3854650+09:00,0.0
2026-09-19T15:08:58.6354742+09:00,0.0
2026-09-19T15:08:58.9332528+09:00,0.0
2026-09-19T15:08:59.2055772+09:00,0.0
2026-09-19T15:08:59.5098773+09:00,0.0
2026-09-19T15:08:59.7890254+09:00,0.0
2026-09-19T15:09:00.0691117+09:00,0.0
2026-09-19T15:09:00.3495541+09:00,0.0
2026-09-19T15:09:00.6490444+09:00,0.0
2026-09-19T15:09:00.9294017+09:00,0.0
2026-09-19T15:09:01.2201276+09:00,0.0
2026-09-19T15:09:01.4851108+09:00,0.0
2026-09-19T15:09:01.7989941+09:00,0.0
2026-09-19T15:09:02.0792794+09:00,0.0
2026-09-19T15:09:02.3616792+09:00,0.0
2026-09-19T15:09:02.6700723+09:00,0.0
2026-09-19T15:09:02.9553095+09:00,0.0
2026-09-19T15:09:03.2360386+09:00,0.0
2026-09-19T15:09:03.5442632+09:00,0.0
2026-09-19T15:09:03.8238072+09:00,0.0
2026-09-19T15:09:04.1229942+09:00,0.0
2026-09-19T15:09:04.4079937+09:00,0.0
2026-09-19T15:09:04.6909715+09:00,0.0
2026-09-19T15:09:04.9905533+09:00,0.0
2026-09-19T15:09:05.2694970+09:00,0.0
2026-09-19T15:09:05.5321881+09:00,0.0
2026-09-19T15:09:05.8125431+09:00,0.0
2026-09-19T15:09:06.0919451+09:00,0.0
2026-09-19T15:09:06.4066216+09:00,0.0
2026-09-19T15:09:06.7213948+09:00,0.0
2026-09-19T15:09:07.0063062+09:00,0.0
2026-09-19T15:09:07.3017885+09:00,0.0
2026-09-19T15:09:07.5977431+09:00,0.0
2026-09-19T15:09:07.8910001+09:00,0.0
2026-09-19T15:09:08.1731858+09:00,0.0
2026-09-19T15:09:08.4552172+09:00,0.0
2026-09-19T15:09:08.7542042+09:00,0.0
2026-09-19T15:09:09.0494252+09:00,0.0
2026-09-19T15:09:09.3318450+09:00,0.0
2026-09-19T15:09:09.6199699+09:00,0.0
2026-09-19T15:09:09.9022844+09:00,0.0
2026-09-19T15:09:10.1724734+09:00,0.0
2026-09-19T15:09:10.4585698+09:00,0.0
2026-09-19T15:09:10.7451406+09:00,0.0
2026-09-19T15:09:11.0475669+09:00,0.0
2026-09-19T15:09:11.3290247+09:00,0.0
2026-09-19T15:09:11.6403316+09:00,0.0
2026-09-19T15:09:11.8911587+09:00,0.0
2026-09-19T15:09:12.1701305+09:00,0.0
2026-09-19T15:09:12.4828639+09:00,0.0
2026-09-19T15:09:12.7771409+09:00,0.0
2026-09-19T15:09:13.0738349+09:00,0.0
2026-09-19T15:09:13.3533990+09:00,0.0
2026-09-19T15:09:13.6656925+09:00,0.0
2026-09-19T15:09:13.9720982+09:00,0.0
2026-09-19T15:09:14.2673751+09:00,0.0
2026-09-19T15:09:14.5630379+09:00,0.0
2026-09-19T15:09:14.8547979+09:00,0.0
2026-09-19T15:09:15.1413159+09:00,0.0
2026-09-19T15:09:15.4241326+09:00,0.0
2026-09-19T15:09:15.7218082+09:00,0.0
2026-09-19T15:09:16.0310207+09:00,0.0
2026-09-19T15:09:16.2795849+09:00,0.0
2026-09-19T15:09:16.5567040+09:00,0.0
2026-09-19T15:09:16.8216609+09:00,0.0
2026-09-19T15:09:17.1204396+09:00,0.0
2026-09-19T15:09:17.3966605+09:00,0.0
2026-09-19T15:09:17.6938385+09:00,0.0
2026-09-19T15:09:18.0021053+09:00,0.0
2026-09-19T15:09:18.2801260+09:00,0.0
2026-09-19T15:09:18.5693380+09:00,0.0
2026-09-19T15:09:18.8524200+09:00,0.0
2026-09-19T15:09:19.1229732+09:00,0.0
2026-09-19T15:09:19.3724716+09:00,0.0
2026-09-19T15:09:19.6520052+09:00,0.0
2026-09-19T15:09:19.9167428+09:00,0.0
2026-09-19T15:09:20.1981718+09:00,0.0
2026-09-19T15:09:20.4882871+09:00,0.0
2026-09-19T15:09:20.7592100+09:00,0.0
2026-09-19T15:09:21.0347580+09:00,0.0
2026-09-19T15:09:21.3149420+09:00,0.0
2026-09-19T15:09:21.5949910+09:00,0.0
2026-09-19T15:09:21.8443641+09:00,0.0
2026-09-19T15:09:22.1416640+09:00,0.0
2026-09-19T15:09:22.4382704+09:00,0.0
2026-09-19T15:09:22.7392417+09:00,0.0
2026-09-19T15:09:23.0198894+09:00,0.0
2026-09-19T15:09:23.3010540+09:00,0.0
2026-09-19T15:09:23.5730330+09:00,0.0
2026-09-19T15:09:23.8881857+09:00,0.0
2026-09-19T15:09:24.1651774+09:00,0.0
2026-09-19T15:09:24.4990018+09:00,0.0
2026-09-19T15:09:24.7775051+09:00,0.0
2026-09-19T15:09:25.0492727+09:00,0.0
2026-09-19T15:09:25.3281077+09:00,0.0
2026-09-19T15:09:25.5944709+09:00,0.0
2026-09-19T15:09:25.8739002+09:00,0.0
2026-09-19T15:09:26.1379410+09:00,0.0
2026-09-19T15:09:26.4057839+09:00,0.0
2026-09-19T15:09:26.7053681+09:00,0.0
2026-09-19T15:09:26.9719853+09:00,0.0
2026-09-19T15:09:27.2549217+09:00,0.0
2026-09-19T15:09:27.4932499+09:00,0.0
2026-09-19T15:09:27.7737012+09:00,0.0
2026-09-19T15:09:28.0804642+09:00,0.0
2026-09-19T15:09:28.3619143+09:00,0.0
2026-09-19T15:09:28.6584887+09:00,0.0
2026-09-19T15:09:28.9392232+09:00,0.0
2026-09-19T15:09:29.2226835+09:00,0.0
2026-09-19T15:09:29.5015004+09:00,0.0
2026-09-19T15:09:29.7664856+09:00,0.0
2026-09-19T15:09:30.0664413+09:00,0.0
2026-09-19T15:09:30.3448721+09:00,0.0
2026-09-19T15:09:30.6494870+09:00,0.0
2026-09-19T15:09:30.9398497+09:00,0.0
2026-09-19T15:09:31.2108881+09:00,0.0
2026-09-19T15:09:31.4912914+09:00,0.0
2026-09-19T15:09:31.7783787+09:00,0.0
2026-09-19T15:09:32.0813421+09:00,0.0
2026-09-19T15:09:32.3629443+09:00,0.0
2026-09-19T15:09:32.6576752+09:00,0.0
2026-09-19T15:09:32.9081222+09:00,0.0
2026-09-19T15:09:33.1955882+09:00,0.0
2026-09-19T15:09:33.4714564+09:00,0.0
2026-09-19T15:09:33.7641886+09:00,0.0
2026-09-19T15:09:34.0286557+09:00,0.0
2026-09-19T15:09:34.3170002+09:00,0.0
2026-09-19T15:09:34.6302093+09:00,0.0
2026-09-19T15:09:34.9096621+09:00,0.0
2026-09-19T15:09:35.2049795+09:00,0.0
2026-09-19T15:09:35.4905259+09:00,0.0
2026-09-19T15:09:35.7659354+09:00,0.0
2026-09-19T15:09:36.0527794+09:00,0.0
2026-09-19T15:09:36.3338357+09:00,0.0
2026-09-19T15:09:36.6440255+09:00,0.0
2026-09-19T15:09:36.9251683+09:00,0.0
2026-09-19T15:09:37.1755357+09:00,0.0
2026-09-19T15:09:37.4725995+09:00,0.0
2026-09-19T15:09:37.7684178+09:00,0.0
2026-09-19T15:09:38.0723499+09:00,0.0
2026-09-19T15:09:38.3446532+09:00,0.0
2026-09-19T15:09:38.6533568+09:00,0.0
2026-09-19T15:09:38.9337666+09:00,0.0
2026-09-19T15:09:39.2162622+09:00,0.0
2026-09-19T15:09:39.4582262+09:00,0.0
2026-09-19T15:09:39.7441736+09:00,0.0
2026-09-19T15:09:40.0211675+09:00,0.0
2026-09-19T15:09:40.2919792+09:00,0.0
2026-09-19T15:09:40.5819926+09:00,0.0
2026-09-19T15:09:40.8608419+09:00,0.0
2026-09-19T15:09:41.1393347+09:00,0.0
2026-09-19T15:09:41.4415310+09:00,0.0
2026-09-19T15:09:41.7247271+09:00,0.0
2026-09-19T15:09:41.9818241+09:00,0.0
2026-09-19T15:09:42.2579135+09:00,0.0
2026-09-19T15:09:42.5476837+09:00,0.0
2026-09-19T15:09:42.8431149+09:00,0.0
2026-09-19T15:09:43.1179488+09:00,0.0
2026-09-19T15:09:43.4017163+09:00,0.0
2026-09-19T15:09:43.6880460+09:00,0.0
2026-09-19T15:09:43.9748810+09:00,0.0
2026-09-19T15:09:44.2583401+09:00,0.0
2026-09-19T15:09:44.5207546+09:00,0.0
2026-09-19T15:09:44.7998088+09:00,0.0
2026-09-19T15:09:45.0815680+09:00,0.0
2026-09-19T15:09:45.4092726+09:00,0.0
2026-09-19T15:09:45.6906797+09:00,0.0
2026-09-19T15:09:46.0066597+09:00,0.0
2026-09-19T15:09:46.2886779+09:00,0.0
2026-09-19T15:09:46.5843779+09:00,0.0
2026-09-19T15:09:46.8651560+09:00,0.0
2026-09-19T15:09:47.1245781+09:00,0.0
2026-09-19T15:09:47.3866159+09:00,0.0
2026-09-19T15:09:47.6695559+09:00,0.0
2026-09-19T15:09:47.9626527+09:00,0.0
2026-09-19T15:09:48.2450791+09:00,0.0
2026-09-19T15:09:48.4899837+09:00,0.0
2026-09-19T15:09:48.7712499+09:00,0.0
2026-09-19T15:09:49.0575336+09:00,0.0
2026-09-19T15:09:49.3373103+09:00,0.0
2026-09-19T15:09:49.6174779+09:00,0.0
2026-09-19T15:09:49.8891784+09:00,0.0
2026-09-19T15:09:50.1576553+09:00,0.0
2026-09-19T15:09:50.4236357+09:00,0.0
2026-09-19T15:09:50.7044247+09:00,0.0
2026-09-19T15:09:51.0048537+09:00,0.0
2026-09-19T15:09:51.2999861+09:00,0.0
2026-09-19T15:09:51.5994025+09:00,0.0
2026-09-19T15:09:51.8784748+09:00,0.0
2026-09-19T15:09:52.1588621+09:00,0.0
2026-09-19T15:09:52.4408280+09:00,0.0
2026-09-19T15:09:52.7185617+09:00,0.0
2026-09-19T15:09:53.0163666+09:00,0.0
2026-09-19T15:09:53.2960539+09:00,0.0
2026-09-19T15:09:53.5772898+09:00,0.0
2026-09-19T15:09:53.8690118+09:00,0.0
2026-09-19T15:09:54.1646149+09:00,0.0
2026-09-19T15:09:54.4578629+09:00,0.0
2026-09-19T15:09:54.7537344+09:00,0.0
2026-09-19T15:09:55.0808433+09:00,0.0
2026-09-19T15:09:55.3621876+09:00,0.0
2026-09-19T15:09:55.6439623+09:00,0.0
2026-09-19T15:09:55.9341157+09:00,0.0
2026-09-19T15:09:56.2094975+09:00,0.0
2026-09-19T15:09:56.4774293+09:00,0.0
2026-09-19T15:09:56.7443819+09:00,0.0
2026-09-19T15:09:57.0278023+09:00,0.0
2026-09-19T15:09:57.2925223+09:00,0.0
2026-09-19T15:09:57.5709551+09:00,0.0
2026-09-19T15:09:57.8651355+09:00,0.0
2026-09-19T15:09:58.1483367+09:00,0.0
2026-09-19T15:09:58.4436328+09:00,0.0
2026-09-19T15:09:58.7252657+09:00,0.0
2026-09-19T15:09:59.0063779+09:00,0.0
2026-09-19T15:09:59.3121913+09:00,0.0
2026-09-19T15:09:59.5933814+09:00,0.0
2026-09-19T15:09:59.8798935+09:00,0.0
2026-09-19T15:10:00.1520797+09:00,0.0
2026-09-19T15:10:00.4171448+09:00,0.0
2026-09-19T15:10:00.6958062+09:00,0.0
2026-09-19T15:10:00.9769346+09:00,0.0
2026-09-19T15:10:01.2577886+09:00,0.0
2026-09-19T15:10:01.5422974+09:00,0.0
2026-09-19T15:10:01.8144869+09:00,0.0
2026-09-19T15:10:02.0965021+09:00,0.0
2026-09-19T15:10:02.3764468+09:00,0.0
2026-09-19T15:10:02.6538043+09:00,0.0
2026-09-19T15:10:02.9371398+09:00,0.0
2026-09-19T15:10:03.2188750+09:00,0.0
2026-09-19T15:10:03.4993215+09:00,0.0
2026-09-19T15:10:03.8249334+09:00,0.0
2026-09-19T15:10:04.1512691+09:00,0.0
2026-09-19T15:10:04.4436745+09:00,0.0
2026-09-19T15:10:04.7275614+09:00,0.0
2026-09-19T15:10:05.0006929+09:00,0.0
2026-09-19T15:10:05.2757052+09:00,0.0
2026-09-19T15:10:05.5557752+09:00,0.0
2026-09-19T15:10:05.8346580+09:00,0.0
2026-09-19T15:10:06.1333093+09:00,0.0
2026-09-19T15:10:06.4117566+09:00,0.0
2026-09-19T15:10:06.6975593+09:00,0.0
2026-09-19T15:10:06.9756987+09:00,0.0
2026-09-19T15:10:07.2643055+09:00,0.0
2026-09-19T15:10:07.5439909+09:00,0.0
2026-09-19T15:10:07.8222730+09:00,0.0
2026-09-19T15:10:08.0697023+09:00,0.0
2026-09-19T15:10:08.3516051+09:00,0.0
2026-09-19T15:10:08.6158351+09:00,0.0
2026-09-19T15:10:08.8935046+09:00,0.0
2026-09-19T15:10:09.1713374+09:00,0.0
2026-09-19T15:10:09.4374978+09:00,0.0
2026-09-19T15:10:09.7335529+09:00,0.0
2026-09-19T15:10:10.0606127+09:00,0.0
2026-09-19T15:10:10.3438426+09:00,0.0
2026-09-19T15:10:10.6197399+09:00,0.0
2026-09-19T15:10:10.9068787+09:00,0.0
2026-09-19T15:10:11.1850454+09:00,0.0
2026-09-19T15:10:11.4753899+09:00,0.0
2026-09-19T15:10:11.7546085+09:00,0.0
2026-09-19T15:10:12.0355105+09:00,0.0
2026-09-19T15:10:12.3093254+09:00,0.0
2026-09-19T15:10:12.5515636+09:00,0.0
2026-09-19T15:10:12.8562328+09:00,0.0
2026-09-19T15:10:13.1509850+09:00,0.0
2026-09-19T15:10:13.4334482+09:00,0.0
2026-09-19T15:10:13.6972047+09:00,0.0
2026-09-19T15:10:13.9780296+09:00,0.0
2026-09-19T15:10:14.2696649+09:00,0.0
2026-09-19T15:10:14.5649707+09:00,0.0
2026-09-19T15:10:14.8359069+09:00,0.0
2026-09-19T15:10:15.1202719+09:00,0.0
2026-09-19T15:10:15.4480859+09:00,0.0
2026-09-19T15:10:15.7336038+09:00,0.0
2026-09-19T15:10:16.0204478+09:00,0.0
2026-09-19T15:10:16.3133098+09:00,0.0
2026-09-19T15:10:16.5857079+09:00,0.0
2026-09-19T15:10:16.8513334+09:00,0.0
2026-09-19T15:10:17.1270831+09:00,0.0
2026-09-19T15:10:17.4165473+09:00,0.0
2026-09-19T15:10:17.6965048+09:00,0.0
2026-09-19T15:10:18.0163301+09:00,0.0
2026-09-19T15:10:18.3429035+09:00,0.0
2026-09-19T15:10:18.6159790+09:00,0.0
2026-09-19T15:10:18.9018837+09:00,0.0
2026-09-19T15:10:19.1774813+09:00,0.0
2026-09-19T15:10:19.4872063+09:00,0.0
2026-09-19T15:10:19.7690224+09:00,0.0
2026-09-19T15:10:20.0469619+09:00,0.0
2026-09-19T15:10:20.3743514+09:00,0.0
2026-09-19T15:10:20.6426436+09:00,0.0
2026-09-19T15:10:20.9246384+09:00,0.0
2026-09-19T15:10:21.2182509+09:00,0.0
2026-09-19T15:10:21.5294343+09:00,0.0
2026-09-19T15:10:21.8109327+09:00,0.0
2026-09-19T15:10:22.0923535+09:00,0.0
2026-09-19T15:10:22.3725159+09:00,0.0
2026-09-19T15:10:22.6561143+09:00,0.0
2026-09-19T15:10:22.9196826+09:00,0.0
2026-09-19T15:10:23.2064432+09:00,0.0
2026-09-19T15:10:23.4870923+09:00,0.0
2026-09-19T15:10:23.7594836+09:00,0.0
2026-09-19T15:10:24.1226242+09:00,0.0
2026-09-19T15:10:24.4409040+09:00,0.0
2026-09-19T15:10:24.7270262+09:00,0.0
2026-09-19T15:10:25.0361978+09:00,0.0
2026-09-19T15:10:25.3271224+09:00,0.0
2026-09-19T15:10:25.6073977+09:00,0.0
2026-09-19T15:10:25.8893655+09:00,0.0
2026-09-19T15:10:26.1932629+09:00,0.0
2026-09-19T15:10:26.4574285+09:00,0.0
2026-09-19T15:10:26.7361673+09:00,0.0
2026-09-19T15:10:27.0486176+09:00,0.0
2026-09-19T15:10:27.3324681+09:00,0.0
2026-09-19T15:10:27.6028671+09:00,0.0
2026-09-19T15:10:27.9291171+09:00,0.0
2026-09-19T15:10:28.2475791+09:00,0.0
2026-09-19T15:10:28.5793462+09:00,0.0
2026-09-19T15:10:28.8776182+09:00,0.0
2026-09-19T15:10:29.1540624+09:00,0.0
2026-09-19T15:10:29.4423615+09:00,0.0
2026-09-19T15:10:29.7370403+09:00,0.0
2026-09-19T15:10:30.0474936+09:00,0.0
2026-09-19T15:10:30.3223766+09:00,0.0
2026-09-19T15:10:30.6032158+09:00,0.0
2026-09-19T15:10:30.8715587+09:00,0.0
2026-09-19T15:10:31.2078958+09:00,0.0
2026-09-19T15:10:31.5574621+09:00,0.0
2026-09-19T15:10:31.8376973+09:00,0.0
2026-09-19T15:10:32.1095528+09:00,0.0
2026-09-19T15:10:32.4220879+09:00,0.0
2026-09-19T15:10:32.7181566+09:00,0.0
2026-09-19T15:10:33.0046553+09:00,0.0
2026-09-19T15:10:33.2896421+09:00,0.0
2026-09-19T15:10:33.5746426+09:00,0.0
2026-09-19T15:10:33.8453333+09:00,0.0
2026-09-19T15:10:34.0869710+09:00,0.0
2026-09-19T15:10:34.3740852+09:00,0.0
2026-09-19T15:10:34.6416077+09:00,0.0
2026-09-19T15:10:34.9548231+09:00,0.0
2026-09-19T15:10:35.2040185+09:00,0.0
2026-09-19T15:10:35.5223732+09:00,0.0
2026-09-19T15:10:35.7745479+09:00,0.0
2026-09-19T15:10:36.0615351+09:00,0.0
2026-09-19T15:10:36.3359016+09:00,0.0
2026-09-19T15:10:36.6309177+09:00,0.0
2026-09-19T15:10:36.9141651+09:00,0.0
2026-09-19T15:10:37.1976096+09:00,0.0
2026-09-19T15:10:37.4927339+09:00,0.0
2026-09-19T15:10:37.7587177+09:00,0.0
2026-09-19T15:10:38.0608612+09:00,0.0
2026-09-19T15:10:38.3793394+09:00,0.0
2026-09-19T15:10:38.6597925+09:00,0.0
2026-09-19T15:10:38.8971370+09:00,0.0
2026-09-19T15:10:39.1774615+09:00,0.0
2026-09-19T15:10:39.4495034+09:00,0.0
2026-09-19T15:10:39.7160189+09:00,0.0
2026-09-19T15:10:40.0281025+09:00,0.0
2026-09-19T15:10:40.3058431+09:00,0.0
2026-09-19T15:10:40.5795899+09:00,0.0
2026-09-19T15:10:40.8203396+09:00,0.0
2026-09-19T15:10:41.1297894+09:00,0.0
2026-09-19T15:10:41.3933820+09:00,0.0
2026-09-19T15:10:41.6784503+09:00,0.0
2026-09-19T15:10:41.9688318+09:00,0.0
2026-09-19T15:10:42.2519729+09:00,0.0
2026-09-19T15:10:42.5813454+09:00,0.0
2026-09-19T15:10:42.8661012+09:00,0.0
2026-09-19T15:10:43.1468893+09:00,0.0
2026-09-19T15:10:43.4330656+09:00,0.0
2026-09-19T15:10:43.7131107+09:00,0.0
2026-09-19T15:10:44.0073284+09:00,0.0
2026-09-19T15:10:44.2847907+09:00,0.0
2026-09-19T15:10:44.5648695+09:00,0.0
2026-09-19T15:10:44.8527628+09:00,0.0
2026-09-19T15:10:45.1425266+09:00,0.0
2026-09-19T15:10:45.4210080+09:00,0.0
2026-09-19T15:10:45.6967502+09:00,0.0
2026-09-19T15:10:45.9832679+09:00,0.0
2026-09-19T15:10:46.2623599+09:00,0.0
2026-09-19T15:10:46.5753819+09:00,0.0
2026-09-19T15:10:46.8613638+09:00,0.0
2026-09-19T15:10:47.1199694+09:00,0.0
2026-09-19T15:10:47.4019742+09:00,0.0
2026-09-19T15:10:47.6785689+09:00,0.0
2026-09-19T15:10:47.9709392+09:00,0.0
2026-09-19T15:10:48.2543825+09:00,0.0
2026-09-19T15:10:48.5321099+09:00,0.0
2026-09-19T15:10:48.8292261+09:00,0.0
2026-09-19T15:10:49.1122015+09:00,0.0
2026-09-19T15:10:49.4055177+09:00,0.0
2026-09-19T15:10:49.6968347+09:00,0.0
2026-09-19T15:10:50.0248983+09:00,0.0
2026-09-19T15:10:50.3379422+09:00,0.0
2026-09-19T15:10:50.6345549+09:00,0.0
2026-09-19T15:10:50.9152051+09:00,0.0
2026-09-19T15:10:51.2065098+09:00,0.0
2026-09-19T15:10:51.4986833+09:00,0.0
2026-09-19T15:10:51.7806070+09:00,0.0
2026-09-19T15:10:52.0733794+09:00,0.0
2026-09-19T15:10:52.3491652+09:00,0.0
2026-09-19T15:10:52.6302163+09:00,0.0
2026-09-19T15:10:52.9101577+09:00,0.0
2026-09-19T15:10:53.1936010+09:00,0.0
2026-09-19T15:10:53.4728255+09:00,0.0
2026-09-19T15:10:53.7496824+09:00,0.0
2026-09-19T15:10:54.0294263+09:00,0.0
2026-09-19T15:10:54.3059139+09:00,0.0
2026-09-19T15:10:54.5854132+09:00,0.0
2026-09-19T15:10:54.8679145+09:00,0.0
2026-09-19T15:10:55.1631970+09:00,0.0
2026-09-19T15:10:55.4450182+09:00,0.0
2026-09-19T15:10:55.7276505+09:00,0.0
2026-09-19T15:10:56.0124406+09:00,0.0
2026-09-19T15:10:56.2947679+09:00,0.0
2026-09-19T15:10:56.5696554+09:00,0.0
2026-09-19T15:10:56.8720353+09:00,0.0
2026-09-19T15:10:57.1772929+09:00,0.0
2026-09-19T15:10:57.4577212+09:00,0.0
2026-09-19T15:10:57.7406602+09:00,0.0
2026-09-19T15:10:58.0209112+09:00,0.0
2026-09-19T15:10:58.3267254+09:00,0.0
2026-09-19T15:10:58.6050721+09:00,0.0
2026-09-19T15:10:58.8818074+09:00,0.0
2026-09-19T15:10:59.1663100+09:00,0.0
2026-09-19T15:10:59.4611606+09:00,0.0
2026-09-19T15:10:59.7293523+09:00,0.0
2026-09-19T15:11:00.0227722+09:00,0.0
2026-09-19T15:11:00.3046145+09:00,0.0
2026-09-19T15:11:00.5792500+09:00,0.0
2026-09-19T15:11:00.8946641+09:00,0.0
2026-09-19T15:11:01.1483356+09:00,0.0
2026-09-19T15:11:01.4127519+09:00,0.0
2026-09-19T15:11:01.7093387+09:00,0.0
2026-09-19T15:11:01.9948374+09:00,0.0
2026-09-19T15:11:02.3113025+09:00,0.0
2026-09-19T15:11:02.6170485+09:00,0.0
2026-09-19T15:11:02.9143254+09:00,0.0
2026-09-19T15:11:03.2576848+09:00,0.0
2026-09-19T15:11:03.5447312+09:00,0.0
2026-09-19T15:11:03.8470268+09:00,0.0
2026-09-19T15:11:04.1460843+09:00,0.0
2026-09-19T15:11:04.4280811+09:00,0.0
2026-09-19T15:11:04.7093176+09:00,0.0
2026-09-19T15:11:05.0220348+09:00,0.0
2026-09-19T15:11:05.3048006+09:00,0.0
2026-09-19T15:11:05.5997624+09:00,0.0
2026-09-19T15:11:05.8799997+09:00,0.0
2026-09-19T15:11:06.1451175+09:00,0.0
2026-09-19T15:11:06.4150117+09:00,0.0
2026-09-19T15:11:06.6921169+09:00,0.0
2026-09-19T15:11:06.9949454+09:00,0.0
2026-09-19T15:11:07.2786843+09:00,0.0
2026-09-19T15:11:07.5547741+09:00,0.0
2026-09-19T15:11:07.8337639+09:00,0.0
2026-09-19T15:11:08.1103388+09:00,0.0
2026-09-19T15:11:08.3910054+09:00,0.0
2026-09-19T15:11:08.6528929+09:00,0.0
2026-09-19T15:11:08.9313030+09:00,0.0
2026-09-19T15:11:09.2163985+09:00,0.0
2026-09-19T15:11:09.4923782+09:00,0.0
2026-09-19T15:11:09.7655207+09:00,0.0
2026-09-19T15:11:10.0596274+09:00,0.0
2026-09-19T15:11:10.3553164+09:00,0.0
2026-09-19T15:11:10.6344788+09:00,0.0
2026-09-19T15:11:10.9108712+09:00,0.0
2026-09-19T15:11:11.1783383+09:00,0.0
2026-09-19T15:11:11.4651213+09:00,0.0
2026-09-19T15:11:11.7448536+09:00,0.0
2026-09-19T15:11:12.0201972+09:00,0.0
2026-09-19T15:11:12.3123634+09:00,0.0
2026-09-19T15:11:12.5991915+09:00,0.0
2026-09-19T15:11:12.8792350+09:00,0.0
2026-09-19T15:11:13.1305869+09:00,0.0
2026-09-19T15:11:13.4393136+09:00,0.0
2026-09-19T15:11:13.7168725+09:00,0.0
2026-09-19T15:11:14.0072374+09:00,0.0
2026-09-19T15:11:14.2791590+09:00,0.0
2026-09-19T15:11:14.5272641+09:00,0.0
2026-09-19T15:11:14.8058061+09:00,0.0
2026-09-19T15:11:15.0789136+09:00,0.0
2026-09-19T15:11:15.3617951+09:00,0.0
2026-09-19T15:11:15.6327068+09:00,0.0
2026-09-19T15:11:15.9294487+09:00,0.0
2026-09-19T15:11:16.2126377+09:00,0.0
2026-09-19T15:11:16.4907288+09:00,0.0
2026-09-19T15:11:16.7721494+09:00,0.0
2026-09-19T15:11:17.0467945+09:00,0.0
2026-09-19T15:11:17.3286299+09:00,0.0
2026-09-19T15:11:17.6064281+09:00,0.0
2026-09-19T15:11:17.8868932+09:00,0.0
2026-09-19T15:11:18.1796155+09:00,0.0
2026-09-19T15:11:18.4596239+09:00,0.0
2026-09-19T15:11:18.7248345+09:00,0.0
2026-09-19T15:11:19.0113784+09:00,0.0
2026-09-19T15:11:19.2878314+09:00,0.0
2026-09-19T15:11:19.5554123+09:00,0.0
2026-09-19T15:11:19.8663936+09:00,0.0
2026-09-19T15:11:20.1774194+09:00,0.0
2026-09-19T15:11:20.4904201+09:00,0.0
2026-09-19T15:11:20.7897601+09:00,0.0
2026-09-19T15:11:21.0525360+09:00,0.0
2026-09-19T15:11:21.3329730+09:00,0.0
2026-09-19T15:11:21.6133528+09:00,0.0
2026-09-19T15:11:21.8947538+09:00,0.0
2026-09-19T15:11:22.1905626+09:00,0.0
2026-09-19T15:11:22.4804100+09:00,0.0
2026-09-19T15:11:22.7783732+09:00,0.0
2026-09-19T15:11:23.0560593+09:00,0.0
2026-09-19T15:11:23.3683981+09:00,0.0
2026-09-19T15:11:23.6626278+09:00,0.0
2026-09-19T15:11:23.9593467+09:00,0.0
2026-09-19T15:11:24.2544221+09:00,0.0
2026-09-19T15:11:24.5551897+09:00,0.0
2026-09-19T15:11:24.8950499+09:00,0.0
2026-09-19T15:11:25.1748462+09:00,0.0
2026-09-19T15:11:25.4736836+09:00,0.0
2026-09-19T15:11:25.7547600+09:00,0.0
2026-09-19T15:11:26.0404589+09:00,0.0
2026-09-19T15:11:26.3227582+09:00,0.0
2026-09-19T15:11:26.6219881+09:00,0.0
2026-09-19T15:11:26.9138056+09:00,0.0
2026-09-19T15:11:27.1801410+09:00,0.0
2026-09-19T15:11:27.4429532+09:00,0.0
2026-09-19T15:11:27.7189548+09:00,0.0
2026-09-19T15:11:27.9900171+09:00,0.0
2026-09-19T15:11:28.2889507+09:00,0.0
2026-09-19T15:11:28.5689200+09:00,0.0
2026-09-19T15:11:28.8824489+09:00,0.0
2026-09-19T15:11:29.2280765+09:00,0.0
2026-09-19T15:11:29.5062406+09:00,0.0
2026-09-19T15:11:29.8055395+09:00,0.0
2026-09-19T15:11:30.0850851+09:00,0.0
2026-09-19T15:11:30.3820711+09:00,0.0
2026-09-19T15:11:30.6613670+09:00,0.0
2026-09-19T15:11:30.9202673+09:00,0.0
2026-09-19T15:11:31.1956424+09:00,0.0
2026-09-19T15:11:31.4745341+09:00,0.0
2026-09-19T15:11:31.7621128+09:00,0.0
2026-09-19T15:11:32.0686923+09:00,0.0
2026-09-19T15:11:32.3347055+09:00,0.0
2026-09-19T15:11:32.6125493+09:00,0.0
2026-09-19T15:11:32.9131191+09:00,0.0
2026-09-19T15:11:33.1871352+09:00,0.0
2026-09-19T15:11:33.4794164+09:00,0.0
2026-09-19T15:11:33.7632083+09:00,0.0
2026-09-19T15:11:34.0713069+09:00,0.0
2026-09-19T15:11:34.3678474+09:00,0.0
2026-09-19T15:11:34.6473078+09:00,0.0
2026-09-19T15:11:34.9190934+09:00,0.0
2026-09-19T15:11:35.1824562+09:00,0.0
2026-09-19T15:11:35.4627810+09:00,0.0
2026-09-19T15:11:35.7431625+09:00,0.0
2026-09-19T15:11:36.0569857+09:00,0.0
2026-09-19T15:11:36.3388157+09:00,0.0
2026-09-19T15:11:36.6082963+09:00,0.0
2026-09-19T15:11:36.8912582+09:00,0.0
2026-09-19T15:11:37.1742699+09:00,0.0
2026-09-19T15:11:37.4698937+09:00,0.0
2026-09-19T15:11:37.7366864+09:00,0.0
2026-09-19T15:11:38.0069872+09:00,0.0
2026-09-19T15:11:38.2761719+09:00,0.0
2026-09-19T15:11:38.5409239+09:00,0.0
2026-09-19T15:11:38.8212383+09:00,0.0
2026-09-19T15:11:39.1186885+09:00,0.0
2026-09-19T15:11:39.3841096+09:00,0.0
2026-09-19T15:11:39.6653267+09:00,0.0
2026-09-19T15:11:39.9799790+09:00,0.0
2026-09-19T15:11:40.2645791+09:00,0.0
2026-09-19T15:11:40.5391853+09:00,0.0
2026-09-19T15:11:40.8064202+09:00,0.0
2026-09-19T15:11:41.1036645+09:00,0.0
2026-09-19T15:11:41.3991555+09:00,0.0
2026-09-19T15:11:41.6916366+09:00,0.0
2026-09-19T15:11:41.9905782+09:00,0.0
2026-09-19T15:11:42.2624753+09:00,0.0
2026-09-19T15:11:42.5258320+09:00,0.0
2026-09-19T15:11:42.8050096+09:00,0.0
2026-09-19T15:11:43.0840974+09:00,0.0
2026-09-19T15:11:43.3489578+09:00,0.0
2026-09-19T15:11:43.6294134+09:00,0.0
2026-09-19T15:11:43.9276409+09:00,0.0
2026-09-19T15:11:44.1958599+09:00,0.0
2026-09-19T15:11:44.4755784+09:00,0.0
2026-09-19T15:11:44.7712915+09:00,0.0
2026-09-19T15:11:45.0807284+09:00,0.0
2026-09-19T15:11:45.3649887+09:00,0.0
2026-09-19T15:11:45.6329562+09:00,0.0
2026-09-19T15:11:45.9264724+09:00,0.0
2026-09-19T15:11:46.2080499+09:00,0.0
2026-09-19T15:11:46.4970731+09:00,0.0
2026-09-19T15:11:46.7785715+09:00,0.0
2026-09-19T15:11:47.0699578+09:00,0.0
2026-09-19T15:11:47.3667041+09:00,0.0
2026-09-19T15:11:47.6437932+09:00,0.0
2026-09-19T15:11:47.9210293+09:00,0.0
2026-09-19T15:11:48.1649980+09:00,0.0
2026-09-19T15:11:48.4617958+09:00,0.0
2026-09-19T15:11:48.7421560+09:00,0.0
2026-09-19T15:11:49.0298426+09:00,0.0
2026-09-19T15:11:49.3112615+09:00,0.0
2026-09-19T15:11:49.6109249+09:00,0.0
2026-09-19T15:11:49.9061300+09:00,0.0
2026-09-19T15:11:50.1539634+09:00,0.0
2026-09-19T15:11:50.4633551+09:00,0.0
2026-09-19T15:11:50.7602130+09:00,0.0
2026-09-19T15:11:51.0409528+09:00,0.0
2026-09-19T15:11:51.3297545+09:00,0.0
2026-09-19T15:11:51.5995806+09:00,0.0
2026-09-19T15:11:51.8792549+09:00,0.0
2026-09-19T15:11:52.1569689+09:00,0.0
2026-09-19T15:11:52.4312170+09:00,0.0
2026-09-19T15:11:52.6953916+09:00,0.0
2026-09-19T15:11:52.9731405+09:00,0.0
2026-09-19T15:11:53.2534082+09:00,0.0
2026-09-19T15:11:53.5334992+09:00,0.0
2026-09-19T15:11:53.7977381+09:00,0.0
2026-09-19T15:11:54.0878462+09:00,0.0
2026-09-19T15:11:54.3828448+09:00,0.0
2026-09-19T15:11:54.6330956+09:00,0.0
2026-09-19T15:11:54.9404518+09:00,0.0
2026-09-19T15:11:55.2424214+09:00,0.0
2026-09-19T15:11:55.5215464+09:00,0.0
2026-09-19T15:11:55.7944332+09:00,0.0
2026-09-19T15:11:56.0905656+09:00,0.0
2026-09-19T15:11:56.3742728+09:00,0.0
2026-09-19T15:11:56.6593228+09:00,0.0
2026-09-19T15:11:56.9478353+09:00,0.0
2026-09-19T15:11:57.2377841+09:00,0.0
2026-09-19T15:11:57.5284705+09:00,0.0
2026-09-19T15:11:57.8099014+09:00,0.0
2026-09-19T15:11:58.0998301+09:00,0.0
2026-09-19T15:11:58.3925674+09:00,0.0
2026-09-19T15:11:58.6897285+09:00,0.0
2026-09-19T15:11:58.9920293+09:00,0.0
2026-09-19T15:11:59.2707821+09:00,0.0
2026-09-19T15:11:59.6011038+09:00,0.0
2026-09-19T15:11:59.8769986+09:00,0.0
2026-09-19T15:12:00.2287053+09:00,0.0
2026-09-19T15:12:00.5081134+09:00,0.0
2026-09-19T15:12:00.8203731+09:00,0.0
2026-09-19T15:12:01.1152837+09:00,0.0
2026-09-19T15:12:01.4186106+09:00,0.0
2026-09-19T15:12:01.6844942+09:00,0.0
2026-09-19T15:12:01.9963651+09:00,0.0
2026-09-19T15:12:02.2599172+09:00,0.0
2026-09-19T15:12:02.5383954+09:00,0.0
2026-09-19T15:12:02.8166378+09:00,0.0
2026-09-19T15:12:03.0958926+09:00,0.0
2026-09-19T15:12:03.3649497+09:00,0.0
2026-09-19T15:12:03.6594520+09:00,0.0
2026-09-19T15:12:03.9252385+09:00,0.0
2026-09-19T15:12:04.2064872+09:00,0.0
2026-09-19T15:12:04.4837937+09:00,0.0
2026-09-19T15:12:04.7765337+09:00,0.0
2026-09-19T15:12:05.0757239+09:00,0.0
2026-09-19T15:12:05.3631652+09:00,0.0
2026-09-19T15:12:05.6633426+09:00,0.0
2026-09-19T15:12:05.9639651+09:00,0.0
2026-09-19T15:12:06.2468253+09:00,0.0
2026-09-19T15:12:06.5368815+09:00,0.0
2026-09-19T15:12:06.8255191+09:00,0.0
2026-09-19T15:12:07.1001633+09:00,0.0
2026-09-19T15:12:07.3727347+09:00,0.0
2026-09-19T15:12:07.6877761+09:00,0.0
2026-09-19T15:12:07.9716107+09:00,0.0
2026-09-19T15:12:08.2513699+09:00,0.0
2026-09-19T15:12:08.5465057+09:00,0.0
2026-09-19T15:12:08.8275156+09:00,0.0
2026-09-19T15:12:09.1329569+09:00,0.0
2026-09-19T15:12:09.4059568+09:00,0.0
2026-09-19T15:12:09.7042608+09:00,0.0
2026-09-19T15:12:09.9989121+09:00,0.0
2026-09-19T15:12:10.2719103+09:00,0.0
2026-09-19T15:12:10.5458600+09:00,0.0
2026-09-19T15:12:10.8236497+09:00,0.0
2026-09-19T15:12:11.1032285+09:00,0.0
2026-09-19T15:12:11.3522409+09:00,0.0
2026-09-19T15:12:11.6358539+09:00,0.0
2026-09-19T15:12:11.8922840+09:00,0.0
2026-09-19T15:12:12.1854402+09:00,0.0
2026-09-19T15:12:12.4681310+09:00,0.0
2026-09-19T15:12:12.7708493+09:00,0.0
2026-09-19T15:12:13.0514005+09:00,0.0
2026-09-19T15:12:13.3296762+09:00,0.0
2026-09-19T15:12:13.6121668+09:00,0.0
2026-09-19T15:12:13.9015481+09:00,0.0
2026-09-19T15:12:14.1956039+09:00,0.0
2026-09-19T15:12:14.5232867+09:00,0.0
2026-09-19T15:12:14.8636075+09:00,0.0
2026-09-19T15:12:15.1922608+09:00,0.0
2026-09-19T15:12:15.4642683+09:00,0.0
2026-09-19T15:12:15.7481426+09:00,0.0
2026-09-19T15:12:16.0558320+09:00,0.0
2026-09-19T15:12:16.3345202+09:00,0.0
2026-09-19T15:12:16.6164782+09:00,0.0
2026-09-19T15:12:16.9012556+09:00,0.0
2026-09-19T15:12:17.1826090+09:00,0.0
2026-09-19T15:12:17.4681382+09:00,0.0
2026-09-19T15:12:17.7636859+09:00,0.0
2026-09-19T15:12:18.0409577+09:00,0.0
2026-09-19T15:12:18.3182727+09:00,0.0
2026-09-19T15:12:18.6142693+09:00,0.0
2026-09-19T15:12:18.8952931+09:00,0.0
2026-09-19T15:12:19.1675277+09:00,0.0
2026-09-19T15:12:19.4550805+09:00,0.0
2026-09-19T15:12:19.7207990+09:00,0.0
2026-09-19T15:12:20.0002675+09:00,0.0
2026-09-19T15:12:20.2686031+09:00,0.0
2026-09-19T15:12:20.5510151+09:00,0.0
2026-09-19T15:12:20.8264527+09:00,0.0
2026-09-19T15:12:21.1040544+09:00,0.0
2026-09-19T15:12:21.3846173+09:00,0.0
2026-09-19T15:12:21.6554475+09:00,0.0
2026-09-19T15:12:21.9402354+09:00,0.0
2026-09-19T15:12:22.2237776+09:00,0.0
2026-09-19T15:12:22.5162892+09:00,0.0
2026-09-19T15:12:22.8007156+09:00,0.0
2026-09-19T15:12:23.1076205+09:00,0.0
2026-09-19T15:12:23.3872011+09:00,0.0
2026-09-19T15:12:23.6577158+09:00,0.0
2026-09-19T15:12:23.9407648+09:00,0.0
2026-09-19T15:12:24.2268193+09:00,0.0
2026-09-19T15:12:24.5088974+09:00,0.0
2026-09-19T15:12:24.8077416+09:00,0.0
2026-09-19T15:12:25.1246818+09:00,0.0
2026-09-19T15:12:25.3879120+09:00,0.0
2026-09-19T15:12:25.7122337+09:00,0.0
2026-09-19T15:12:25.9913501+09:00,0.0
2026-09-19T15:12:26.2733970+09:00,0.0
2026-09-19T15:12:26.5672392+09:00,0.0
2026-09-19T15:12:26.8567571+09:00,0.0
2026-09-19T15:12:27.1598495+09:00,0.0
2026-09-19T15:12:27.4832965+09:00,0.0
2026-09-19T15:12:27.7966013+09:00,0.0
2026-09-19T15:12:28.1107551+09:00,0.0
2026-09-19T15:12:28.4420431+09:00,0.0
2026-09-19T15:12:28.7237977+09:00,0.0
2026-09-19T15:12:29.0019888+09:00,0.0
2026-09-19T15:12:29.2854283+09:00,0.0
2026-09-19T15:12:29.5708795+09:00,0.0
2026-09-19T15:12:29.8660955+09:00,0.0
2026-09-19T15:12:30.1577814+09:00,0.0
2026-09-19T15:12:30.4394165+09:00,0.0
2026-09-19T15:12:30.7082286+09:00,0.0
2026-09-19T15:12:30.9886101+09:00,0.0
2026-09-19T15:12:31.2698067+09:00,0.0
2026-09-19T15:12:31.5199975+09:00,0.0
2026-09-19T15:12:31.8312703+09:00,0.0
2026-09-19T15:12:32.1115390+09:00,0.0
2026-09-19T15:12:32.4115118+09:00,0.0
2026-09-19T15:12:32.6886428+09:00,0.0
2026-09-19T15:12:32.9643931+09:00,0.0
2026-09-19T15:12:33.2602158+09:00,0.0
2026-09-19T15:12:33.5783772+09:00,0.0
2026-09-19T15:12:33.8736283+09:00,0.0
2026-09-19T15:12:34.1704357+09:00,0.0
2026-09-19T15:12:34.4588323+09:00,0.0
2026-09-19T15:12:34.7296547+09:00,0.0
2026-09-19T15:12:35.0396647+09:00,0.0
2026-09-19T15:12:35.3228945+09:00,0.0
2026-09-19T15:12:35.5871576+09:00,0.0
2026-09-19T15:12:35.8791453+09:00,0.0
2026-09-19T15:12:36.1545917+09:00,0.0
2026-09-19T15:12:36.4382304+09:00,0.0
2026-09-19T15:12:36.7268728+09:00,0.0
2026-09-19T15:12:36.9987382+09:00,0.0
2026-09-19T15:12:37.2510653+09:00,0.0
2026-09-19T15:12:37.5001487+09:00,0.0
2026-09-19T15:12:37.7738256+09:00,0.0
2026-09-19T15:12:38.0722938+09:00,0.0
2026-09-19T15:12:38.3516903+09:00,0.0
2026-09-19T15:12:38.6472739+09:00,0.0
